ISO-10303-21;
HEADER;
FILE_DESCRIPTION(('Open CASCADE Model'),'2;1');
FILE_NAME('Open CASCADE Shape Model','2026-06-03T18:55:14',('Author'),(
    'Open CASCADE'),'Open CASCADE STEP processor 7.7','Open CASCADE 7.7'
  ,'Unknown');
FILE_SCHEMA(('AUTOMOTIVE_DESIGN { 1 0 10303 214 1 1 1 1 }'));
ENDSEC;
DATA;
#1 = APPLICATION_PROTOCOL_DEFINITION('international standard',
  'automotive_design',2000,#2);
#2 = APPLICATION_CONTEXT(
  'core data for automotive mechanical design processes');
#3 = SHAPE_DEFINITION_REPRESENTATION(#4,#10);
#4 = PRODUCT_DEFINITION_SHAPE('','',#5);
#5 = PRODUCT_DEFINITION('design','',#6,#9);
#6 = PRODUCT_DEFINITION_FORMATION('','',#7);
#7 = PRODUCT('satel_vl53l8_full_carrier_assembly',
  'satel_vl53l8_full_carrier_assembly','',(#8));
#8 = PRODUCT_CONTEXT('',#2,'mechanical');
#9 = PRODUCT_DEFINITION_CONTEXT('part definition',#2,'design');
#10 = SHAPE_REPRESENTATION('',(#11,#15),#19);
#11 = AXIS2_PLACEMENT_3D('',#12,#13,#14);
#12 = CARTESIAN_POINT('',(0.,0.,0.));
#13 = DIRECTION('',(0.,0.,1.));
#14 = DIRECTION('',(1.,0.,-0.));
#15 = AXIS2_PLACEMENT_3D('',#16,#17,#18);
#16 = CARTESIAN_POINT('',(0.,0.,0.));
#17 = DIRECTION('',(0.,0.,1.));
#18 = DIRECTION('',(1.,0.,0.));
#19 = ( GEOMETRIC_REPRESENTATION_CONTEXT(3)
GLOBAL_UNCERTAINTY_ASSIGNED_CONTEXT((#23)) GLOBAL_UNIT_ASSIGNED_CONTEXT(
(#20,#21,#22)) REPRESENTATION_CONTEXT('Context #1',
  '3D Context with UNIT and UNCERTAINTY') );
#20 = ( LENGTH_UNIT() NAMED_UNIT(*) SI_UNIT(.MILLI.,.METRE.) );
#21 = ( NAMED_UNIT(*) PLANE_ANGLE_UNIT() SI_UNIT($,.RADIAN.) );
#22 = ( NAMED_UNIT(*) SI_UNIT($,.STERADIAN.) SOLID_ANGLE_UNIT() );
#23 = UNCERTAINTY_MEASURE_WITH_UNIT(LENGTH_MEASURE(1.E-07),#20,
  'distance_accuracy_value','confusion accuracy');
#24 = PRODUCT_RELATED_PRODUCT_CATEGORY('part',$,(#7));
#25 = SHAPE_DEFINITION_REPRESENTATION(#26,#32);
#26 = PRODUCT_DEFINITION_SHAPE('','',#27);
#27 = PRODUCT_DEFINITION('design','',#28,#31);
#28 = PRODUCT_DEFINITION_FORMATION('','',#29);
#29 = PRODUCT('satel_vl53l8_full_carrier_assembly',
  'satel_vl53l8_full_carrier_assembly','',(#30));
#30 = PRODUCT_CONTEXT('',#2,'mechanical');
#31 = PRODUCT_DEFINITION_CONTEXT('part definition',#2,'design');
#32 = SHAPE_REPRESENTATION('',(#11,#33,#37,#41),#45);
#33 = AXIS2_PLACEMENT_3D('',#34,#35,#36);
#34 = CARTESIAN_POINT('',(0.,0.,0.));
#35 = DIRECTION('',(0.,0.,1.));
#36 = DIRECTION('',(1.,0.,0.));
#37 = AXIS2_PLACEMENT_3D('',#38,#39,#40);
#38 = CARTESIAN_POINT('',(0.,0.,13.2));
#39 = DIRECTION('',(0.,0.,1.));
#40 = DIRECTION('',(1.,0.,-0.));
#41 = AXIS2_PLACEMENT_3D('',#42,#43,#44);
#42 = CARTESIAN_POINT('',(0.,0.,0.));
#43 = DIRECTION('',(0.,0.,1.));
#44 = DIRECTION('',(1.,0.,-0.));
#45 = ( GEOMETRIC_REPRESENTATION_CONTEXT(3)
GLOBAL_UNCERTAINTY_ASSIGNED_CONTEXT((#49)) GLOBAL_UNIT_ASSIGNED_CONTEXT(
(#46,#47,#48)) REPRESENTATION_CONTEXT('Context #1',
  '3D Context with UNIT and UNCERTAINTY') );
#46 = ( LENGTH_UNIT() NAMED_UNIT(*) SI_UNIT(.MILLI.,.METRE.) );
#47 = ( NAMED_UNIT(*) PLANE_ANGLE_UNIT() SI_UNIT($,.RADIAN.) );
#48 = ( NAMED_UNIT(*) SI_UNIT($,.STERADIAN.) SOLID_ANGLE_UNIT() );
#49 = UNCERTAINTY_MEASURE_WITH_UNIT(LENGTH_MEASURE(1.E-07),#46,
  'distance_accuracy_value','confusion accuracy');
#50 = CONTEXT_DEPENDENT_SHAPE_REPRESENTATION(#51,#53);
#51 = ( REPRESENTATION_RELATIONSHIP('','',#32,#10)
REPRESENTATION_RELATIONSHIP_WITH_TRANSFORMATION(#52)
SHAPE_REPRESENTATION_RELATIONSHIP() );
#52 = ITEM_DEFINED_TRANSFORMATION('','',#11,#15);
#53 = PRODUCT_DEFINITION_SHAPE('Placement','Placement of an item',#54);
#54 = NEXT_ASSEMBLY_USAGE_OCCURRENCE('9',
  'satel_vl53l8_full_carrier_assembly','',#5,#27,$);
#55 = PRODUCT_RELATED_PRODUCT_CATEGORY('part',$,(#29));
#56 = SHAPE_DEFINITION_REPRESENTATION(#57,#63);
#57 = PRODUCT_DEFINITION_SHAPE('','',#58);
#58 = PRODUCT_DEFINITION('design','',#59,#62);
#59 = PRODUCT_DEFINITION_FORMATION('','',#60);
#60 = PRODUCT('bottom_mount_base','bottom_mount_base','',(#61));
#61 = PRODUCT_CONTEXT('',#2,'mechanical');
#62 = PRODUCT_DEFINITION_CONTEXT('part definition',#2,'design');
#63 = SHAPE_REPRESENTATION('',(#11,#64),#68);
#64 = AXIS2_PLACEMENT_3D('',#65,#66,#67);
#65 = CARTESIAN_POINT('',(0.,0.,0.));
#66 = DIRECTION('',(0.,0.,1.));
#67 = DIRECTION('',(1.,0.,-0.));
#68 = ( GEOMETRIC_REPRESENTATION_CONTEXT(3)
GLOBAL_UNCERTAINTY_ASSIGNED_CONTEXT((#72)) GLOBAL_UNIT_ASSIGNED_CONTEXT(
(#69,#70,#71)) REPRESENTATION_CONTEXT('Context #1',
  '3D Context with UNIT and UNCERTAINTY') );
#69 = ( LENGTH_UNIT() NAMED_UNIT(*) SI_UNIT(.MILLI.,.METRE.) );
#70 = ( NAMED_UNIT(*) PLANE_ANGLE_UNIT() SI_UNIT($,.RADIAN.) );
#71 = ( NAMED_UNIT(*) SI_UNIT($,.STERADIAN.) SOLID_ANGLE_UNIT() );
#72 = UNCERTAINTY_MEASURE_WITH_UNIT(LENGTH_MEASURE(1.E-07),#69,
  'distance_accuracy_value','confusion accuracy');
#73 = CONTEXT_DEPENDENT_SHAPE_REPRESENTATION(#74,#76);
#74 = ( REPRESENTATION_RELATIONSHIP('','',#63,#32)
REPRESENTATION_RELATIONSHIP_WITH_TRANSFORMATION(#75)
SHAPE_REPRESENTATION_RELATIONSHIP() );
#75 = ITEM_DEFINED_TRANSFORMATION('','',#11,#33);
#76 = PRODUCT_DEFINITION_SHAPE('Placement','Placement of an item',#77);
#77 = NEXT_ASSEMBLY_USAGE_OCCURRENCE('4','','',#27,#58,$);
#78 = PRODUCT_RELATED_PRODUCT_CATEGORY('part',$,(#60));
#79 = SHAPE_DEFINITION_REPRESENTATION(#80,#86);
#80 = PRODUCT_DEFINITION_SHAPE('','',#81);
#81 = PRODUCT_DEFINITION('design','',#82,#85);
#82 = PRODUCT_DEFINITION_FORMATION('','',#83);
#83 = PRODUCT('bottom_mount_base_part','bottom_mount_base_part','',(#84)
  );
#84 = PRODUCT_CONTEXT('',#2,'mechanical');
#85 = PRODUCT_DEFINITION_CONTEXT('part definition',#2,'design');
#86 = SHAPE_REPRESENTATION('',(#11,#87,#5846),#6176);
#87 = MANIFOLD_SOLID_BREP('',#88);
#88 = CLOSED_SHELL('',(#89,#209,#1151,#1205,#1255,#1941,#1966,#1993,
    #2018,#2045,#2072,#2099,#2126,#2153,#2180,#2207,#2234,#2261,#2288,
    #2313,#2340,#2367,#2392,#2419,#2446,#2579,#2586,#2645,#2704,#2778,
    #2825,#2872,#2897,#2966,#3013,#3060,#3085,#3135,#3313,#3469,#3625,
    #3652,#3702,#3778,#3827,#3876,#3903,#3910,#3917,#4611,#4660,#4709,
    #4736,#4785,#4834,#4861,#4910,#4959,#4986,#4993,#5000,#5007,#5014,
    #5090,#5139,#5188,#5215,#5291,#5340,#5389,#5416,#5492,#5541,#5590,
    #5617,#5693,#5742,#5791,#5818,#5825,#5832,#5839));
#89 = ADVANCED_FACE('',(#90),#104,.F.);
#90 = FACE_BOUND('',#91,.F.);
#91 = EDGE_LOOP('',(#92,#127,#155,#183));
#92 = ORIENTED_EDGE('',*,*,#93,.F.);
#93 = EDGE_CURVE('',#94,#96,#98,.T.);
#94 = VERTEX_POINT('',#95);
#95 = CARTESIAN_POINT('',(-15.45,-35.7,0.));
#96 = VERTEX_POINT('',#97);
#97 = CARTESIAN_POINT('',(15.45,-35.7,0.));
#98 = SURFACE_CURVE('',#99,(#103,#115),.PCURVE_S1.);
#99 = LINE('',#100,#101);
#100 = CARTESIAN_POINT('',(-17.95,-35.7,0.));
#101 = VECTOR('',#102,1.);
#102 = DIRECTION('',(1.,0.,0.));
#103 = PCURVE('',#104,#109);
#104 = PLANE('',#105);
#105 = AXIS2_PLACEMENT_3D('',#106,#107,#108);
#106 = CARTESIAN_POINT('',(-17.95,-35.7,0.));
#107 = DIRECTION('',(0.,1.,0.));
#108 = DIRECTION('',(1.,0.,0.));
#109 = DEFINITIONAL_REPRESENTATION('',(#110),#114);
#110 = LINE('',#111,#112);
#111 = CARTESIAN_POINT('',(0.,0.));
#112 = VECTOR('',#113,1.);
#113 = DIRECTION('',(1.,0.));
#114 = ( GEOMETRIC_REPRESENTATION_CONTEXT(2)
PARAMETRIC_REPRESENTATION_CONTEXT() REPRESENTATION_CONTEXT('2D SPACE',''
  ) );
#115 = PCURVE('',#116,#121);
#116 = PLANE('',#117);
#117 = AXIS2_PLACEMENT_3D('',#118,#119,#120);
#118 = CARTESIAN_POINT('',(1.059523184731E-15,-1.059523184731E-15,0.));
#119 = DIRECTION('',(0.,0.,1.));
#120 = DIRECTION('',(1.,0.,-0.));
#121 = DEFINITIONAL_REPRESENTATION('',(#122),#126);
#122 = LINE('',#123,#124);
#123 = CARTESIAN_POINT('',(-17.95,-35.7));
#124 = VECTOR('',#125,1.);
#125 = DIRECTION('',(1.,0.));
#126 = ( GEOMETRIC_REPRESENTATION_CONTEXT(2)
PARAMETRIC_REPRESENTATION_CONTEXT() REPRESENTATION_CONTEXT('2D SPACE',''
  ) );
#127 = ORIENTED_EDGE('',*,*,#128,.T.);
#128 = EDGE_CURVE('',#94,#129,#131,.T.);
#129 = VERTEX_POINT('',#130);
#130 = CARTESIAN_POINT('',(-15.45,-35.7,11.2));
#131 = SURFACE_CURVE('',#132,(#136,#143),.PCURVE_S1.);
#132 = LINE('',#133,#134);
#133 = CARTESIAN_POINT('',(-15.45,-35.7,0.));
#134 = VECTOR('',#135,1.);
#135 = DIRECTION('',(0.,0.,1.));
#136 = PCURVE('',#104,#137);
#137 = DEFINITIONAL_REPRESENTATION('',(#138),#142);
#138 = LINE('',#139,#140);
#139 = CARTESIAN_POINT('',(2.5,0.));
#140 = VECTOR('',#141,1.);
#141 = DIRECTION('',(0.,-1.));
#142 = ( GEOMETRIC_REPRESENTATION_CONTEXT(2)
PARAMETRIC_REPRESENTATION_CONTEXT() REPRESENTATION_CONTEXT('2D SPACE',''
  ) );
#143 = PCURVE('',#144,#149);
#144 = CYLINDRICAL_SURFACE('',#145,2.5);
#145 = AXIS2_PLACEMENT_3D('',#146,#147,#148);
#146 = CARTESIAN_POINT('',(-15.45,-33.2,0.));
#147 = DIRECTION('',(0.,0.,1.));
#148 = DIRECTION('',(0.,-1.,0.));
#149 = DEFINITIONAL_REPRESENTATION('',(#150),#154);
#150 = LINE('',#151,#152);
#151 = CARTESIAN_POINT('',(-0.,0.));
#152 = VECTOR('',#153,1.);
#153 = DIRECTION('',(-0.,1.));
#154 = ( GEOMETRIC_REPRESENTATION_CONTEXT(2)
PARAMETRIC_REPRESENTATION_CONTEXT() REPRESENTATION_CONTEXT('2D SPACE',''
  ) );
#155 = ORIENTED_EDGE('',*,*,#156,.T.);
#156 = EDGE_CURVE('',#129,#157,#159,.T.);
#157 = VERTEX_POINT('',#158);
#158 = CARTESIAN_POINT('',(15.45,-35.7,11.2));
#159 = SURFACE_CURVE('',#160,(#164,#171),.PCURVE_S1.);
#160 = LINE('',#161,#162);
#161 = CARTESIAN_POINT('',(-17.95,-35.7,11.2));
#162 = VECTOR('',#163,1.);
#163 = DIRECTION('',(1.,0.,0.));
#164 = PCURVE('',#104,#165);
#165 = DEFINITIONAL_REPRESENTATION('',(#166),#170);
#166 = LINE('',#167,#168);
#167 = CARTESIAN_POINT('',(0.,-11.2));
#168 = VECTOR('',#169,1.);
#169 = DIRECTION('',(1.,0.));
#170 = ( GEOMETRIC_REPRESENTATION_CONTEXT(2)
PARAMETRIC_REPRESENTATION_CONTEXT() REPRESENTATION_CONTEXT('2D SPACE',''
  ) );
#171 = PCURVE('',#172,#177);
#172 = PLANE('',#173);
#173 = AXIS2_PLACEMENT_3D('',#174,#175,#176);
#174 = CARTESIAN_POINT('',(1.059523184731E-15,-1.059523184731E-15,11.2)
  );
#175 = DIRECTION('',(0.,0.,1.));
#176 = DIRECTION('',(1.,0.,-0.));
#177 = DEFINITIONAL_REPRESENTATION('',(#178),#182);
#178 = LINE('',#179,#180);
#179 = CARTESIAN_POINT('',(-17.95,-35.7));
#180 = VECTOR('',#181,1.);
#181 = DIRECTION('',(1.,0.));
#182 = ( GEOMETRIC_REPRESENTATION_CONTEXT(2)
PARAMETRIC_REPRESENTATION_CONTEXT() REPRESENTATION_CONTEXT('2D SPACE',''
  ) );
#183 = ORIENTED_EDGE('',*,*,#184,.F.);
#184 = EDGE_CURVE('',#96,#157,#185,.T.);
#185 = SURFACE_CURVE('',#186,(#190,#197),.PCURVE_S1.);
#186 = LINE('',#187,#188);
#187 = CARTESIAN_POINT('',(15.45,-35.7,0.));
#188 = VECTOR('',#189,1.);
#189 = DIRECTION('',(0.,0.,1.));
#190 = PCURVE('',#104,#191);
#191 = DEFINITIONAL_REPRESENTATION('',(#192),#196);
#192 = LINE('',#193,#194);
#193 = CARTESIAN_POINT('',(33.4,0.));
#194 = VECTOR('',#195,1.);
#195 = DIRECTION('',(0.,-1.));
#196 = ( GEOMETRIC_REPRESENTATION_CONTEXT(2)
PARAMETRIC_REPRESENTATION_CONTEXT() REPRESENTATION_CONTEXT('2D SPACE',''
  ) );
#197 = PCURVE('',#198,#203);
#198 = CYLINDRICAL_SURFACE('',#199,2.5);
#199 = AXIS2_PLACEMENT_3D('',#200,#201,#202);
#200 = CARTESIAN_POINT('',(15.45,-33.2,0.));
#201 = DIRECTION('',(0.,0.,1.));
#202 = DIRECTION('',(0.,-1.,0.));
#203 = DEFINITIONAL_REPRESENTATION('',(#204),#208);
#204 = LINE('',#205,#206);
#205 = CARTESIAN_POINT('',(0.,0.));
#206 = VECTOR('',#207,1.);
#207 = DIRECTION('',(0.,1.));
#208 = ( GEOMETRIC_REPRESENTATION_CONTEXT(2)
PARAMETRIC_REPRESENTATION_CONTEXT() REPRESENTATION_CONTEXT('2D SPACE',''
  ) );
#209 = ADVANCED_FACE('',(#210,#869,#904,#939,#1045),#116,.F.);
#210 = FACE_BOUND('',#211,.F.);
#211 = EDGE_LOOP('',(#212,#240,#241,#265,#293,#326,#354,#383,#411,#440,
    #468,#497,#525,#554,#582,#611,#639,#668,#696,#725,#753,#786,#814,
    #843));
#212 = ORIENTED_EDGE('',*,*,#213,.F.);
#213 = EDGE_CURVE('',#94,#214,#216,.T.);
#214 = VERTEX_POINT('',#215);
#215 = CARTESIAN_POINT('',(-17.95,-33.2,0.));
#216 = SURFACE_CURVE('',#217,(#222,#233),.PCURVE_S1.);
#217 = CIRCLE('',#218,2.5);
#218 = AXIS2_PLACEMENT_3D('',#219,#220,#221);
#219 = CARTESIAN_POINT('',(-15.45,-33.2,0.));
#220 = DIRECTION('',(-0.,-0.,-1.));
#221 = DIRECTION('',(0.,-1.,0.));
#222 = PCURVE('',#116,#223);
#223 = DEFINITIONAL_REPRESENTATION('',(#224),#232);
#224 = ( BOUNDED_CURVE() B_SPLINE_CURVE(2,(#225,#226,#227,#228,#229,#230
,#231),.UNSPECIFIED.,.T.,.F.) B_SPLINE_CURVE_WITH_KNOTS((1,2,2,2,2,1),(
    -2.094395102393,0.,2.094395102393,4.188790204786,6.28318530718,
8.377580409573),.UNSPECIFIED.) CURVE() GEOMETRIC_REPRESENTATION_ITEM()
RATIONAL_B_SPLINE_CURVE((1.,0.5,1.,0.5,1.,0.5,1.)) REPRESENTATION_ITEM(
  '') );
#225 = CARTESIAN_POINT('',(-15.45,-35.7));
#226 = CARTESIAN_POINT('',(-19.78012701892,-35.7));
#227 = CARTESIAN_POINT('',(-17.61506350946,-31.95));
#228 = CARTESIAN_POINT('',(-15.45,-28.2));
#229 = CARTESIAN_POINT('',(-13.28493649053,-31.95));
#230 = CARTESIAN_POINT('',(-11.11987298107,-35.7));
#231 = CARTESIAN_POINT('',(-15.45,-35.7));
#232 = ( GEOMETRIC_REPRESENTATION_CONTEXT(2)
PARAMETRIC_REPRESENTATION_CONTEXT() REPRESENTATION_CONTEXT('2D SPACE',''
  ) );
#233 = PCURVE('',#144,#234);
#234 = DEFINITIONAL_REPRESENTATION('',(#235),#239);
#235 = LINE('',#236,#237);
#236 = CARTESIAN_POINT('',(-0.,0.));
#237 = VECTOR('',#238,1.);
#238 = DIRECTION('',(-1.,0.));
#239 = ( GEOMETRIC_REPRESENTATION_CONTEXT(2)
PARAMETRIC_REPRESENTATION_CONTEXT() REPRESENTATION_CONTEXT('2D SPACE',''
  ) );
#240 = ORIENTED_EDGE('',*,*,#93,.T.);
#241 = ORIENTED_EDGE('',*,*,#242,.T.);
#242 = EDGE_CURVE('',#96,#243,#245,.T.);
#243 = VERTEX_POINT('',#244);
#244 = CARTESIAN_POINT('',(17.95,-33.2,0.));
#245 = SURFACE_CURVE('',#246,(#251,#258),.PCURVE_S1.);
#246 = CIRCLE('',#247,2.5);
#247 = AXIS2_PLACEMENT_3D('',#248,#249,#250);
#248 = CARTESIAN_POINT('',(15.45,-33.2,0.));
#249 = DIRECTION('',(0.,0.,1.));
#250 = DIRECTION('',(0.,-1.,0.));
#251 = PCURVE('',#116,#252);
#252 = DEFINITIONAL_REPRESENTATION('',(#253),#257);
#253 = CIRCLE('',#254,2.5);
#254 = AXIS2_PLACEMENT_2D('',#255,#256);
#255 = CARTESIAN_POINT('',(15.45,-33.2));
#256 = DIRECTION('',(0.,-1.));
#257 = ( GEOMETRIC_REPRESENTATION_CONTEXT(2)
PARAMETRIC_REPRESENTATION_CONTEXT() REPRESENTATION_CONTEXT('2D SPACE',''
  ) );
#258 = PCURVE('',#198,#259);
#259 = DEFINITIONAL_REPRESENTATION('',(#260),#264);
#260 = LINE('',#261,#262);
#261 = CARTESIAN_POINT('',(0.,0.));
#262 = VECTOR('',#263,1.);
#263 = DIRECTION('',(1.,0.));
#264 = ( GEOMETRIC_REPRESENTATION_CONTEXT(2)
PARAMETRIC_REPRESENTATION_CONTEXT() REPRESENTATION_CONTEXT('2D SPACE',''
  ) );
#265 = ORIENTED_EDGE('',*,*,#266,.T.);
#266 = EDGE_CURVE('',#243,#267,#269,.T.);
#267 = VERTEX_POINT('',#268);
#268 = CARTESIAN_POINT('',(17.95,-7.621307488659,0.));
#269 = SURFACE_CURVE('',#270,(#274,#281),.PCURVE_S1.);
#270 = LINE('',#271,#272);
#271 = CARTESIAN_POINT('',(17.95,-35.7,0.));
#272 = VECTOR('',#273,1.);
#273 = DIRECTION('',(0.,1.,0.));
#274 = PCURVE('',#116,#275);
#275 = DEFINITIONAL_REPRESENTATION('',(#276),#280);
#276 = LINE('',#277,#278);
#277 = CARTESIAN_POINT('',(17.95,-35.7));
#278 = VECTOR('',#279,1.);
#279 = DIRECTION('',(0.,1.));
#280 = ( GEOMETRIC_REPRESENTATION_CONTEXT(2)
PARAMETRIC_REPRESENTATION_CONTEXT() REPRESENTATION_CONTEXT('2D SPACE',''
  ) );
#281 = PCURVE('',#282,#287);
#282 = PLANE('',#283);
#283 = AXIS2_PLACEMENT_3D('',#284,#285,#286);
#284 = CARTESIAN_POINT('',(17.95,-35.7,0.));
#285 = DIRECTION('',(-1.,0.,0.));
#286 = DIRECTION('',(0.,1.,0.));
#287 = DEFINITIONAL_REPRESENTATION('',(#288),#292);
#288 = LINE('',#289,#290);
#289 = CARTESIAN_POINT('',(0.,0.));
#290 = VECTOR('',#291,1.);
#291 = DIRECTION('',(1.,0.));
#292 = ( GEOMETRIC_REPRESENTATION_CONTEXT(2)
PARAMETRIC_REPRESENTATION_CONTEXT() REPRESENTATION_CONTEXT('2D SPACE',''
  ) );
#293 = ORIENTED_EDGE('',*,*,#294,.F.);
#294 = EDGE_CURVE('',#295,#267,#297,.T.);
#295 = VERTEX_POINT('',#296);
#296 = CARTESIAN_POINT('',(19.7,-9.,0.));
#297 = SURFACE_CURVE('',#298,(#303,#314),.PCURVE_S1.);
#298 = CIRCLE('',#299,1.8);
#299 = AXIS2_PLACEMENT_3D('',#300,#301,#302);
#300 = CARTESIAN_POINT('',(19.7,-7.2,0.));
#301 = DIRECTION('',(-0.,-0.,-1.));
#302 = DIRECTION('',(0.,-1.,0.));
#303 = PCURVE('',#116,#304);
#304 = DEFINITIONAL_REPRESENTATION('',(#305),#313);
#305 = ( BOUNDED_CURVE() B_SPLINE_CURVE(2,(#306,#307,#308,#309,#310,#311
,#312),.UNSPECIFIED.,.T.,.F.) B_SPLINE_CURVE_WITH_KNOTS((1,2,2,2,2,1),(
    -2.094395102393,0.,2.094395102393,4.188790204786,6.28318530718,
8.377580409573),.UNSPECIFIED.) CURVE() GEOMETRIC_REPRESENTATION_ITEM()
RATIONAL_B_SPLINE_CURVE((1.,0.5,1.,0.5,1.,0.5,1.)) REPRESENTATION_ITEM(
  '') );
#306 = CARTESIAN_POINT('',(19.7,-9.));
#307 = CARTESIAN_POINT('',(16.582308546376,-9.));
#308 = CARTESIAN_POINT('',(18.141154273188,-6.3));
#309 = CARTESIAN_POINT('',(19.7,-3.6));
#310 = CARTESIAN_POINT('',(21.258845726812,-6.3));
#311 = CARTESIAN_POINT('',(22.817691453624,-9.));
#312 = CARTESIAN_POINT('',(19.7,-9.));
#313 = ( GEOMETRIC_REPRESENTATION_CONTEXT(2)
PARAMETRIC_REPRESENTATION_CONTEXT() REPRESENTATION_CONTEXT('2D SPACE',''
  ) );
#314 = PCURVE('',#315,#320);
#315 = CYLINDRICAL_SURFACE('',#316,1.8);
#316 = AXIS2_PLACEMENT_3D('',#317,#318,#319);
#317 = CARTESIAN_POINT('',(19.7,-7.2,0.));
#318 = DIRECTION('',(0.,0.,1.));
#319 = DIRECTION('',(0.,-1.,0.));
#320 = DEFINITIONAL_REPRESENTATION('',(#321),#325);
#321 = LINE('',#322,#323);
#322 = CARTESIAN_POINT('',(-0.,0.));
#323 = VECTOR('',#324,1.);
#324 = DIRECTION('',(-1.,0.));
#325 = ( GEOMETRIC_REPRESENTATION_CONTEXT(2)
PARAMETRIC_REPRESENTATION_CONTEXT() REPRESENTATION_CONTEXT('2D SPACE',''
  ) );
#326 = ORIENTED_EDGE('',*,*,#327,.T.);
#327 = EDGE_CURVE('',#295,#328,#330,.T.);
#328 = VERTEX_POINT('',#329);
#329 = CARTESIAN_POINT('',(23.1,-9.,0.));
#330 = SURFACE_CURVE('',#331,(#335,#342),.PCURVE_S1.);
#331 = LINE('',#332,#333);
#332 = CARTESIAN_POINT('',(17.9,-9.,0.));
#333 = VECTOR('',#334,1.);
#334 = DIRECTION('',(1.,0.,0.));
#335 = PCURVE('',#116,#336);
#336 = DEFINITIONAL_REPRESENTATION('',(#337),#341);
#337 = LINE('',#338,#339);
#338 = CARTESIAN_POINT('',(17.9,-9.));
#339 = VECTOR('',#340,1.);
#340 = DIRECTION('',(1.,0.));
#341 = ( GEOMETRIC_REPRESENTATION_CONTEXT(2)
PARAMETRIC_REPRESENTATION_CONTEXT() REPRESENTATION_CONTEXT('2D SPACE',''
  ) );
#342 = PCURVE('',#343,#348);
#343 = PLANE('',#344);
#344 = AXIS2_PLACEMENT_3D('',#345,#346,#347);
#345 = CARTESIAN_POINT('',(17.9,-9.,0.));
#346 = DIRECTION('',(0.,1.,0.));
#347 = DIRECTION('',(1.,0.,0.));
#348 = DEFINITIONAL_REPRESENTATION('',(#349),#353);
#349 = LINE('',#350,#351);
#350 = CARTESIAN_POINT('',(0.,0.));
#351 = VECTOR('',#352,1.);
#352 = DIRECTION('',(1.,0.));
#353 = ( GEOMETRIC_REPRESENTATION_CONTEXT(2)
PARAMETRIC_REPRESENTATION_CONTEXT() REPRESENTATION_CONTEXT('2D SPACE',''
  ) );
#354 = ORIENTED_EDGE('',*,*,#355,.T.);
#355 = EDGE_CURVE('',#328,#356,#358,.T.);
#356 = VERTEX_POINT('',#357);
#357 = CARTESIAN_POINT('',(24.9,-7.2,0.));
#358 = SURFACE_CURVE('',#359,(#364,#371),.PCURVE_S1.);
#359 = CIRCLE('',#360,1.8);
#360 = AXIS2_PLACEMENT_3D('',#361,#362,#363);
#361 = CARTESIAN_POINT('',(23.1,-7.2,0.));
#362 = DIRECTION('',(0.,0.,1.));
#363 = DIRECTION('',(0.,-1.,0.));
#364 = PCURVE('',#116,#365);
#365 = DEFINITIONAL_REPRESENTATION('',(#366),#370);
#366 = CIRCLE('',#367,1.8);
#367 = AXIS2_PLACEMENT_2D('',#368,#369);
#368 = CARTESIAN_POINT('',(23.1,-7.2));
#369 = DIRECTION('',(0.,-1.));
#370 = ( GEOMETRIC_REPRESENTATION_CONTEXT(2)
PARAMETRIC_REPRESENTATION_CONTEXT() REPRESENTATION_CONTEXT('2D SPACE',''
  ) );
#371 = PCURVE('',#372,#377);
#372 = CYLINDRICAL_SURFACE('',#373,1.8);
#373 = AXIS2_PLACEMENT_3D('',#374,#375,#376);
#374 = CARTESIAN_POINT('',(23.1,-7.2,0.));
#375 = DIRECTION('',(0.,0.,1.));
#376 = DIRECTION('',(0.,-1.,0.));
#377 = DEFINITIONAL_REPRESENTATION('',(#378),#382);
#378 = LINE('',#379,#380);
#379 = CARTESIAN_POINT('',(0.,0.));
#380 = VECTOR('',#381,1.);
#381 = DIRECTION('',(1.,0.));
#382 = ( GEOMETRIC_REPRESENTATION_CONTEXT(2)
PARAMETRIC_REPRESENTATION_CONTEXT() REPRESENTATION_CONTEXT('2D SPACE',''
  ) );
#383 = ORIENTED_EDGE('',*,*,#384,.T.);
#384 = EDGE_CURVE('',#356,#385,#387,.T.);
#385 = VERTEX_POINT('',#386);
#386 = CARTESIAN_POINT('',(24.9,7.2,0.));
#387 = SURFACE_CURVE('',#388,(#392,#399),.PCURVE_S1.);
#388 = LINE('',#389,#390);
#389 = CARTESIAN_POINT('',(24.9,-9.,0.));
#390 = VECTOR('',#391,1.);
#391 = DIRECTION('',(0.,1.,0.));
#392 = PCURVE('',#116,#393);
#393 = DEFINITIONAL_REPRESENTATION('',(#394),#398);
#394 = LINE('',#395,#396);
#395 = CARTESIAN_POINT('',(24.9,-9.));
#396 = VECTOR('',#397,1.);
#397 = DIRECTION('',(0.,1.));
#398 = ( GEOMETRIC_REPRESENTATION_CONTEXT(2)
PARAMETRIC_REPRESENTATION_CONTEXT() REPRESENTATION_CONTEXT('2D SPACE',''
  ) );
#399 = PCURVE('',#400,#405);
#400 = PLANE('',#401);
#401 = AXIS2_PLACEMENT_3D('',#402,#403,#404);
#402 = CARTESIAN_POINT('',(24.9,-9.,0.));
#403 = DIRECTION('',(-1.,0.,0.));
#404 = DIRECTION('',(0.,1.,0.));
#405 = DEFINITIONAL_REPRESENTATION('',(#406),#410);
#406 = LINE('',#407,#408);
#407 = CARTESIAN_POINT('',(0.,0.));
#408 = VECTOR('',#409,1.);
#409 = DIRECTION('',(1.,0.));
#410 = ( GEOMETRIC_REPRESENTATION_CONTEXT(2)
PARAMETRIC_REPRESENTATION_CONTEXT() REPRESENTATION_CONTEXT('2D SPACE',''
  ) );
#411 = ORIENTED_EDGE('',*,*,#412,.T.);
#412 = EDGE_CURVE('',#385,#413,#415,.T.);
#413 = VERTEX_POINT('',#414);
#414 = CARTESIAN_POINT('',(23.1,9.,0.));
#415 = SURFACE_CURVE('',#416,(#421,#428),.PCURVE_S1.);
#416 = CIRCLE('',#417,1.8);
#417 = AXIS2_PLACEMENT_3D('',#418,#419,#420);
#418 = CARTESIAN_POINT('',(23.1,7.2,0.));
#419 = DIRECTION('',(0.,0.,1.));
#420 = DIRECTION('',(0.,-1.,0.));
#421 = PCURVE('',#116,#422);
#422 = DEFINITIONAL_REPRESENTATION('',(#423),#427);
#423 = CIRCLE('',#424,1.8);
#424 = AXIS2_PLACEMENT_2D('',#425,#426);
#425 = CARTESIAN_POINT('',(23.1,7.2));
#426 = DIRECTION('',(0.,-1.));
#427 = ( GEOMETRIC_REPRESENTATION_CONTEXT(2)
PARAMETRIC_REPRESENTATION_CONTEXT() REPRESENTATION_CONTEXT('2D SPACE',''
  ) );
#428 = PCURVE('',#429,#434);
#429 = CYLINDRICAL_SURFACE('',#430,1.8);
#430 = AXIS2_PLACEMENT_3D('',#431,#432,#433);
#431 = CARTESIAN_POINT('',(23.1,7.2,0.));
#432 = DIRECTION('',(0.,0.,1.));
#433 = DIRECTION('',(1.,0.,-0.));
#434 = DEFINITIONAL_REPRESENTATION('',(#435),#439);
#435 = LINE('',#436,#437);
#436 = CARTESIAN_POINT('',(-1.570796326795,0.));
#437 = VECTOR('',#438,1.);
#438 = DIRECTION('',(1.,0.));
#439 = ( GEOMETRIC_REPRESENTATION_CONTEXT(2)
PARAMETRIC_REPRESENTATION_CONTEXT() REPRESENTATION_CONTEXT('2D SPACE',''
  ) );
#440 = ORIENTED_EDGE('',*,*,#441,.T.);
#441 = EDGE_CURVE('',#413,#442,#444,.T.);
#442 = VERTEX_POINT('',#443);
#443 = CARTESIAN_POINT('',(19.7,9.,0.));
#444 = SURFACE_CURVE('',#445,(#449,#456),.PCURVE_S1.);
#445 = LINE('',#446,#447);
#446 = CARTESIAN_POINT('',(24.9,9.,0.));
#447 = VECTOR('',#448,1.);
#448 = DIRECTION('',(-1.,0.,0.));
#449 = PCURVE('',#116,#450);
#450 = DEFINITIONAL_REPRESENTATION('',(#451),#455);
#451 = LINE('',#452,#453);
#452 = CARTESIAN_POINT('',(24.9,9.));
#453 = VECTOR('',#454,1.);
#454 = DIRECTION('',(-1.,0.));
#455 = ( GEOMETRIC_REPRESENTATION_CONTEXT(2)
PARAMETRIC_REPRESENTATION_CONTEXT() REPRESENTATION_CONTEXT('2D SPACE',''
  ) );
#456 = PCURVE('',#457,#462);
#457 = PLANE('',#458);
#458 = AXIS2_PLACEMENT_3D('',#459,#460,#461);
#459 = CARTESIAN_POINT('',(24.9,9.,0.));
#460 = DIRECTION('',(0.,-1.,0.));
#461 = DIRECTION('',(-1.,0.,0.));
#462 = DEFINITIONAL_REPRESENTATION('',(#463),#467);
#463 = LINE('',#464,#465);
#464 = CARTESIAN_POINT('',(0.,-0.));
#465 = VECTOR('',#466,1.);
#466 = DIRECTION('',(1.,0.));
#467 = ( GEOMETRIC_REPRESENTATION_CONTEXT(2)
PARAMETRIC_REPRESENTATION_CONTEXT() REPRESENTATION_CONTEXT('2D SPACE',''
  ) );
#468 = ORIENTED_EDGE('',*,*,#469,.T.);
#469 = EDGE_CURVE('',#442,#470,#472,.T.);
#470 = VERTEX_POINT('',#471);
#471 = CARTESIAN_POINT('',(17.95,7.621307488659,0.));
#472 = SURFACE_CURVE('',#473,(#478,#485),.PCURVE_S1.);
#473 = CIRCLE('',#474,1.8);
#474 = AXIS2_PLACEMENT_3D('',#475,#476,#477);
#475 = CARTESIAN_POINT('',(19.7,7.2,0.));
#476 = DIRECTION('',(0.,0.,1.));
#477 = DIRECTION('',(0.,-1.,0.));
#478 = PCURVE('',#116,#479);
#479 = DEFINITIONAL_REPRESENTATION('',(#480),#484);
#480 = CIRCLE('',#481,1.8);
#481 = AXIS2_PLACEMENT_2D('',#482,#483);
#482 = CARTESIAN_POINT('',(19.7,7.2));
#483 = DIRECTION('',(0.,-1.));
#484 = ( GEOMETRIC_REPRESENTATION_CONTEXT(2)
PARAMETRIC_REPRESENTATION_CONTEXT() REPRESENTATION_CONTEXT('2D SPACE',''
  ) );
#485 = PCURVE('',#486,#491);
#486 = CYLINDRICAL_SURFACE('',#487,1.8);
#487 = AXIS2_PLACEMENT_3D('',#488,#489,#490);
#488 = CARTESIAN_POINT('',(19.7,7.2,0.));
#489 = DIRECTION('',(0.,0.,1.));
#490 = DIRECTION('',(-0.,1.,0.));
#491 = DEFINITIONAL_REPRESENTATION('',(#492),#496);
#492 = LINE('',#493,#494);
#493 = CARTESIAN_POINT('',(-3.14159265359,0.));
#494 = VECTOR('',#495,1.);
#495 = DIRECTION('',(1.,0.));
#496 = ( GEOMETRIC_REPRESENTATION_CONTEXT(2)
PARAMETRIC_REPRESENTATION_CONTEXT() REPRESENTATION_CONTEXT('2D SPACE',''
  ) );
#497 = ORIENTED_EDGE('',*,*,#498,.T.);
#498 = EDGE_CURVE('',#470,#499,#501,.T.);
#499 = VERTEX_POINT('',#500);
#500 = CARTESIAN_POINT('',(17.95,33.2,0.));
#501 = SURFACE_CURVE('',#502,(#506,#513),.PCURVE_S1.);
#502 = LINE('',#503,#504);
#503 = CARTESIAN_POINT('',(17.95,-35.7,0.));
#504 = VECTOR('',#505,1.);
#505 = DIRECTION('',(0.,1.,0.));
#506 = PCURVE('',#116,#507);
#507 = DEFINITIONAL_REPRESENTATION('',(#508),#512);
#508 = LINE('',#509,#510);
#509 = CARTESIAN_POINT('',(17.95,-35.7));
#510 = VECTOR('',#511,1.);
#511 = DIRECTION('',(0.,1.));
#512 = ( GEOMETRIC_REPRESENTATION_CONTEXT(2)
PARAMETRIC_REPRESENTATION_CONTEXT() REPRESENTATION_CONTEXT('2D SPACE',''
  ) );
#513 = PCURVE('',#514,#519);
#514 = PLANE('',#515);
#515 = AXIS2_PLACEMENT_3D('',#516,#517,#518);
#516 = CARTESIAN_POINT('',(17.95,-35.7,0.));
#517 = DIRECTION('',(-1.,0.,0.));
#518 = DIRECTION('',(0.,1.,0.));
#519 = DEFINITIONAL_REPRESENTATION('',(#520),#524);
#520 = LINE('',#521,#522);
#521 = CARTESIAN_POINT('',(0.,0.));
#522 = VECTOR('',#523,1.);
#523 = DIRECTION('',(1.,0.));
#524 = ( GEOMETRIC_REPRESENTATION_CONTEXT(2)
PARAMETRIC_REPRESENTATION_CONTEXT() REPRESENTATION_CONTEXT('2D SPACE',''
  ) );
#525 = ORIENTED_EDGE('',*,*,#526,.T.);
#526 = EDGE_CURVE('',#499,#527,#529,.T.);
#527 = VERTEX_POINT('',#528);
#528 = CARTESIAN_POINT('',(15.45,35.7,0.));
#529 = SURFACE_CURVE('',#530,(#535,#542),.PCURVE_S1.);
#530 = CIRCLE('',#531,2.5);
#531 = AXIS2_PLACEMENT_3D('',#532,#533,#534);
#532 = CARTESIAN_POINT('',(15.45,33.2,0.));
#533 = DIRECTION('',(0.,0.,1.));
#534 = DIRECTION('',(0.,-1.,0.));
#535 = PCURVE('',#116,#536);
#536 = DEFINITIONAL_REPRESENTATION('',(#537),#541);
#537 = CIRCLE('',#538,2.5);
#538 = AXIS2_PLACEMENT_2D('',#539,#540);
#539 = CARTESIAN_POINT('',(15.45,33.2));
#540 = DIRECTION('',(0.,-1.));
#541 = ( GEOMETRIC_REPRESENTATION_CONTEXT(2)
PARAMETRIC_REPRESENTATION_CONTEXT() REPRESENTATION_CONTEXT('2D SPACE',''
  ) );
#542 = PCURVE('',#543,#548);
#543 = CYLINDRICAL_SURFACE('',#544,2.5);
#544 = AXIS2_PLACEMENT_3D('',#545,#546,#547);
#545 = CARTESIAN_POINT('',(15.45,33.2,0.));
#546 = DIRECTION('',(0.,0.,1.));
#547 = DIRECTION('',(1.,0.,-0.));
#548 = DEFINITIONAL_REPRESENTATION('',(#549),#553);
#549 = LINE('',#550,#551);
#550 = CARTESIAN_POINT('',(-1.570796326795,0.));
#551 = VECTOR('',#552,1.);
#552 = DIRECTION('',(1.,0.));
#553 = ( GEOMETRIC_REPRESENTATION_CONTEXT(2)
PARAMETRIC_REPRESENTATION_CONTEXT() REPRESENTATION_CONTEXT('2D SPACE',''
  ) );
#554 = ORIENTED_EDGE('',*,*,#555,.T.);
#555 = EDGE_CURVE('',#527,#556,#558,.T.);
#556 = VERTEX_POINT('',#557);
#557 = CARTESIAN_POINT('',(-15.45,35.7,0.));
#558 = SURFACE_CURVE('',#559,(#563,#570),.PCURVE_S1.);
#559 = LINE('',#560,#561);
#560 = CARTESIAN_POINT('',(17.95,35.7,0.));
#561 = VECTOR('',#562,1.);
#562 = DIRECTION('',(-1.,0.,0.));
#563 = PCURVE('',#116,#564);
#564 = DEFINITIONAL_REPRESENTATION('',(#565),#569);
#565 = LINE('',#566,#567);
#566 = CARTESIAN_POINT('',(17.95,35.7));
#567 = VECTOR('',#568,1.);
#568 = DIRECTION('',(-1.,0.));
#569 = ( GEOMETRIC_REPRESENTATION_CONTEXT(2)
PARAMETRIC_REPRESENTATION_CONTEXT() REPRESENTATION_CONTEXT('2D SPACE',''
  ) );
#570 = PCURVE('',#571,#576);
#571 = PLANE('',#572);
#572 = AXIS2_PLACEMENT_3D('',#573,#574,#575);
#573 = CARTESIAN_POINT('',(17.95,35.7,0.));
#574 = DIRECTION('',(0.,-1.,0.));
#575 = DIRECTION('',(-1.,0.,0.));
#576 = DEFINITIONAL_REPRESENTATION('',(#577),#581);
#577 = LINE('',#578,#579);
#578 = CARTESIAN_POINT('',(0.,-0.));
#579 = VECTOR('',#580,1.);
#580 = DIRECTION('',(1.,0.));
#581 = ( GEOMETRIC_REPRESENTATION_CONTEXT(2)
PARAMETRIC_REPRESENTATION_CONTEXT() REPRESENTATION_CONTEXT('2D SPACE',''
  ) );
#582 = ORIENTED_EDGE('',*,*,#583,.T.);
#583 = EDGE_CURVE('',#556,#584,#586,.T.);
#584 = VERTEX_POINT('',#585);
#585 = CARTESIAN_POINT('',(-17.95,33.2,0.));
#586 = SURFACE_CURVE('',#587,(#592,#599),.PCURVE_S1.);
#587 = CIRCLE('',#588,2.5);
#588 = AXIS2_PLACEMENT_3D('',#589,#590,#591);
#589 = CARTESIAN_POINT('',(-15.45,33.2,0.));
#590 = DIRECTION('',(0.,0.,1.));
#591 = DIRECTION('',(0.,-1.,0.));
#592 = PCURVE('',#116,#593);
#593 = DEFINITIONAL_REPRESENTATION('',(#594),#598);
#594 = CIRCLE('',#595,2.5);
#595 = AXIS2_PLACEMENT_2D('',#596,#597);
#596 = CARTESIAN_POINT('',(-15.45,33.2));
#597 = DIRECTION('',(0.,-1.));
#598 = ( GEOMETRIC_REPRESENTATION_CONTEXT(2)
PARAMETRIC_REPRESENTATION_CONTEXT() REPRESENTATION_CONTEXT('2D SPACE',''
  ) );
#599 = PCURVE('',#600,#605);
#600 = CYLINDRICAL_SURFACE('',#601,2.5);
#601 = AXIS2_PLACEMENT_3D('',#602,#603,#604);
#602 = CARTESIAN_POINT('',(-15.45,33.2,0.));
#603 = DIRECTION('',(0.,0.,1.));
#604 = DIRECTION('',(-0.,1.,0.));
#605 = DEFINITIONAL_REPRESENTATION('',(#606),#610);
#606 = LINE('',#607,#608);
#607 = CARTESIAN_POINT('',(-3.14159265359,0.));
#608 = VECTOR('',#609,1.);
#609 = DIRECTION('',(1.,0.));
#610 = ( GEOMETRIC_REPRESENTATION_CONTEXT(2)
PARAMETRIC_REPRESENTATION_CONTEXT() REPRESENTATION_CONTEXT('2D SPACE',''
  ) );
#611 = ORIENTED_EDGE('',*,*,#612,.T.);
#612 = EDGE_CURVE('',#584,#613,#615,.T.);
#613 = VERTEX_POINT('',#614);
#614 = CARTESIAN_POINT('',(-17.95,7.621307488659,0.));
#615 = SURFACE_CURVE('',#616,(#620,#627),.PCURVE_S1.);
#616 = LINE('',#617,#618);
#617 = CARTESIAN_POINT('',(-17.95,35.7,0.));
#618 = VECTOR('',#619,1.);
#619 = DIRECTION('',(0.,-1.,0.));
#620 = PCURVE('',#116,#621);
#621 = DEFINITIONAL_REPRESENTATION('',(#622),#626);
#622 = LINE('',#623,#624);
#623 = CARTESIAN_POINT('',(-17.95,35.7));
#624 = VECTOR('',#625,1.);
#625 = DIRECTION('',(0.,-1.));
#626 = ( GEOMETRIC_REPRESENTATION_CONTEXT(2)
PARAMETRIC_REPRESENTATION_CONTEXT() REPRESENTATION_CONTEXT('2D SPACE',''
  ) );
#627 = PCURVE('',#628,#633);
#628 = PLANE('',#629);
#629 = AXIS2_PLACEMENT_3D('',#630,#631,#632);
#630 = CARTESIAN_POINT('',(-17.95,35.7,0.));
#631 = DIRECTION('',(1.,0.,-0.));
#632 = DIRECTION('',(0.,-1.,0.));
#633 = DEFINITIONAL_REPRESENTATION('',(#634),#638);
#634 = LINE('',#635,#636);
#635 = CARTESIAN_POINT('',(0.,0.));
#636 = VECTOR('',#637,1.);
#637 = DIRECTION('',(1.,0.));
#638 = ( GEOMETRIC_REPRESENTATION_CONTEXT(2)
PARAMETRIC_REPRESENTATION_CONTEXT() REPRESENTATION_CONTEXT('2D SPACE',''
  ) );
#639 = ORIENTED_EDGE('',*,*,#640,.T.);
#640 = EDGE_CURVE('',#613,#641,#643,.T.);
#641 = VERTEX_POINT('',#642);
#642 = CARTESIAN_POINT('',(-19.7,9.,0.));
#643 = SURFACE_CURVE('',#644,(#649,#656),.PCURVE_S1.);
#644 = CIRCLE('',#645,1.8);
#645 = AXIS2_PLACEMENT_3D('',#646,#647,#648);
#646 = CARTESIAN_POINT('',(-19.7,7.2,0.));
#647 = DIRECTION('',(0.,0.,1.));
#648 = DIRECTION('',(0.,-1.,0.));
#649 = PCURVE('',#116,#650);
#650 = DEFINITIONAL_REPRESENTATION('',(#651),#655);
#651 = CIRCLE('',#652,1.8);
#652 = AXIS2_PLACEMENT_2D('',#653,#654);
#653 = CARTESIAN_POINT('',(-19.7,7.2));
#654 = DIRECTION('',(0.,-1.));
#655 = ( GEOMETRIC_REPRESENTATION_CONTEXT(2)
PARAMETRIC_REPRESENTATION_CONTEXT() REPRESENTATION_CONTEXT('2D SPACE',''
  ) );
#656 = PCURVE('',#657,#662);
#657 = CYLINDRICAL_SURFACE('',#658,1.8);
#658 = AXIS2_PLACEMENT_3D('',#659,#660,#661);
#659 = CARTESIAN_POINT('',(-19.7,7.2,0.));
#660 = DIRECTION('',(0.,0.,1.));
#661 = DIRECTION('',(1.,0.,-0.));
#662 = DEFINITIONAL_REPRESENTATION('',(#663),#667);
#663 = LINE('',#664,#665);
#664 = CARTESIAN_POINT('',(-1.570796326795,0.));
#665 = VECTOR('',#666,1.);
#666 = DIRECTION('',(1.,0.));
#667 = ( GEOMETRIC_REPRESENTATION_CONTEXT(2)
PARAMETRIC_REPRESENTATION_CONTEXT() REPRESENTATION_CONTEXT('2D SPACE',''
  ) );
#668 = ORIENTED_EDGE('',*,*,#669,.T.);
#669 = EDGE_CURVE('',#641,#670,#672,.T.);
#670 = VERTEX_POINT('',#671);
#671 = CARTESIAN_POINT('',(-23.1,9.,0.));
#672 = SURFACE_CURVE('',#673,(#677,#684),.PCURVE_S1.);
#673 = LINE('',#674,#675);
#674 = CARTESIAN_POINT('',(-17.9,9.,0.));
#675 = VECTOR('',#676,1.);
#676 = DIRECTION('',(-1.,0.,0.));
#677 = PCURVE('',#116,#678);
#678 = DEFINITIONAL_REPRESENTATION('',(#679),#683);
#679 = LINE('',#680,#681);
#680 = CARTESIAN_POINT('',(-17.9,9.));
#681 = VECTOR('',#682,1.);
#682 = DIRECTION('',(-1.,0.));
#683 = ( GEOMETRIC_REPRESENTATION_CONTEXT(2)
PARAMETRIC_REPRESENTATION_CONTEXT() REPRESENTATION_CONTEXT('2D SPACE',''
  ) );
#684 = PCURVE('',#685,#690);
#685 = PLANE('',#686);
#686 = AXIS2_PLACEMENT_3D('',#687,#688,#689);
#687 = CARTESIAN_POINT('',(-17.9,9.,0.));
#688 = DIRECTION('',(0.,-1.,0.));
#689 = DIRECTION('',(-1.,0.,0.));
#690 = DEFINITIONAL_REPRESENTATION('',(#691),#695);
#691 = LINE('',#692,#693);
#692 = CARTESIAN_POINT('',(0.,-0.));
#693 = VECTOR('',#694,1.);
#694 = DIRECTION('',(1.,0.));
#695 = ( GEOMETRIC_REPRESENTATION_CONTEXT(2)
PARAMETRIC_REPRESENTATION_CONTEXT() REPRESENTATION_CONTEXT('2D SPACE',''
  ) );
#696 = ORIENTED_EDGE('',*,*,#697,.T.);
#697 = EDGE_CURVE('',#670,#698,#700,.T.);
#698 = VERTEX_POINT('',#699);
#699 = CARTESIAN_POINT('',(-24.9,7.2,0.));
#700 = SURFACE_CURVE('',#701,(#706,#713),.PCURVE_S1.);
#701 = CIRCLE('',#702,1.8);
#702 = AXIS2_PLACEMENT_3D('',#703,#704,#705);
#703 = CARTESIAN_POINT('',(-23.1,7.2,0.));
#704 = DIRECTION('',(0.,0.,1.));
#705 = DIRECTION('',(0.,-1.,0.));
#706 = PCURVE('',#116,#707);
#707 = DEFINITIONAL_REPRESENTATION('',(#708),#712);
#708 = CIRCLE('',#709,1.8);
#709 = AXIS2_PLACEMENT_2D('',#710,#711);
#710 = CARTESIAN_POINT('',(-23.1,7.2));
#711 = DIRECTION('',(0.,-1.));
#712 = ( GEOMETRIC_REPRESENTATION_CONTEXT(2)
PARAMETRIC_REPRESENTATION_CONTEXT() REPRESENTATION_CONTEXT('2D SPACE',''
  ) );
#713 = PCURVE('',#714,#719);
#714 = CYLINDRICAL_SURFACE('',#715,1.8);
#715 = AXIS2_PLACEMENT_3D('',#716,#717,#718);
#716 = CARTESIAN_POINT('',(-23.1,7.2,0.));
#717 = DIRECTION('',(0.,0.,1.));
#718 = DIRECTION('',(-0.,1.,0.));
#719 = DEFINITIONAL_REPRESENTATION('',(#720),#724);
#720 = LINE('',#721,#722);
#721 = CARTESIAN_POINT('',(-3.14159265359,0.));
#722 = VECTOR('',#723,1.);
#723 = DIRECTION('',(1.,0.));
#724 = ( GEOMETRIC_REPRESENTATION_CONTEXT(2)
PARAMETRIC_REPRESENTATION_CONTEXT() REPRESENTATION_CONTEXT('2D SPACE',''
  ) );
#725 = ORIENTED_EDGE('',*,*,#726,.T.);
#726 = EDGE_CURVE('',#698,#727,#729,.T.);
#727 = VERTEX_POINT('',#728);
#728 = CARTESIAN_POINT('',(-24.9,-7.2,0.));
#729 = SURFACE_CURVE('',#730,(#734,#741),.PCURVE_S1.);
#730 = LINE('',#731,#732);
#731 = CARTESIAN_POINT('',(-24.9,9.,0.));
#732 = VECTOR('',#733,1.);
#733 = DIRECTION('',(0.,-1.,0.));
#734 = PCURVE('',#116,#735);
#735 = DEFINITIONAL_REPRESENTATION('',(#736),#740);
#736 = LINE('',#737,#738);
#737 = CARTESIAN_POINT('',(-24.9,9.));
#738 = VECTOR('',#739,1.);
#739 = DIRECTION('',(0.,-1.));
#740 = ( GEOMETRIC_REPRESENTATION_CONTEXT(2)
PARAMETRIC_REPRESENTATION_CONTEXT() REPRESENTATION_CONTEXT('2D SPACE',''
  ) );
#741 = PCURVE('',#742,#747);
#742 = PLANE('',#743);
#743 = AXIS2_PLACEMENT_3D('',#744,#745,#746);
#744 = CARTESIAN_POINT('',(-24.9,9.,0.));
#745 = DIRECTION('',(1.,0.,-0.));
#746 = DIRECTION('',(0.,-1.,0.));
#747 = DEFINITIONAL_REPRESENTATION('',(#748),#752);
#748 = LINE('',#749,#750);
#749 = CARTESIAN_POINT('',(0.,0.));
#750 = VECTOR('',#751,1.);
#751 = DIRECTION('',(1.,0.));
#752 = ( GEOMETRIC_REPRESENTATION_CONTEXT(2)
PARAMETRIC_REPRESENTATION_CONTEXT() REPRESENTATION_CONTEXT('2D SPACE',''
  ) );
#753 = ORIENTED_EDGE('',*,*,#754,.F.);
#754 = EDGE_CURVE('',#755,#727,#757,.T.);
#755 = VERTEX_POINT('',#756);
#756 = CARTESIAN_POINT('',(-23.1,-9.,0.));
#757 = SURFACE_CURVE('',#758,(#763,#774),.PCURVE_S1.);
#758 = CIRCLE('',#759,1.8);
#759 = AXIS2_PLACEMENT_3D('',#760,#761,#762);
#760 = CARTESIAN_POINT('',(-23.1,-7.2,0.));
#761 = DIRECTION('',(-0.,-0.,-1.));
#762 = DIRECTION('',(0.,-1.,0.));
#763 = PCURVE('',#116,#764);
#764 = DEFINITIONAL_REPRESENTATION('',(#765),#773);
#765 = ( BOUNDED_CURVE() B_SPLINE_CURVE(2,(#766,#767,#768,#769,#770,#771
,#772),.UNSPECIFIED.,.T.,.F.) B_SPLINE_CURVE_WITH_KNOTS((1,2,2,2,2,1),(
    -2.094395102393,0.,2.094395102393,4.188790204786,6.28318530718,
8.377580409573),.UNSPECIFIED.) CURVE() GEOMETRIC_REPRESENTATION_ITEM()
RATIONAL_B_SPLINE_CURVE((1.,0.5,1.,0.5,1.,0.5,1.)) REPRESENTATION_ITEM(
  '') );
#766 = CARTESIAN_POINT('',(-23.1,-9.));
#767 = CARTESIAN_POINT('',(-26.21769145362,-9.));
#768 = CARTESIAN_POINT('',(-24.65884572681,-6.3));
#769 = CARTESIAN_POINT('',(-23.1,-3.6));
#770 = CARTESIAN_POINT('',(-21.54115427318,-6.3));
#771 = CARTESIAN_POINT('',(-19.98230854637,-9.));
#772 = CARTESIAN_POINT('',(-23.1,-9.));
#773 = ( GEOMETRIC_REPRESENTATION_CONTEXT(2)
PARAMETRIC_REPRESENTATION_CONTEXT() REPRESENTATION_CONTEXT('2D SPACE',''
  ) );
#774 = PCURVE('',#775,#780);
#775 = CYLINDRICAL_SURFACE('',#776,1.8);
#776 = AXIS2_PLACEMENT_3D('',#777,#778,#779);
#777 = CARTESIAN_POINT('',(-23.1,-7.2,0.));
#778 = DIRECTION('',(0.,0.,1.));
#779 = DIRECTION('',(0.,-1.,0.));
#780 = DEFINITIONAL_REPRESENTATION('',(#781),#785);
#781 = LINE('',#782,#783);
#782 = CARTESIAN_POINT('',(-0.,0.));
#783 = VECTOR('',#784,1.);
#784 = DIRECTION('',(-1.,0.));
#785 = ( GEOMETRIC_REPRESENTATION_CONTEXT(2)
PARAMETRIC_REPRESENTATION_CONTEXT() REPRESENTATION_CONTEXT('2D SPACE',''
  ) );
#786 = ORIENTED_EDGE('',*,*,#787,.T.);
#787 = EDGE_CURVE('',#755,#788,#790,.T.);
#788 = VERTEX_POINT('',#789);
#789 = CARTESIAN_POINT('',(-19.7,-9.,0.));
#790 = SURFACE_CURVE('',#791,(#795,#802),.PCURVE_S1.);
#791 = LINE('',#792,#793);
#792 = CARTESIAN_POINT('',(-24.9,-9.,0.));
#793 = VECTOR('',#794,1.);
#794 = DIRECTION('',(1.,0.,0.));
#795 = PCURVE('',#116,#796);
#796 = DEFINITIONAL_REPRESENTATION('',(#797),#801);
#797 = LINE('',#798,#799);
#798 = CARTESIAN_POINT('',(-24.9,-9.));
#799 = VECTOR('',#800,1.);
#800 = DIRECTION('',(1.,0.));
#801 = ( GEOMETRIC_REPRESENTATION_CONTEXT(2)
PARAMETRIC_REPRESENTATION_CONTEXT() REPRESENTATION_CONTEXT('2D SPACE',''
  ) );
#802 = PCURVE('',#803,#808);
#803 = PLANE('',#804);
#804 = AXIS2_PLACEMENT_3D('',#805,#806,#807);
#805 = CARTESIAN_POINT('',(-24.9,-9.,0.));
#806 = DIRECTION('',(0.,1.,0.));
#807 = DIRECTION('',(1.,0.,0.));
#808 = DEFINITIONAL_REPRESENTATION('',(#809),#813);
#809 = LINE('',#810,#811);
#810 = CARTESIAN_POINT('',(0.,0.));
#811 = VECTOR('',#812,1.);
#812 = DIRECTION('',(1.,0.));
#813 = ( GEOMETRIC_REPRESENTATION_CONTEXT(2)
PARAMETRIC_REPRESENTATION_CONTEXT() REPRESENTATION_CONTEXT('2D SPACE',''
  ) );
#814 = ORIENTED_EDGE('',*,*,#815,.T.);
#815 = EDGE_CURVE('',#788,#816,#818,.T.);
#816 = VERTEX_POINT('',#817);
#817 = CARTESIAN_POINT('',(-17.95,-7.621307488659,0.));
#818 = SURFACE_CURVE('',#819,(#824,#831),.PCURVE_S1.);
#819 = CIRCLE('',#820,1.8);
#820 = AXIS2_PLACEMENT_3D('',#821,#822,#823);
#821 = CARTESIAN_POINT('',(-19.7,-7.2,0.));
#822 = DIRECTION('',(0.,0.,1.));
#823 = DIRECTION('',(0.,-1.,0.));
#824 = PCURVE('',#116,#825);
#825 = DEFINITIONAL_REPRESENTATION('',(#826),#830);
#826 = CIRCLE('',#827,1.8);
#827 = AXIS2_PLACEMENT_2D('',#828,#829);
#828 = CARTESIAN_POINT('',(-19.7,-7.2));
#829 = DIRECTION('',(0.,-1.));
#830 = ( GEOMETRIC_REPRESENTATION_CONTEXT(2)
PARAMETRIC_REPRESENTATION_CONTEXT() REPRESENTATION_CONTEXT('2D SPACE',''
  ) );
#831 = PCURVE('',#832,#837);
#832 = CYLINDRICAL_SURFACE('',#833,1.8);
#833 = AXIS2_PLACEMENT_3D('',#834,#835,#836);
#834 = CARTESIAN_POINT('',(-19.7,-7.2,0.));
#835 = DIRECTION('',(0.,0.,1.));
#836 = DIRECTION('',(0.,-1.,0.));
#837 = DEFINITIONAL_REPRESENTATION('',(#838),#842);
#838 = LINE('',#839,#840);
#839 = CARTESIAN_POINT('',(0.,0.));
#840 = VECTOR('',#841,1.);
#841 = DIRECTION('',(1.,0.));
#842 = ( GEOMETRIC_REPRESENTATION_CONTEXT(2)
PARAMETRIC_REPRESENTATION_CONTEXT() REPRESENTATION_CONTEXT('2D SPACE',''
  ) );
#843 = ORIENTED_EDGE('',*,*,#844,.T.);
#844 = EDGE_CURVE('',#816,#214,#845,.T.);
#845 = SURFACE_CURVE('',#846,(#850,#857),.PCURVE_S1.);
#846 = LINE('',#847,#848);
#847 = CARTESIAN_POINT('',(-17.95,35.7,0.));
#848 = VECTOR('',#849,1.);
#849 = DIRECTION('',(0.,-1.,0.));
#850 = PCURVE('',#116,#851);
#851 = DEFINITIONAL_REPRESENTATION('',(#852),#856);
#852 = LINE('',#853,#854);
#853 = CARTESIAN_POINT('',(-17.95,35.7));
#854 = VECTOR('',#855,1.);
#855 = DIRECTION('',(0.,-1.));
#856 = ( GEOMETRIC_REPRESENTATION_CONTEXT(2)
PARAMETRIC_REPRESENTATION_CONTEXT() REPRESENTATION_CONTEXT('2D SPACE',''
  ) );
#857 = PCURVE('',#858,#863);
#858 = PLANE('',#859);
#859 = AXIS2_PLACEMENT_3D('',#860,#861,#862);
#860 = CARTESIAN_POINT('',(-17.95,35.7,0.));
#861 = DIRECTION('',(1.,0.,-0.));
#862 = DIRECTION('',(0.,-1.,0.));
#863 = DEFINITIONAL_REPRESENTATION('',(#864),#868);
#864 = LINE('',#865,#866);
#865 = CARTESIAN_POINT('',(0.,0.));
#866 = VECTOR('',#867,1.);
#867 = DIRECTION('',(1.,0.));
#868 = ( GEOMETRIC_REPRESENTATION_CONTEXT(2)
PARAMETRIC_REPRESENTATION_CONTEXT() REPRESENTATION_CONTEXT('2D SPACE',''
  ) );
#869 = FACE_BOUND('',#870,.F.);
#870 = EDGE_LOOP('',(#871));
#871 = ORIENTED_EDGE('',*,*,#872,.T.);
#872 = EDGE_CURVE('',#873,#873,#875,.T.);
#873 = VERTEX_POINT('',#874);
#874 = CARTESIAN_POINT('',(-20.25,0.,0.));
#875 = SURFACE_CURVE('',#876,(#881,#892),.PCURVE_S1.);
#876 = CIRCLE('',#877,1.2);
#877 = AXIS2_PLACEMENT_3D('',#878,#879,#880);
#878 = CARTESIAN_POINT('',(-21.45,0.,0.));
#879 = DIRECTION('',(0.,0.,-1.));
#880 = DIRECTION('',(1.,0.,0.));
#881 = PCURVE('',#116,#882);
#882 = DEFINITIONAL_REPRESENTATION('',(#883),#891);
#883 = ( BOUNDED_CURVE() B_SPLINE_CURVE(2,(#884,#885,#886,#887,#888,#889
,#890),.UNSPECIFIED.,.T.,.F.) B_SPLINE_CURVE_WITH_KNOTS((1,2,2,2,2,1),(
    -2.094395102393,0.,2.094395102393,4.188790204786,6.28318530718,
8.377580409573),.UNSPECIFIED.) CURVE() GEOMETRIC_REPRESENTATION_ITEM()
RATIONAL_B_SPLINE_CURVE((1.,0.5,1.,0.5,1.,0.5,1.)) REPRESENTATION_ITEM(
  '') );
#884 = CARTESIAN_POINT('',(-20.25,1.059523184731E-15));
#885 = CARTESIAN_POINT('',(-20.25,-2.078460969083));
#886 = CARTESIAN_POINT('',(-22.05,-1.039230484541));
#887 = CARTESIAN_POINT('',(-23.85,7.656079529354E-16));
#888 = CARTESIAN_POINT('',(-22.05,1.039230484541));
#889 = CARTESIAN_POINT('',(-20.25,2.078460969083));
#890 = CARTESIAN_POINT('',(-20.25,1.059523184731E-15));
#891 = ( GEOMETRIC_REPRESENTATION_CONTEXT(2)
PARAMETRIC_REPRESENTATION_CONTEXT() REPRESENTATION_CONTEXT('2D SPACE',''
  ) );
#892 = PCURVE('',#893,#898);
#893 = CYLINDRICAL_SURFACE('',#894,1.2);
#894 = AXIS2_PLACEMENT_3D('',#895,#896,#897);
#895 = CARTESIAN_POINT('',(-21.45,0.,-0.5));
#896 = DIRECTION('',(-0.,-0.,-1.));
#897 = DIRECTION('',(1.,0.,0.));
#898 = DEFINITIONAL_REPRESENTATION('',(#899),#903);
#899 = LINE('',#900,#901);
#900 = CARTESIAN_POINT('',(-6.28318530718,-0.5));
#901 = VECTOR('',#902,1.);
#902 = DIRECTION('',(1.,-0.));
#903 = ( GEOMETRIC_REPRESENTATION_CONTEXT(2)
PARAMETRIC_REPRESENTATION_CONTEXT() REPRESENTATION_CONTEXT('2D SPACE',''
  ) );
#904 = FACE_BOUND('',#905,.F.);
#905 = EDGE_LOOP('',(#906));
#906 = ORIENTED_EDGE('',*,*,#907,.T.);
#907 = EDGE_CURVE('',#908,#908,#910,.T.);
#908 = VERTEX_POINT('',#909);
#909 = CARTESIAN_POINT('',(22.65,0.,0.));
#910 = SURFACE_CURVE('',#911,(#916,#927),.PCURVE_S1.);
#911 = CIRCLE('',#912,1.2);
#912 = AXIS2_PLACEMENT_3D('',#913,#914,#915);
#913 = CARTESIAN_POINT('',(21.45,0.,0.));
#914 = DIRECTION('',(0.,0.,-1.));
#915 = DIRECTION('',(1.,0.,0.));
#916 = PCURVE('',#116,#917);
#917 = DEFINITIONAL_REPRESENTATION('',(#918),#926);
#918 = ( BOUNDED_CURVE() B_SPLINE_CURVE(2,(#919,#920,#921,#922,#923,#924
,#925),.UNSPECIFIED.,.T.,.F.) B_SPLINE_CURVE_WITH_KNOTS((1,2,2,2,2,1),(
    -2.094395102393,0.,2.094395102393,4.188790204786,6.28318530718,
8.377580409573),.UNSPECIFIED.) CURVE() GEOMETRIC_REPRESENTATION_ITEM()
RATIONAL_B_SPLINE_CURVE((1.,0.5,1.,0.5,1.,0.5,1.)) REPRESENTATION_ITEM(
  '') );
#919 = CARTESIAN_POINT('',(22.65,1.059523184731E-15));
#920 = CARTESIAN_POINT('',(22.65,-2.078460969083));
#921 = CARTESIAN_POINT('',(20.85,-1.039230484541));
#922 = CARTESIAN_POINT('',(19.05,7.656079529354E-16));
#923 = CARTESIAN_POINT('',(20.85,1.039230484541));
#924 = CARTESIAN_POINT('',(22.65,2.078460969083));
#925 = CARTESIAN_POINT('',(22.65,1.059523184731E-15));
#926 = ( GEOMETRIC_REPRESENTATION_CONTEXT(2)
PARAMETRIC_REPRESENTATION_CONTEXT() REPRESENTATION_CONTEXT('2D SPACE',''
  ) );
#927 = PCURVE('',#928,#933);
#928 = CYLINDRICAL_SURFACE('',#929,1.2);
#929 = AXIS2_PLACEMENT_3D('',#930,#931,#932);
#930 = CARTESIAN_POINT('',(21.45,0.,-0.5));
#931 = DIRECTION('',(-0.,-0.,-1.));
#932 = DIRECTION('',(1.,0.,0.));
#933 = DEFINITIONAL_REPRESENTATION('',(#934),#938);
#934 = LINE('',#935,#936);
#935 = CARTESIAN_POINT('',(-6.28318530718,-0.5));
#936 = VECTOR('',#937,1.);
#937 = DIRECTION('',(1.,-0.));
#938 = ( GEOMETRIC_REPRESENTATION_CONTEXT(2)
PARAMETRIC_REPRESENTATION_CONTEXT() REPRESENTATION_CONTEXT('2D SPACE',''
  ) );
#939 = FACE_BOUND('',#940,.F.);
#940 = EDGE_LOOP('',(#941,#969,#995,#1021));
#941 = ORIENTED_EDGE('',*,*,#942,.T.);
#942 = EDGE_CURVE('',#943,#945,#947,.T.);
#943 = VERTEX_POINT('',#944);
#944 = CARTESIAN_POINT('',(-10.,24.8,0.));
#945 = VERTEX_POINT('',#946);
#946 = CARTESIAN_POINT('',(-12.,24.8,0.));
#947 = SURFACE_CURVE('',#948,(#952,#958),.PCURVE_S1.);
#948 = LINE('',#949,#950);
#949 = CARTESIAN_POINT('',(-6.,24.8,0.));
#950 = VECTOR('',#951,1.);
#951 = DIRECTION('',(-1.,0.,0.));
#952 = PCURVE('',#116,#953);
#953 = DEFINITIONAL_REPRESENTATION('',(#954),#957);
#954 = B_SPLINE_CURVE_WITH_KNOTS('',1,(#955,#956),.UNSPECIFIED.,.F.,.F.,
  (2,2),(4.,6.),.PIECEWISE_BEZIER_KNOTS.);
#955 = CARTESIAN_POINT('',(-10.,24.8));
#956 = CARTESIAN_POINT('',(-12.,24.8));
#957 = ( GEOMETRIC_REPRESENTATION_CONTEXT(2)
PARAMETRIC_REPRESENTATION_CONTEXT() REPRESENTATION_CONTEXT('2D SPACE',''
  ) );
#958 = PCURVE('',#959,#964);
#959 = PLANE('',#960);
#960 = AXIS2_PLACEMENT_3D('',#961,#962,#963);
#961 = CARTESIAN_POINT('',(-12.,24.8,-0.2));
#962 = DIRECTION('',(0.,1.,0.));
#963 = DIRECTION('',(0.,0.,1.));
#964 = DEFINITIONAL_REPRESENTATION('',(#965),#968);
#965 = B_SPLINE_CURVE_WITH_KNOTS('',1,(#966,#967),.UNSPECIFIED.,.F.,.F.,
  (2,2),(4.,6.),.PIECEWISE_BEZIER_KNOTS.);
#966 = CARTESIAN_POINT('',(0.2,2.));
#967 = CARTESIAN_POINT('',(0.2,0.));
#968 = ( GEOMETRIC_REPRESENTATION_CONTEXT(2)
PARAMETRIC_REPRESENTATION_CONTEXT() REPRESENTATION_CONTEXT('2D SPACE',''
  ) );
#969 = ORIENTED_EDGE('',*,*,#970,.T.);
#970 = EDGE_CURVE('',#945,#971,#973,.T.);
#971 = VERTEX_POINT('',#972);
#972 = CARTESIAN_POINT('',(-12.,32.8,0.));
#973 = SURFACE_CURVE('',#974,(#978,#984),.PCURVE_S1.);
#974 = LINE('',#975,#976);
#975 = CARTESIAN_POINT('',(-12.,12.4,0.));
#976 = VECTOR('',#977,1.);
#977 = DIRECTION('',(0.,1.,0.));
#978 = PCURVE('',#116,#979);
#979 = DEFINITIONAL_REPRESENTATION('',(#980),#983);
#980 = B_SPLINE_CURVE_WITH_KNOTS('',1,(#981,#982),.UNSPECIFIED.,.F.,.F.,
  (2,2),(12.4,20.4),.PIECEWISE_BEZIER_KNOTS.);
#981 = CARTESIAN_POINT('',(-12.,24.8));
#982 = CARTESIAN_POINT('',(-12.,32.8));
#983 = ( GEOMETRIC_REPRESENTATION_CONTEXT(2)
PARAMETRIC_REPRESENTATION_CONTEXT() REPRESENTATION_CONTEXT('2D SPACE',''
  ) );
#984 = PCURVE('',#985,#990);
#985 = PLANE('',#986);
#986 = AXIS2_PLACEMENT_3D('',#987,#988,#989);
#987 = CARTESIAN_POINT('',(-12.,24.8,-0.2));
#988 = DIRECTION('',(1.,0.,0.));
#989 = DIRECTION('',(0.,0.,1.));
#990 = DEFINITIONAL_REPRESENTATION('',(#991),#994);
#991 = B_SPLINE_CURVE_WITH_KNOTS('',1,(#992,#993),.UNSPECIFIED.,.F.,.F.,
  (2,2),(12.4,20.4),.PIECEWISE_BEZIER_KNOTS.);
#992 = CARTESIAN_POINT('',(0.2,0.));
#993 = CARTESIAN_POINT('',(0.2,-8.));
#994 = ( GEOMETRIC_REPRESENTATION_CONTEXT(2)
PARAMETRIC_REPRESENTATION_CONTEXT() REPRESENTATION_CONTEXT('2D SPACE',''
  ) );
#995 = ORIENTED_EDGE('',*,*,#996,.F.);
#996 = EDGE_CURVE('',#997,#971,#999,.T.);
#997 = VERTEX_POINT('',#998);
#998 = CARTESIAN_POINT('',(-10.,32.8,0.));
#999 = SURFACE_CURVE('',#1000,(#1004,#1010),.PCURVE_S1.);
#1000 = LINE('',#1001,#1002);
#1001 = CARTESIAN_POINT('',(-6.,32.8,0.));
#1002 = VECTOR('',#1003,1.);
#1003 = DIRECTION('',(-1.,0.,0.));
#1004 = PCURVE('',#116,#1005);
#1005 = DEFINITIONAL_REPRESENTATION('',(#1006),#1009);
#1006 = B_SPLINE_CURVE_WITH_KNOTS('',1,(#1007,#1008),.UNSPECIFIED.,.F.,
  .F.,(2,2),(4.,6.),.PIECEWISE_BEZIER_KNOTS.);
#1007 = CARTESIAN_POINT('',(-10.,32.8));
#1008 = CARTESIAN_POINT('',(-12.,32.8));
#1009 = ( GEOMETRIC_REPRESENTATION_CONTEXT(2)
PARAMETRIC_REPRESENTATION_CONTEXT() REPRESENTATION_CONTEXT('2D SPACE',''
  ) );
#1010 = PCURVE('',#1011,#1016);
#1011 = PLANE('',#1012);
#1012 = AXIS2_PLACEMENT_3D('',#1013,#1014,#1015);
#1013 = CARTESIAN_POINT('',(-12.,32.8,-0.2));
#1014 = DIRECTION('',(0.,1.,0.));
#1015 = DIRECTION('',(0.,0.,1.));
#1016 = DEFINITIONAL_REPRESENTATION('',(#1017),#1020);
#1017 = B_SPLINE_CURVE_WITH_KNOTS('',1,(#1018,#1019),.UNSPECIFIED.,.F.,
  .F.,(2,2),(4.,6.),.PIECEWISE_BEZIER_KNOTS.);
#1018 = CARTESIAN_POINT('',(0.2,2.));
#1019 = CARTESIAN_POINT('',(0.2,0.));
#1020 = ( GEOMETRIC_REPRESENTATION_CONTEXT(2)
PARAMETRIC_REPRESENTATION_CONTEXT() REPRESENTATION_CONTEXT('2D SPACE',''
  ) );
#1021 = ORIENTED_EDGE('',*,*,#1022,.F.);
#1022 = EDGE_CURVE('',#943,#997,#1023,.T.);
#1023 = SURFACE_CURVE('',#1024,(#1028,#1034),.PCURVE_S1.);
#1024 = LINE('',#1025,#1026);
#1025 = CARTESIAN_POINT('',(-10.,12.4,0.));
#1026 = VECTOR('',#1027,1.);
#1027 = DIRECTION('',(0.,1.,0.));
#1028 = PCURVE('',#116,#1029);
#1029 = DEFINITIONAL_REPRESENTATION('',(#1030),#1033);
#1030 = B_SPLINE_CURVE_WITH_KNOTS('',1,(#1031,#1032),.UNSPECIFIED.,.F.,
  .F.,(2,2),(12.4,20.4),.PIECEWISE_BEZIER_KNOTS.);
#1031 = CARTESIAN_POINT('',(-10.,24.8));
#1032 = CARTESIAN_POINT('',(-10.,32.8));
#1033 = ( GEOMETRIC_REPRESENTATION_CONTEXT(2)
PARAMETRIC_REPRESENTATION_CONTEXT() REPRESENTATION_CONTEXT('2D SPACE',''
  ) );
#1034 = PCURVE('',#1035,#1040);
#1035 = PLANE('',#1036);
#1036 = AXIS2_PLACEMENT_3D('',#1037,#1038,#1039);
#1037 = CARTESIAN_POINT('',(-10.,24.8,-0.2));
#1038 = DIRECTION('',(1.,0.,0.));
#1039 = DIRECTION('',(0.,0.,1.));
#1040 = DEFINITIONAL_REPRESENTATION('',(#1041),#1044);
#1041 = B_SPLINE_CURVE_WITH_KNOTS('',1,(#1042,#1043),.UNSPECIFIED.,.F.,
  .F.,(2,2),(12.4,20.4),.PIECEWISE_BEZIER_KNOTS.);
#1042 = CARTESIAN_POINT('',(0.2,0.));
#1043 = CARTESIAN_POINT('',(0.2,-8.));
#1044 = ( GEOMETRIC_REPRESENTATION_CONTEXT(2)
PARAMETRIC_REPRESENTATION_CONTEXT() REPRESENTATION_CONTEXT('2D SPACE',''
  ) );
#1045 = FACE_BOUND('',#1046,.F.);
#1046 = EDGE_LOOP('',(#1047,#1075,#1101,#1127));
#1047 = ORIENTED_EDGE('',*,*,#1048,.T.);
#1048 = EDGE_CURVE('',#1049,#1051,#1053,.T.);
#1049 = VERTEX_POINT('',#1050);
#1050 = CARTESIAN_POINT('',(12.,24.8,0.));
#1051 = VERTEX_POINT('',#1052);
#1052 = CARTESIAN_POINT('',(10.,24.8,0.));
#1053 = SURFACE_CURVE('',#1054,(#1058,#1064),.PCURVE_S1.);
#1054 = LINE('',#1055,#1056);
#1055 = CARTESIAN_POINT('',(5.,24.8,0.));
#1056 = VECTOR('',#1057,1.);
#1057 = DIRECTION('',(-1.,0.,0.));
#1058 = PCURVE('',#116,#1059);
#1059 = DEFINITIONAL_REPRESENTATION('',(#1060),#1063);
#1060 = B_SPLINE_CURVE_WITH_KNOTS('',1,(#1061,#1062),.UNSPECIFIED.,.F.,
  .F.,(2,2),(-7.,-5.),.PIECEWISE_BEZIER_KNOTS.);
#1061 = CARTESIAN_POINT('',(12.,24.8));
#1062 = CARTESIAN_POINT('',(10.,24.8));
#1063 = ( GEOMETRIC_REPRESENTATION_CONTEXT(2)
PARAMETRIC_REPRESENTATION_CONTEXT() REPRESENTATION_CONTEXT('2D SPACE',''
  ) );
#1064 = PCURVE('',#1065,#1070);
#1065 = PLANE('',#1066);
#1066 = AXIS2_PLACEMENT_3D('',#1067,#1068,#1069);
#1067 = CARTESIAN_POINT('',(10.,24.8,-0.2));
#1068 = DIRECTION('',(0.,1.,0.));
#1069 = DIRECTION('',(0.,0.,1.));
#1070 = DEFINITIONAL_REPRESENTATION('',(#1071),#1074);
#1071 = B_SPLINE_CURVE_WITH_KNOTS('',1,(#1072,#1073),.UNSPECIFIED.,.F.,
  .F.,(2,2),(-7.,-5.),.PIECEWISE_BEZIER_KNOTS.);
#1072 = CARTESIAN_POINT('',(0.2,2.));
#1073 = CARTESIAN_POINT('',(0.2,0.));
#1074 = ( GEOMETRIC_REPRESENTATION_CONTEXT(2)
PARAMETRIC_REPRESENTATION_CONTEXT() REPRESENTATION_CONTEXT('2D SPACE',''
  ) );
#1075 = ORIENTED_EDGE('',*,*,#1076,.T.);
#1076 = EDGE_CURVE('',#1051,#1077,#1079,.T.);
#1077 = VERTEX_POINT('',#1078);
#1078 = CARTESIAN_POINT('',(10.,32.8,0.));
#1079 = SURFACE_CURVE('',#1080,(#1084,#1090),.PCURVE_S1.);
#1080 = LINE('',#1081,#1082);
#1081 = CARTESIAN_POINT('',(10.,12.4,0.));
#1082 = VECTOR('',#1083,1.);
#1083 = DIRECTION('',(0.,1.,0.));
#1084 = PCURVE('',#116,#1085);
#1085 = DEFINITIONAL_REPRESENTATION('',(#1086),#1089);
#1086 = B_SPLINE_CURVE_WITH_KNOTS('',1,(#1087,#1088),.UNSPECIFIED.,.F.,
  .F.,(2,2),(12.4,20.4),.PIECEWISE_BEZIER_KNOTS.);
#1087 = CARTESIAN_POINT('',(10.,24.8));
#1088 = CARTESIAN_POINT('',(10.,32.8));
#1089 = ( GEOMETRIC_REPRESENTATION_CONTEXT(2)
PARAMETRIC_REPRESENTATION_CONTEXT() REPRESENTATION_CONTEXT('2D SPACE',''
  ) );
#1090 = PCURVE('',#1091,#1096);
#1091 = PLANE('',#1092);
#1092 = AXIS2_PLACEMENT_3D('',#1093,#1094,#1095);
#1093 = CARTESIAN_POINT('',(10.,24.8,-0.2));
#1094 = DIRECTION('',(1.,0.,0.));
#1095 = DIRECTION('',(0.,0.,1.));
#1096 = DEFINITIONAL_REPRESENTATION('',(#1097),#1100);
#1097 = B_SPLINE_CURVE_WITH_KNOTS('',1,(#1098,#1099),.UNSPECIFIED.,.F.,
  .F.,(2,2),(12.4,20.4),.PIECEWISE_BEZIER_KNOTS.);
#1098 = CARTESIAN_POINT('',(0.2,0.));
#1099 = CARTESIAN_POINT('',(0.2,-8.));
#1100 = ( GEOMETRIC_REPRESENTATION_CONTEXT(2)
PARAMETRIC_REPRESENTATION_CONTEXT() REPRESENTATION_CONTEXT('2D SPACE',''
  ) );
#1101 = ORIENTED_EDGE('',*,*,#1102,.F.);
#1102 = EDGE_CURVE('',#1103,#1077,#1105,.T.);
#1103 = VERTEX_POINT('',#1104);
#1104 = CARTESIAN_POINT('',(12.,32.8,0.));
#1105 = SURFACE_CURVE('',#1106,(#1110,#1116),.PCURVE_S1.);
#1106 = LINE('',#1107,#1108);
#1107 = CARTESIAN_POINT('',(5.,32.8,0.));
#1108 = VECTOR('',#1109,1.);
#1109 = DIRECTION('',(-1.,0.,0.));
#1110 = PCURVE('',#116,#1111);
#1111 = DEFINITIONAL_REPRESENTATION('',(#1112),#1115);
#1112 = B_SPLINE_CURVE_WITH_KNOTS('',1,(#1113,#1114),.UNSPECIFIED.,.F.,
  .F.,(2,2),(-7.,-5.),.PIECEWISE_BEZIER_KNOTS.);
#1113 = CARTESIAN_POINT('',(12.,32.8));
#1114 = CARTESIAN_POINT('',(10.,32.8));
#1115 = ( GEOMETRIC_REPRESENTATION_CONTEXT(2)
PARAMETRIC_REPRESENTATION_CONTEXT() REPRESENTATION_CONTEXT('2D SPACE',''
  ) );
#1116 = PCURVE('',#1117,#1122);
#1117 = PLANE('',#1118);
#1118 = AXIS2_PLACEMENT_3D('',#1119,#1120,#1121);
#1119 = CARTESIAN_POINT('',(10.,32.8,-0.2));
#1120 = DIRECTION('',(0.,1.,0.));
#1121 = DIRECTION('',(0.,0.,1.));
#1122 = DEFINITIONAL_REPRESENTATION('',(#1123),#1126);
#1123 = B_SPLINE_CURVE_WITH_KNOTS('',1,(#1124,#1125),.UNSPECIFIED.,.F.,
  .F.,(2,2),(-7.,-5.),.PIECEWISE_BEZIER_KNOTS.);
#1124 = CARTESIAN_POINT('',(0.2,2.));
#1125 = CARTESIAN_POINT('',(0.2,0.));
#1126 = ( GEOMETRIC_REPRESENTATION_CONTEXT(2)
PARAMETRIC_REPRESENTATION_CONTEXT() REPRESENTATION_CONTEXT('2D SPACE',''
  ) );
#1127 = ORIENTED_EDGE('',*,*,#1128,.F.);
#1128 = EDGE_CURVE('',#1049,#1103,#1129,.T.);
#1129 = SURFACE_CURVE('',#1130,(#1134,#1140),.PCURVE_S1.);
#1130 = LINE('',#1131,#1132);
#1131 = CARTESIAN_POINT('',(12.,12.4,0.));
#1132 = VECTOR('',#1133,1.);
#1133 = DIRECTION('',(0.,1.,0.));
#1134 = PCURVE('',#116,#1135);
#1135 = DEFINITIONAL_REPRESENTATION('',(#1136),#1139);
#1136 = B_SPLINE_CURVE_WITH_KNOTS('',1,(#1137,#1138),.UNSPECIFIED.,.F.,
  .F.,(2,2),(12.4,20.4),.PIECEWISE_BEZIER_KNOTS.);
#1137 = CARTESIAN_POINT('',(12.,24.8));
#1138 = CARTESIAN_POINT('',(12.,32.8));
#1139 = ( GEOMETRIC_REPRESENTATION_CONTEXT(2)
PARAMETRIC_REPRESENTATION_CONTEXT() REPRESENTATION_CONTEXT('2D SPACE',''
  ) );
#1140 = PCURVE('',#1141,#1146);
#1141 = PLANE('',#1142);
#1142 = AXIS2_PLACEMENT_3D('',#1143,#1144,#1145);
#1143 = CARTESIAN_POINT('',(12.,24.8,-0.2));
#1144 = DIRECTION('',(1.,0.,0.));
#1145 = DIRECTION('',(0.,0.,1.));
#1146 = DEFINITIONAL_REPRESENTATION('',(#1147),#1150);
#1147 = B_SPLINE_CURVE_WITH_KNOTS('',1,(#1148,#1149),.UNSPECIFIED.,.F.,
  .F.,(2,2),(12.4,20.4),.PIECEWISE_BEZIER_KNOTS.);
#1148 = CARTESIAN_POINT('',(0.2,0.));
#1149 = CARTESIAN_POINT('',(0.2,-8.));
#1150 = ( GEOMETRIC_REPRESENTATION_CONTEXT(2)
PARAMETRIC_REPRESENTATION_CONTEXT() REPRESENTATION_CONTEXT('2D SPACE',''
  ) );
#1151 = ADVANCED_FACE('',(#1152),#144,.T.);
#1152 = FACE_BOUND('',#1153,.F.);
#1153 = EDGE_LOOP('',(#1154,#1155,#1178,#1204));
#1154 = ORIENTED_EDGE('',*,*,#213,.T.);
#1155 = ORIENTED_EDGE('',*,*,#1156,.T.);
#1156 = EDGE_CURVE('',#214,#1157,#1159,.T.);
#1157 = VERTEX_POINT('',#1158);
#1158 = CARTESIAN_POINT('',(-17.95,-33.2,11.2));
#1159 = SURFACE_CURVE('',#1160,(#1164,#1171),.PCURVE_S1.);
#1160 = LINE('',#1161,#1162);
#1161 = CARTESIAN_POINT('',(-17.95,-33.2,0.));
#1162 = VECTOR('',#1163,1.);
#1163 = DIRECTION('',(0.,0.,1.));
#1164 = PCURVE('',#144,#1165);
#1165 = DEFINITIONAL_REPRESENTATION('',(#1166),#1170);
#1166 = LINE('',#1167,#1168);
#1167 = CARTESIAN_POINT('',(-1.570796326795,0.));
#1168 = VECTOR('',#1169,1.);
#1169 = DIRECTION('',(-0.,1.));
#1170 = ( GEOMETRIC_REPRESENTATION_CONTEXT(2)
PARAMETRIC_REPRESENTATION_CONTEXT() REPRESENTATION_CONTEXT('2D SPACE',''
  ) );
#1171 = PCURVE('',#858,#1172);
#1172 = DEFINITIONAL_REPRESENTATION('',(#1173),#1177);
#1173 = LINE('',#1174,#1175);
#1174 = CARTESIAN_POINT('',(68.9,0.));
#1175 = VECTOR('',#1176,1.);
#1176 = DIRECTION('',(0.,-1.));
#1177 = ( GEOMETRIC_REPRESENTATION_CONTEXT(2)
PARAMETRIC_REPRESENTATION_CONTEXT() REPRESENTATION_CONTEXT('2D SPACE',''
  ) );
#1178 = ORIENTED_EDGE('',*,*,#1179,.F.);
#1179 = EDGE_CURVE('',#129,#1157,#1180,.T.);
#1180 = SURFACE_CURVE('',#1181,(#1186,#1193),.PCURVE_S1.);
#1181 = CIRCLE('',#1182,2.5);
#1182 = AXIS2_PLACEMENT_3D('',#1183,#1184,#1185);
#1183 = CARTESIAN_POINT('',(-15.45,-33.2,11.2));
#1184 = DIRECTION('',(-0.,-0.,-1.));
#1185 = DIRECTION('',(0.,-1.,0.));
#1186 = PCURVE('',#144,#1187);
#1187 = DEFINITIONAL_REPRESENTATION('',(#1188),#1192);
#1188 = LINE('',#1189,#1190);
#1189 = CARTESIAN_POINT('',(-0.,11.2));
#1190 = VECTOR('',#1191,1.);
#1191 = DIRECTION('',(-1.,0.));
#1192 = ( GEOMETRIC_REPRESENTATION_CONTEXT(2)
PARAMETRIC_REPRESENTATION_CONTEXT() REPRESENTATION_CONTEXT('2D SPACE',''
  ) );
#1193 = PCURVE('',#172,#1194);
#1194 = DEFINITIONAL_REPRESENTATION('',(#1195),#1203);
#1195 = ( BOUNDED_CURVE() B_SPLINE_CURVE(2,(#1196,#1197,#1198,#1199,
#1200,#1201,#1202),.UNSPECIFIED.,.T.,.F.) B_SPLINE_CURVE_WITH_KNOTS((1,2
    ,2,2,2,1),(-2.094395102393,0.,2.094395102393,4.188790204786,
6.28318530718,8.377580409573),.UNSPECIFIED.) CURVE()
GEOMETRIC_REPRESENTATION_ITEM() RATIONAL_B_SPLINE_CURVE((1.,0.5,1.,0.5,
1.,0.5,1.)) REPRESENTATION_ITEM('') );
#1196 = CARTESIAN_POINT('',(-15.45,-35.7));
#1197 = CARTESIAN_POINT('',(-19.78012701892,-35.7));
#1198 = CARTESIAN_POINT('',(-17.61506350946,-31.95));
#1199 = CARTESIAN_POINT('',(-15.45,-28.2));
#1200 = CARTESIAN_POINT('',(-13.28493649053,-31.95));
#1201 = CARTESIAN_POINT('',(-11.11987298107,-35.7));
#1202 = CARTESIAN_POINT('',(-15.45,-35.7));
#1203 = ( GEOMETRIC_REPRESENTATION_CONTEXT(2)
PARAMETRIC_REPRESENTATION_CONTEXT() REPRESENTATION_CONTEXT('2D SPACE',''
  ) );
#1204 = ORIENTED_EDGE('',*,*,#128,.F.);
#1205 = ADVANCED_FACE('',(#1206),#198,.T.);
#1206 = FACE_BOUND('',#1207,.T.);
#1207 = EDGE_LOOP('',(#1208,#1209,#1232,#1254));
#1208 = ORIENTED_EDGE('',*,*,#242,.T.);
#1209 = ORIENTED_EDGE('',*,*,#1210,.T.);
#1210 = EDGE_CURVE('',#243,#1211,#1213,.T.);
#1211 = VERTEX_POINT('',#1212);
#1212 = CARTESIAN_POINT('',(17.95,-33.2,11.2));
#1213 = SURFACE_CURVE('',#1214,(#1218,#1225),.PCURVE_S1.);
#1214 = LINE('',#1215,#1216);
#1215 = CARTESIAN_POINT('',(17.95,-33.2,0.));
#1216 = VECTOR('',#1217,1.);
#1217 = DIRECTION('',(0.,0.,1.));
#1218 = PCURVE('',#198,#1219);
#1219 = DEFINITIONAL_REPRESENTATION('',(#1220),#1224);
#1220 = LINE('',#1221,#1222);
#1221 = CARTESIAN_POINT('',(1.570796326795,0.));
#1222 = VECTOR('',#1223,1.);
#1223 = DIRECTION('',(0.,1.));
#1224 = ( GEOMETRIC_REPRESENTATION_CONTEXT(2)
PARAMETRIC_REPRESENTATION_CONTEXT() REPRESENTATION_CONTEXT('2D SPACE',''
  ) );
#1225 = PCURVE('',#282,#1226);
#1226 = DEFINITIONAL_REPRESENTATION('',(#1227),#1231);
#1227 = LINE('',#1228,#1229);
#1228 = CARTESIAN_POINT('',(2.5,0.));
#1229 = VECTOR('',#1230,1.);
#1230 = DIRECTION('',(0.,-1.));
#1231 = ( GEOMETRIC_REPRESENTATION_CONTEXT(2)
PARAMETRIC_REPRESENTATION_CONTEXT() REPRESENTATION_CONTEXT('2D SPACE',''
  ) );
#1232 = ORIENTED_EDGE('',*,*,#1233,.F.);
#1233 = EDGE_CURVE('',#157,#1211,#1234,.T.);
#1234 = SURFACE_CURVE('',#1235,(#1240,#1247),.PCURVE_S1.);
#1235 = CIRCLE('',#1236,2.5);
#1236 = AXIS2_PLACEMENT_3D('',#1237,#1238,#1239);
#1237 = CARTESIAN_POINT('',(15.45,-33.2,11.2));
#1238 = DIRECTION('',(0.,0.,1.));
#1239 = DIRECTION('',(0.,-1.,0.));
#1240 = PCURVE('',#198,#1241);
#1241 = DEFINITIONAL_REPRESENTATION('',(#1242),#1246);
#1242 = LINE('',#1243,#1244);
#1243 = CARTESIAN_POINT('',(0.,11.2));
#1244 = VECTOR('',#1245,1.);
#1245 = DIRECTION('',(1.,0.));
#1246 = ( GEOMETRIC_REPRESENTATION_CONTEXT(2)
PARAMETRIC_REPRESENTATION_CONTEXT() REPRESENTATION_CONTEXT('2D SPACE',''
  ) );
#1247 = PCURVE('',#172,#1248);
#1248 = DEFINITIONAL_REPRESENTATION('',(#1249),#1253);
#1249 = CIRCLE('',#1250,2.5);
#1250 = AXIS2_PLACEMENT_2D('',#1251,#1252);
#1251 = CARTESIAN_POINT('',(15.45,-33.2));
#1252 = DIRECTION('',(0.,-1.));
#1253 = ( GEOMETRIC_REPRESENTATION_CONTEXT(2)
PARAMETRIC_REPRESENTATION_CONTEXT() REPRESENTATION_CONTEXT('2D SPACE',''
  ) );
#1254 = ORIENTED_EDGE('',*,*,#184,.F.);
#1255 = ADVANCED_FACE('',(#1256,#1760,#1795,#1906),#172,.T.);
#1256 = FACE_BOUND('',#1257,.T.);
#1257 = EDGE_LOOP('',(#1258,#1259,#1260,#1261,#1284,#1312,#1335,#1359,
    #1382,#1406,#1429,#1453,#1476,#1500,#1523,#1547,#1570,#1594,#1617,
    #1641,#1664,#1692,#1715,#1739));
#1258 = ORIENTED_EDGE('',*,*,#1179,.F.);
#1259 = ORIENTED_EDGE('',*,*,#156,.T.);
#1260 = ORIENTED_EDGE('',*,*,#1233,.T.);
#1261 = ORIENTED_EDGE('',*,*,#1262,.T.);
#1262 = EDGE_CURVE('',#1211,#1263,#1265,.T.);
#1263 = VERTEX_POINT('',#1264);
#1264 = CARTESIAN_POINT('',(17.95,-7.621307488659,11.2));
#1265 = SURFACE_CURVE('',#1266,(#1270,#1277),.PCURVE_S1.);
#1266 = LINE('',#1267,#1268);
#1267 = CARTESIAN_POINT('',(17.95,-35.7,11.2));
#1268 = VECTOR('',#1269,1.);
#1269 = DIRECTION('',(0.,1.,0.));
#1270 = PCURVE('',#172,#1271);
#1271 = DEFINITIONAL_REPRESENTATION('',(#1272),#1276);
#1272 = LINE('',#1273,#1274);
#1273 = CARTESIAN_POINT('',(17.95,-35.7));
#1274 = VECTOR('',#1275,1.);
#1275 = DIRECTION('',(0.,1.));
#1276 = ( GEOMETRIC_REPRESENTATION_CONTEXT(2)
PARAMETRIC_REPRESENTATION_CONTEXT() REPRESENTATION_CONTEXT('2D SPACE',''
  ) );
#1277 = PCURVE('',#282,#1278);
#1278 = DEFINITIONAL_REPRESENTATION('',(#1279),#1283);
#1279 = LINE('',#1280,#1281);
#1280 = CARTESIAN_POINT('',(0.,-11.2));
#1281 = VECTOR('',#1282,1.);
#1282 = DIRECTION('',(1.,0.));
#1283 = ( GEOMETRIC_REPRESENTATION_CONTEXT(2)
PARAMETRIC_REPRESENTATION_CONTEXT() REPRESENTATION_CONTEXT('2D SPACE',''
  ) );
#1284 = ORIENTED_EDGE('',*,*,#1285,.F.);
#1285 = EDGE_CURVE('',#1286,#1263,#1288,.T.);
#1286 = VERTEX_POINT('',#1287);
#1287 = CARTESIAN_POINT('',(19.7,-9.,11.2));
#1288 = SURFACE_CURVE('',#1289,(#1294,#1305),.PCURVE_S1.);
#1289 = CIRCLE('',#1290,1.8);
#1290 = AXIS2_PLACEMENT_3D('',#1291,#1292,#1293);
#1291 = CARTESIAN_POINT('',(19.7,-7.2,11.2));
#1292 = DIRECTION('',(-0.,-0.,-1.));
#1293 = DIRECTION('',(0.,-1.,0.));
#1294 = PCURVE('',#172,#1295);
#1295 = DEFINITIONAL_REPRESENTATION('',(#1296),#1304);
#1296 = ( BOUNDED_CURVE() B_SPLINE_CURVE(2,(#1297,#1298,#1299,#1300,
#1301,#1302,#1303),.UNSPECIFIED.,.T.,.F.) B_SPLINE_CURVE_WITH_KNOTS((1,2
    ,2,2,2,1),(-2.094395102393,0.,2.094395102393,4.188790204786,
6.28318530718,8.377580409573),.UNSPECIFIED.) CURVE()
GEOMETRIC_REPRESENTATION_ITEM() RATIONAL_B_SPLINE_CURVE((1.,0.5,1.,0.5,
1.,0.5,1.)) REPRESENTATION_ITEM('') );
#1297 = CARTESIAN_POINT('',(19.7,-9.));
#1298 = CARTESIAN_POINT('',(16.582308546376,-9.));
#1299 = CARTESIAN_POINT('',(18.141154273188,-6.3));
#1300 = CARTESIAN_POINT('',(19.7,-3.6));
#1301 = CARTESIAN_POINT('',(21.258845726812,-6.3));
#1302 = CARTESIAN_POINT('',(22.817691453624,-9.));
#1303 = CARTESIAN_POINT('',(19.7,-9.));
#1304 = ( GEOMETRIC_REPRESENTATION_CONTEXT(2)
PARAMETRIC_REPRESENTATION_CONTEXT() REPRESENTATION_CONTEXT('2D SPACE',''
  ) );
#1305 = PCURVE('',#315,#1306);
#1306 = DEFINITIONAL_REPRESENTATION('',(#1307),#1311);
#1307 = LINE('',#1308,#1309);
#1308 = CARTESIAN_POINT('',(-0.,11.2));
#1309 = VECTOR('',#1310,1.);
#1310 = DIRECTION('',(-1.,0.));
#1311 = ( GEOMETRIC_REPRESENTATION_CONTEXT(2)
PARAMETRIC_REPRESENTATION_CONTEXT() REPRESENTATION_CONTEXT('2D SPACE',''
  ) );
#1312 = ORIENTED_EDGE('',*,*,#1313,.T.);
#1313 = EDGE_CURVE('',#1286,#1314,#1316,.T.);
#1314 = VERTEX_POINT('',#1315);
#1315 = CARTESIAN_POINT('',(23.1,-9.,11.2));
#1316 = SURFACE_CURVE('',#1317,(#1321,#1328),.PCURVE_S1.);
#1317 = LINE('',#1318,#1319);
#1318 = CARTESIAN_POINT('',(17.9,-9.,11.2));
#1319 = VECTOR('',#1320,1.);
#1320 = DIRECTION('',(1.,0.,0.));
#1321 = PCURVE('',#172,#1322);
#1322 = DEFINITIONAL_REPRESENTATION('',(#1323),#1327);
#1323 = LINE('',#1324,#1325);
#1324 = CARTESIAN_POINT('',(17.9,-9.));
#1325 = VECTOR('',#1326,1.);
#1326 = DIRECTION('',(1.,0.));
#1327 = ( GEOMETRIC_REPRESENTATION_CONTEXT(2)
PARAMETRIC_REPRESENTATION_CONTEXT() REPRESENTATION_CONTEXT('2D SPACE',''
  ) );
#1328 = PCURVE('',#343,#1329);
#1329 = DEFINITIONAL_REPRESENTATION('',(#1330),#1334);
#1330 = LINE('',#1331,#1332);
#1331 = CARTESIAN_POINT('',(0.,-11.2));
#1332 = VECTOR('',#1333,1.);
#1333 = DIRECTION('',(1.,0.));
#1334 = ( GEOMETRIC_REPRESENTATION_CONTEXT(2)
PARAMETRIC_REPRESENTATION_CONTEXT() REPRESENTATION_CONTEXT('2D SPACE',''
  ) );
#1335 = ORIENTED_EDGE('',*,*,#1336,.T.);
#1336 = EDGE_CURVE('',#1314,#1337,#1339,.T.);
#1337 = VERTEX_POINT('',#1338);
#1338 = CARTESIAN_POINT('',(24.9,-7.2,11.2));
#1339 = SURFACE_CURVE('',#1340,(#1345,#1352),.PCURVE_S1.);
#1340 = CIRCLE('',#1341,1.8);
#1341 = AXIS2_PLACEMENT_3D('',#1342,#1343,#1344);
#1342 = CARTESIAN_POINT('',(23.1,-7.2,11.2));
#1343 = DIRECTION('',(0.,0.,1.));
#1344 = DIRECTION('',(0.,-1.,0.));
#1345 = PCURVE('',#172,#1346);
#1346 = DEFINITIONAL_REPRESENTATION('',(#1347),#1351);
#1347 = CIRCLE('',#1348,1.8);
#1348 = AXIS2_PLACEMENT_2D('',#1349,#1350);
#1349 = CARTESIAN_POINT('',(23.1,-7.2));
#1350 = DIRECTION('',(0.,-1.));
#1351 = ( GEOMETRIC_REPRESENTATION_CONTEXT(2)
PARAMETRIC_REPRESENTATION_CONTEXT() REPRESENTATION_CONTEXT('2D SPACE',''
  ) );
#1352 = PCURVE('',#372,#1353);
#1353 = DEFINITIONAL_REPRESENTATION('',(#1354),#1358);
#1354 = LINE('',#1355,#1356);
#1355 = CARTESIAN_POINT('',(0.,11.2));
#1356 = VECTOR('',#1357,1.);
#1357 = DIRECTION('',(1.,0.));
#1358 = ( GEOMETRIC_REPRESENTATION_CONTEXT(2)
PARAMETRIC_REPRESENTATION_CONTEXT() REPRESENTATION_CONTEXT('2D SPACE',''
  ) );
#1359 = ORIENTED_EDGE('',*,*,#1360,.T.);
#1360 = EDGE_CURVE('',#1337,#1361,#1363,.T.);
#1361 = VERTEX_POINT('',#1362);
#1362 = CARTESIAN_POINT('',(24.9,7.2,11.2));
#1363 = SURFACE_CURVE('',#1364,(#1368,#1375),.PCURVE_S1.);
#1364 = LINE('',#1365,#1366);
#1365 = CARTESIAN_POINT('',(24.9,-9.,11.2));
#1366 = VECTOR('',#1367,1.);
#1367 = DIRECTION('',(0.,1.,0.));
#1368 = PCURVE('',#172,#1369);
#1369 = DEFINITIONAL_REPRESENTATION('',(#1370),#1374);
#1370 = LINE('',#1371,#1372);
#1371 = CARTESIAN_POINT('',(24.9,-9.));
#1372 = VECTOR('',#1373,1.);
#1373 = DIRECTION('',(0.,1.));
#1374 = ( GEOMETRIC_REPRESENTATION_CONTEXT(2)
PARAMETRIC_REPRESENTATION_CONTEXT() REPRESENTATION_CONTEXT('2D SPACE',''
  ) );
#1375 = PCURVE('',#400,#1376);
#1376 = DEFINITIONAL_REPRESENTATION('',(#1377),#1381);
#1377 = LINE('',#1378,#1379);
#1378 = CARTESIAN_POINT('',(0.,-11.2));
#1379 = VECTOR('',#1380,1.);
#1380 = DIRECTION('',(1.,0.));
#1381 = ( GEOMETRIC_REPRESENTATION_CONTEXT(2)
PARAMETRIC_REPRESENTATION_CONTEXT() REPRESENTATION_CONTEXT('2D SPACE',''
  ) );
#1382 = ORIENTED_EDGE('',*,*,#1383,.T.);
#1383 = EDGE_CURVE('',#1361,#1384,#1386,.T.);
#1384 = VERTEX_POINT('',#1385);
#1385 = CARTESIAN_POINT('',(23.1,9.,11.2));
#1386 = SURFACE_CURVE('',#1387,(#1392,#1399),.PCURVE_S1.);
#1387 = CIRCLE('',#1388,1.8);
#1388 = AXIS2_PLACEMENT_3D('',#1389,#1390,#1391);
#1389 = CARTESIAN_POINT('',(23.1,7.2,11.2));
#1390 = DIRECTION('',(0.,0.,1.));
#1391 = DIRECTION('',(0.,-1.,0.));
#1392 = PCURVE('',#172,#1393);
#1393 = DEFINITIONAL_REPRESENTATION('',(#1394),#1398);
#1394 = CIRCLE('',#1395,1.8);
#1395 = AXIS2_PLACEMENT_2D('',#1396,#1397);
#1396 = CARTESIAN_POINT('',(23.1,7.2));
#1397 = DIRECTION('',(0.,-1.));
#1398 = ( GEOMETRIC_REPRESENTATION_CONTEXT(2)
PARAMETRIC_REPRESENTATION_CONTEXT() REPRESENTATION_CONTEXT('2D SPACE',''
  ) );
#1399 = PCURVE('',#429,#1400);
#1400 = DEFINITIONAL_REPRESENTATION('',(#1401),#1405);
#1401 = LINE('',#1402,#1403);
#1402 = CARTESIAN_POINT('',(-1.570796326795,11.2));
#1403 = VECTOR('',#1404,1.);
#1404 = DIRECTION('',(1.,0.));
#1405 = ( GEOMETRIC_REPRESENTATION_CONTEXT(2)
PARAMETRIC_REPRESENTATION_CONTEXT() REPRESENTATION_CONTEXT('2D SPACE',''
  ) );
#1406 = ORIENTED_EDGE('',*,*,#1407,.T.);
#1407 = EDGE_CURVE('',#1384,#1408,#1410,.T.);
#1408 = VERTEX_POINT('',#1409);
#1409 = CARTESIAN_POINT('',(19.7,9.,11.2));
#1410 = SURFACE_CURVE('',#1411,(#1415,#1422),.PCURVE_S1.);
#1411 = LINE('',#1412,#1413);
#1412 = CARTESIAN_POINT('',(24.9,9.,11.2));
#1413 = VECTOR('',#1414,1.);
#1414 = DIRECTION('',(-1.,0.,0.));
#1415 = PCURVE('',#172,#1416);
#1416 = DEFINITIONAL_REPRESENTATION('',(#1417),#1421);
#1417 = LINE('',#1418,#1419);
#1418 = CARTESIAN_POINT('',(24.9,9.));
#1419 = VECTOR('',#1420,1.);
#1420 = DIRECTION('',(-1.,0.));
#1421 = ( GEOMETRIC_REPRESENTATION_CONTEXT(2)
PARAMETRIC_REPRESENTATION_CONTEXT() REPRESENTATION_CONTEXT('2D SPACE',''
  ) );
#1422 = PCURVE('',#457,#1423);
#1423 = DEFINITIONAL_REPRESENTATION('',(#1424),#1428);
#1424 = LINE('',#1425,#1426);
#1425 = CARTESIAN_POINT('',(0.,-11.2));
#1426 = VECTOR('',#1427,1.);
#1427 = DIRECTION('',(1.,0.));
#1428 = ( GEOMETRIC_REPRESENTATION_CONTEXT(2)
PARAMETRIC_REPRESENTATION_CONTEXT() REPRESENTATION_CONTEXT('2D SPACE',''
  ) );
#1429 = ORIENTED_EDGE('',*,*,#1430,.T.);
#1430 = EDGE_CURVE('',#1408,#1431,#1433,.T.);
#1431 = VERTEX_POINT('',#1432);
#1432 = CARTESIAN_POINT('',(17.95,7.621307488659,11.2));
#1433 = SURFACE_CURVE('',#1434,(#1439,#1446),.PCURVE_S1.);
#1434 = CIRCLE('',#1435,1.8);
#1435 = AXIS2_PLACEMENT_3D('',#1436,#1437,#1438);
#1436 = CARTESIAN_POINT('',(19.7,7.2,11.2));
#1437 = DIRECTION('',(0.,0.,1.));
#1438 = DIRECTION('',(0.,-1.,0.));
#1439 = PCURVE('',#172,#1440);
#1440 = DEFINITIONAL_REPRESENTATION('',(#1441),#1445);
#1441 = CIRCLE('',#1442,1.8);
#1442 = AXIS2_PLACEMENT_2D('',#1443,#1444);
#1443 = CARTESIAN_POINT('',(19.7,7.2));
#1444 = DIRECTION('',(0.,-1.));
#1445 = ( GEOMETRIC_REPRESENTATION_CONTEXT(2)
PARAMETRIC_REPRESENTATION_CONTEXT() REPRESENTATION_CONTEXT('2D SPACE',''
  ) );
#1446 = PCURVE('',#486,#1447);
#1447 = DEFINITIONAL_REPRESENTATION('',(#1448),#1452);
#1448 = LINE('',#1449,#1450);
#1449 = CARTESIAN_POINT('',(-3.14159265359,11.2));
#1450 = VECTOR('',#1451,1.);
#1451 = DIRECTION('',(1.,0.));
#1452 = ( GEOMETRIC_REPRESENTATION_CONTEXT(2)
PARAMETRIC_REPRESENTATION_CONTEXT() REPRESENTATION_CONTEXT('2D SPACE',''
  ) );
#1453 = ORIENTED_EDGE('',*,*,#1454,.T.);
#1454 = EDGE_CURVE('',#1431,#1455,#1457,.T.);
#1455 = VERTEX_POINT('',#1456);
#1456 = CARTESIAN_POINT('',(17.95,33.2,11.2));
#1457 = SURFACE_CURVE('',#1458,(#1462,#1469),.PCURVE_S1.);
#1458 = LINE('',#1459,#1460);
#1459 = CARTESIAN_POINT('',(17.95,-35.7,11.2));
#1460 = VECTOR('',#1461,1.);
#1461 = DIRECTION('',(0.,1.,0.));
#1462 = PCURVE('',#172,#1463);
#1463 = DEFINITIONAL_REPRESENTATION('',(#1464),#1468);
#1464 = LINE('',#1465,#1466);
#1465 = CARTESIAN_POINT('',(17.95,-35.7));
#1466 = VECTOR('',#1467,1.);
#1467 = DIRECTION('',(0.,1.));
#1468 = ( GEOMETRIC_REPRESENTATION_CONTEXT(2)
PARAMETRIC_REPRESENTATION_CONTEXT() REPRESENTATION_CONTEXT('2D SPACE',''
  ) );
#1469 = PCURVE('',#514,#1470);
#1470 = DEFINITIONAL_REPRESENTATION('',(#1471),#1475);
#1471 = LINE('',#1472,#1473);
#1472 = CARTESIAN_POINT('',(0.,-11.2));
#1473 = VECTOR('',#1474,1.);
#1474 = DIRECTION('',(1.,0.));
#1475 = ( GEOMETRIC_REPRESENTATION_CONTEXT(2)
PARAMETRIC_REPRESENTATION_CONTEXT() REPRESENTATION_CONTEXT('2D SPACE',''
  ) );
#1476 = ORIENTED_EDGE('',*,*,#1477,.T.);
#1477 = EDGE_CURVE('',#1455,#1478,#1480,.T.);
#1478 = VERTEX_POINT('',#1479);
#1479 = CARTESIAN_POINT('',(15.45,35.7,11.2));
#1480 = SURFACE_CURVE('',#1481,(#1486,#1493),.PCURVE_S1.);
#1481 = CIRCLE('',#1482,2.5);
#1482 = AXIS2_PLACEMENT_3D('',#1483,#1484,#1485);
#1483 = CARTESIAN_POINT('',(15.45,33.2,11.2));
#1484 = DIRECTION('',(0.,0.,1.));
#1485 = DIRECTION('',(0.,-1.,0.));
#1486 = PCURVE('',#172,#1487);
#1487 = DEFINITIONAL_REPRESENTATION('',(#1488),#1492);
#1488 = CIRCLE('',#1489,2.5);
#1489 = AXIS2_PLACEMENT_2D('',#1490,#1491);
#1490 = CARTESIAN_POINT('',(15.45,33.2));
#1491 = DIRECTION('',(0.,-1.));
#1492 = ( GEOMETRIC_REPRESENTATION_CONTEXT(2)
PARAMETRIC_REPRESENTATION_CONTEXT() REPRESENTATION_CONTEXT('2D SPACE',''
  ) );
#1493 = PCURVE('',#543,#1494);
#1494 = DEFINITIONAL_REPRESENTATION('',(#1495),#1499);
#1495 = LINE('',#1496,#1497);
#1496 = CARTESIAN_POINT('',(-1.570796326795,11.2));
#1497 = VECTOR('',#1498,1.);
#1498 = DIRECTION('',(1.,0.));
#1499 = ( GEOMETRIC_REPRESENTATION_CONTEXT(2)
PARAMETRIC_REPRESENTATION_CONTEXT() REPRESENTATION_CONTEXT('2D SPACE',''
  ) );
#1500 = ORIENTED_EDGE('',*,*,#1501,.T.);
#1501 = EDGE_CURVE('',#1478,#1502,#1504,.T.);
#1502 = VERTEX_POINT('',#1503);
#1503 = CARTESIAN_POINT('',(-15.45,35.7,11.2));
#1504 = SURFACE_CURVE('',#1505,(#1509,#1516),.PCURVE_S1.);
#1505 = LINE('',#1506,#1507);
#1506 = CARTESIAN_POINT('',(17.95,35.7,11.2));
#1507 = VECTOR('',#1508,1.);
#1508 = DIRECTION('',(-1.,0.,0.));
#1509 = PCURVE('',#172,#1510);
#1510 = DEFINITIONAL_REPRESENTATION('',(#1511),#1515);
#1511 = LINE('',#1512,#1513);
#1512 = CARTESIAN_POINT('',(17.95,35.7));
#1513 = VECTOR('',#1514,1.);
#1514 = DIRECTION('',(-1.,0.));
#1515 = ( GEOMETRIC_REPRESENTATION_CONTEXT(2)
PARAMETRIC_REPRESENTATION_CONTEXT() REPRESENTATION_CONTEXT('2D SPACE',''
  ) );
#1516 = PCURVE('',#571,#1517);
#1517 = DEFINITIONAL_REPRESENTATION('',(#1518),#1522);
#1518 = LINE('',#1519,#1520);
#1519 = CARTESIAN_POINT('',(0.,-11.2));
#1520 = VECTOR('',#1521,1.);
#1521 = DIRECTION('',(1.,0.));
#1522 = ( GEOMETRIC_REPRESENTATION_CONTEXT(2)
PARAMETRIC_REPRESENTATION_CONTEXT() REPRESENTATION_CONTEXT('2D SPACE',''
  ) );
#1523 = ORIENTED_EDGE('',*,*,#1524,.T.);
#1524 = EDGE_CURVE('',#1502,#1525,#1527,.T.);
#1525 = VERTEX_POINT('',#1526);
#1526 = CARTESIAN_POINT('',(-17.95,33.2,11.2));
#1527 = SURFACE_CURVE('',#1528,(#1533,#1540),.PCURVE_S1.);
#1528 = CIRCLE('',#1529,2.5);
#1529 = AXIS2_PLACEMENT_3D('',#1530,#1531,#1532);
#1530 = CARTESIAN_POINT('',(-15.45,33.2,11.2));
#1531 = DIRECTION('',(0.,0.,1.));
#1532 = DIRECTION('',(0.,-1.,0.));
#1533 = PCURVE('',#172,#1534);
#1534 = DEFINITIONAL_REPRESENTATION('',(#1535),#1539);
#1535 = CIRCLE('',#1536,2.5);
#1536 = AXIS2_PLACEMENT_2D('',#1537,#1538);
#1537 = CARTESIAN_POINT('',(-15.45,33.2));
#1538 = DIRECTION('',(0.,-1.));
#1539 = ( GEOMETRIC_REPRESENTATION_CONTEXT(2)
PARAMETRIC_REPRESENTATION_CONTEXT() REPRESENTATION_CONTEXT('2D SPACE',''
  ) );
#1540 = PCURVE('',#600,#1541);
#1541 = DEFINITIONAL_REPRESENTATION('',(#1542),#1546);
#1542 = LINE('',#1543,#1544);
#1543 = CARTESIAN_POINT('',(-3.14159265359,11.2));
#1544 = VECTOR('',#1545,1.);
#1545 = DIRECTION('',(1.,0.));
#1546 = ( GEOMETRIC_REPRESENTATION_CONTEXT(2)
PARAMETRIC_REPRESENTATION_CONTEXT() REPRESENTATION_CONTEXT('2D SPACE',''
  ) );
#1547 = ORIENTED_EDGE('',*,*,#1548,.T.);
#1548 = EDGE_CURVE('',#1525,#1549,#1551,.T.);
#1549 = VERTEX_POINT('',#1550);
#1550 = CARTESIAN_POINT('',(-17.95,7.621307488659,11.2));
#1551 = SURFACE_CURVE('',#1552,(#1556,#1563),.PCURVE_S1.);
#1552 = LINE('',#1553,#1554);
#1553 = CARTESIAN_POINT('',(-17.95,35.7,11.2));
#1554 = VECTOR('',#1555,1.);
#1555 = DIRECTION('',(0.,-1.,0.));
#1556 = PCURVE('',#172,#1557);
#1557 = DEFINITIONAL_REPRESENTATION('',(#1558),#1562);
#1558 = LINE('',#1559,#1560);
#1559 = CARTESIAN_POINT('',(-17.95,35.7));
#1560 = VECTOR('',#1561,1.);
#1561 = DIRECTION('',(0.,-1.));
#1562 = ( GEOMETRIC_REPRESENTATION_CONTEXT(2)
PARAMETRIC_REPRESENTATION_CONTEXT() REPRESENTATION_CONTEXT('2D SPACE',''
  ) );
#1563 = PCURVE('',#628,#1564);
#1564 = DEFINITIONAL_REPRESENTATION('',(#1565),#1569);
#1565 = LINE('',#1566,#1567);
#1566 = CARTESIAN_POINT('',(0.,-11.2));
#1567 = VECTOR('',#1568,1.);
#1568 = DIRECTION('',(1.,0.));
#1569 = ( GEOMETRIC_REPRESENTATION_CONTEXT(2)
PARAMETRIC_REPRESENTATION_CONTEXT() REPRESENTATION_CONTEXT('2D SPACE',''
  ) );
#1570 = ORIENTED_EDGE('',*,*,#1571,.T.);
#1571 = EDGE_CURVE('',#1549,#1572,#1574,.T.);
#1572 = VERTEX_POINT('',#1573);
#1573 = CARTESIAN_POINT('',(-19.7,9.,11.2));
#1574 = SURFACE_CURVE('',#1575,(#1580,#1587),.PCURVE_S1.);
#1575 = CIRCLE('',#1576,1.8);
#1576 = AXIS2_PLACEMENT_3D('',#1577,#1578,#1579);
#1577 = CARTESIAN_POINT('',(-19.7,7.2,11.2));
#1578 = DIRECTION('',(0.,0.,1.));
#1579 = DIRECTION('',(0.,-1.,0.));
#1580 = PCURVE('',#172,#1581);
#1581 = DEFINITIONAL_REPRESENTATION('',(#1582),#1586);
#1582 = CIRCLE('',#1583,1.8);
#1583 = AXIS2_PLACEMENT_2D('',#1584,#1585);
#1584 = CARTESIAN_POINT('',(-19.7,7.2));
#1585 = DIRECTION('',(0.,-1.));
#1586 = ( GEOMETRIC_REPRESENTATION_CONTEXT(2)
PARAMETRIC_REPRESENTATION_CONTEXT() REPRESENTATION_CONTEXT('2D SPACE',''
  ) );
#1587 = PCURVE('',#657,#1588);
#1588 = DEFINITIONAL_REPRESENTATION('',(#1589),#1593);
#1589 = LINE('',#1590,#1591);
#1590 = CARTESIAN_POINT('',(-1.570796326795,11.2));
#1591 = VECTOR('',#1592,1.);
#1592 = DIRECTION('',(1.,0.));
#1593 = ( GEOMETRIC_REPRESENTATION_CONTEXT(2)
PARAMETRIC_REPRESENTATION_CONTEXT() REPRESENTATION_CONTEXT('2D SPACE',''
  ) );
#1594 = ORIENTED_EDGE('',*,*,#1595,.T.);
#1595 = EDGE_CURVE('',#1572,#1596,#1598,.T.);
#1596 = VERTEX_POINT('',#1597);
#1597 = CARTESIAN_POINT('',(-23.1,9.,11.2));
#1598 = SURFACE_CURVE('',#1599,(#1603,#1610),.PCURVE_S1.);
#1599 = LINE('',#1600,#1601);
#1600 = CARTESIAN_POINT('',(-17.9,9.,11.2));
#1601 = VECTOR('',#1602,1.);
#1602 = DIRECTION('',(-1.,0.,0.));
#1603 = PCURVE('',#172,#1604);
#1604 = DEFINITIONAL_REPRESENTATION('',(#1605),#1609);
#1605 = LINE('',#1606,#1607);
#1606 = CARTESIAN_POINT('',(-17.9,9.));
#1607 = VECTOR('',#1608,1.);
#1608 = DIRECTION('',(-1.,0.));
#1609 = ( GEOMETRIC_REPRESENTATION_CONTEXT(2)
PARAMETRIC_REPRESENTATION_CONTEXT() REPRESENTATION_CONTEXT('2D SPACE',''
  ) );
#1610 = PCURVE('',#685,#1611);
#1611 = DEFINITIONAL_REPRESENTATION('',(#1612),#1616);
#1612 = LINE('',#1613,#1614);
#1613 = CARTESIAN_POINT('',(0.,-11.2));
#1614 = VECTOR('',#1615,1.);
#1615 = DIRECTION('',(1.,0.));
#1616 = ( GEOMETRIC_REPRESENTATION_CONTEXT(2)
PARAMETRIC_REPRESENTATION_CONTEXT() REPRESENTATION_CONTEXT('2D SPACE',''
  ) );
#1617 = ORIENTED_EDGE('',*,*,#1618,.T.);
#1618 = EDGE_CURVE('',#1596,#1619,#1621,.T.);
#1619 = VERTEX_POINT('',#1620);
#1620 = CARTESIAN_POINT('',(-24.9,7.2,11.2));
#1621 = SURFACE_CURVE('',#1622,(#1627,#1634),.PCURVE_S1.);
#1622 = CIRCLE('',#1623,1.8);
#1623 = AXIS2_PLACEMENT_3D('',#1624,#1625,#1626);
#1624 = CARTESIAN_POINT('',(-23.1,7.2,11.2));
#1625 = DIRECTION('',(0.,0.,1.));
#1626 = DIRECTION('',(0.,-1.,0.));
#1627 = PCURVE('',#172,#1628);
#1628 = DEFINITIONAL_REPRESENTATION('',(#1629),#1633);
#1629 = CIRCLE('',#1630,1.8);
#1630 = AXIS2_PLACEMENT_2D('',#1631,#1632);
#1631 = CARTESIAN_POINT('',(-23.1,7.2));
#1632 = DIRECTION('',(0.,-1.));
#1633 = ( GEOMETRIC_REPRESENTATION_CONTEXT(2)
PARAMETRIC_REPRESENTATION_CONTEXT() REPRESENTATION_CONTEXT('2D SPACE',''
  ) );
#1634 = PCURVE('',#714,#1635);
#1635 = DEFINITIONAL_REPRESENTATION('',(#1636),#1640);
#1636 = LINE('',#1637,#1638);
#1637 = CARTESIAN_POINT('',(-3.14159265359,11.2));
#1638 = VECTOR('',#1639,1.);
#1639 = DIRECTION('',(1.,0.));
#1640 = ( GEOMETRIC_REPRESENTATION_CONTEXT(2)
PARAMETRIC_REPRESENTATION_CONTEXT() REPRESENTATION_CONTEXT('2D SPACE',''
  ) );
#1641 = ORIENTED_EDGE('',*,*,#1642,.T.);
#1642 = EDGE_CURVE('',#1619,#1643,#1645,.T.);
#1643 = VERTEX_POINT('',#1644);
#1644 = CARTESIAN_POINT('',(-24.9,-7.2,11.2));
#1645 = SURFACE_CURVE('',#1646,(#1650,#1657),.PCURVE_S1.);
#1646 = LINE('',#1647,#1648);
#1647 = CARTESIAN_POINT('',(-24.9,9.,11.2));
#1648 = VECTOR('',#1649,1.);
#1649 = DIRECTION('',(0.,-1.,0.));
#1650 = PCURVE('',#172,#1651);
#1651 = DEFINITIONAL_REPRESENTATION('',(#1652),#1656);
#1652 = LINE('',#1653,#1654);
#1653 = CARTESIAN_POINT('',(-24.9,9.));
#1654 = VECTOR('',#1655,1.);
#1655 = DIRECTION('',(0.,-1.));
#1656 = ( GEOMETRIC_REPRESENTATION_CONTEXT(2)
PARAMETRIC_REPRESENTATION_CONTEXT() REPRESENTATION_CONTEXT('2D SPACE',''
  ) );
#1657 = PCURVE('',#742,#1658);
#1658 = DEFINITIONAL_REPRESENTATION('',(#1659),#1663);
#1659 = LINE('',#1660,#1661);
#1660 = CARTESIAN_POINT('',(0.,-11.2));
#1661 = VECTOR('',#1662,1.);
#1662 = DIRECTION('',(1.,0.));
#1663 = ( GEOMETRIC_REPRESENTATION_CONTEXT(2)
PARAMETRIC_REPRESENTATION_CONTEXT() REPRESENTATION_CONTEXT('2D SPACE',''
  ) );
#1664 = ORIENTED_EDGE('',*,*,#1665,.F.);
#1665 = EDGE_CURVE('',#1666,#1643,#1668,.T.);
#1666 = VERTEX_POINT('',#1667);
#1667 = CARTESIAN_POINT('',(-23.1,-9.,11.2));
#1668 = SURFACE_CURVE('',#1669,(#1674,#1685),.PCURVE_S1.);
#1669 = CIRCLE('',#1670,1.8);
#1670 = AXIS2_PLACEMENT_3D('',#1671,#1672,#1673);
#1671 = CARTESIAN_POINT('',(-23.1,-7.2,11.2));
#1672 = DIRECTION('',(-0.,-0.,-1.));
#1673 = DIRECTION('',(0.,-1.,0.));
#1674 = PCURVE('',#172,#1675);
#1675 = DEFINITIONAL_REPRESENTATION('',(#1676),#1684);
#1676 = ( BOUNDED_CURVE() B_SPLINE_CURVE(2,(#1677,#1678,#1679,#1680,
#1681,#1682,#1683),.UNSPECIFIED.,.T.,.F.) B_SPLINE_CURVE_WITH_KNOTS((1,2
    ,2,2,2,1),(-2.094395102393,0.,2.094395102393,4.188790204786,
6.28318530718,8.377580409573),.UNSPECIFIED.) CURVE()
GEOMETRIC_REPRESENTATION_ITEM() RATIONAL_B_SPLINE_CURVE((1.,0.5,1.,0.5,
1.,0.5,1.)) REPRESENTATION_ITEM('') );
#1677 = CARTESIAN_POINT('',(-23.1,-9.));
#1678 = CARTESIAN_POINT('',(-26.21769145362,-9.));
#1679 = CARTESIAN_POINT('',(-24.65884572681,-6.3));
#1680 = CARTESIAN_POINT('',(-23.1,-3.6));
#1681 = CARTESIAN_POINT('',(-21.54115427318,-6.3));
#1682 = CARTESIAN_POINT('',(-19.98230854637,-9.));
#1683 = CARTESIAN_POINT('',(-23.1,-9.));
#1684 = ( GEOMETRIC_REPRESENTATION_CONTEXT(2)
PARAMETRIC_REPRESENTATION_CONTEXT() REPRESENTATION_CONTEXT('2D SPACE',''
  ) );
#1685 = PCURVE('',#775,#1686);
#1686 = DEFINITIONAL_REPRESENTATION('',(#1687),#1691);
#1687 = LINE('',#1688,#1689);
#1688 = CARTESIAN_POINT('',(-0.,11.2));
#1689 = VECTOR('',#1690,1.);
#1690 = DIRECTION('',(-1.,0.));
#1691 = ( GEOMETRIC_REPRESENTATION_CONTEXT(2)
PARAMETRIC_REPRESENTATION_CONTEXT() REPRESENTATION_CONTEXT('2D SPACE',''
  ) );
#1692 = ORIENTED_EDGE('',*,*,#1693,.T.);
#1693 = EDGE_CURVE('',#1666,#1694,#1696,.T.);
#1694 = VERTEX_POINT('',#1695);
#1695 = CARTESIAN_POINT('',(-19.7,-9.,11.2));
#1696 = SURFACE_CURVE('',#1697,(#1701,#1708),.PCURVE_S1.);
#1697 = LINE('',#1698,#1699);
#1698 = CARTESIAN_POINT('',(-24.9,-9.,11.2));
#1699 = VECTOR('',#1700,1.);
#1700 = DIRECTION('',(1.,0.,0.));
#1701 = PCURVE('',#172,#1702);
#1702 = DEFINITIONAL_REPRESENTATION('',(#1703),#1707);
#1703 = LINE('',#1704,#1705);
#1704 = CARTESIAN_POINT('',(-24.9,-9.));
#1705 = VECTOR('',#1706,1.);
#1706 = DIRECTION('',(1.,0.));
#1707 = ( GEOMETRIC_REPRESENTATION_CONTEXT(2)
PARAMETRIC_REPRESENTATION_CONTEXT() REPRESENTATION_CONTEXT('2D SPACE',''
  ) );
#1708 = PCURVE('',#803,#1709);
#1709 = DEFINITIONAL_REPRESENTATION('',(#1710),#1714);
#1710 = LINE('',#1711,#1712);
#1711 = CARTESIAN_POINT('',(0.,-11.2));
#1712 = VECTOR('',#1713,1.);
#1713 = DIRECTION('',(1.,0.));
#1714 = ( GEOMETRIC_REPRESENTATION_CONTEXT(2)
PARAMETRIC_REPRESENTATION_CONTEXT() REPRESENTATION_CONTEXT('2D SPACE',''
  ) );
#1715 = ORIENTED_EDGE('',*,*,#1716,.T.);
#1716 = EDGE_CURVE('',#1694,#1717,#1719,.T.);
#1717 = VERTEX_POINT('',#1718);
#1718 = CARTESIAN_POINT('',(-17.95,-7.621307488659,11.2));
#1719 = SURFACE_CURVE('',#1720,(#1725,#1732),.PCURVE_S1.);
#1720 = CIRCLE('',#1721,1.8);
#1721 = AXIS2_PLACEMENT_3D('',#1722,#1723,#1724);
#1722 = CARTESIAN_POINT('',(-19.7,-7.2,11.2));
#1723 = DIRECTION('',(0.,0.,1.));
#1724 = DIRECTION('',(0.,-1.,0.));
#1725 = PCURVE('',#172,#1726);
#1726 = DEFINITIONAL_REPRESENTATION('',(#1727),#1731);
#1727 = CIRCLE('',#1728,1.8);
#1728 = AXIS2_PLACEMENT_2D('',#1729,#1730);
#1729 = CARTESIAN_POINT('',(-19.7,-7.2));
#1730 = DIRECTION('',(0.,-1.));
#1731 = ( GEOMETRIC_REPRESENTATION_CONTEXT(2)
PARAMETRIC_REPRESENTATION_CONTEXT() REPRESENTATION_CONTEXT('2D SPACE',''
  ) );
#1732 = PCURVE('',#832,#1733);
#1733 = DEFINITIONAL_REPRESENTATION('',(#1734),#1738);
#1734 = LINE('',#1735,#1736);
#1735 = CARTESIAN_POINT('',(0.,11.2));
#1736 = VECTOR('',#1737,1.);
#1737 = DIRECTION('',(1.,0.));
#1738 = ( GEOMETRIC_REPRESENTATION_CONTEXT(2)
PARAMETRIC_REPRESENTATION_CONTEXT() REPRESENTATION_CONTEXT('2D SPACE',''
  ) );
#1739 = ORIENTED_EDGE('',*,*,#1740,.T.);
#1740 = EDGE_CURVE('',#1717,#1157,#1741,.T.);
#1741 = SURFACE_CURVE('',#1742,(#1746,#1753),.PCURVE_S1.);
#1742 = LINE('',#1743,#1744);
#1743 = CARTESIAN_POINT('',(-17.95,35.7,11.2));
#1744 = VECTOR('',#1745,1.);
#1745 = DIRECTION('',(0.,-1.,0.));
#1746 = PCURVE('',#172,#1747);
#1747 = DEFINITIONAL_REPRESENTATION('',(#1748),#1752);
#1748 = LINE('',#1749,#1750);
#1749 = CARTESIAN_POINT('',(-17.95,35.7));
#1750 = VECTOR('',#1751,1.);
#1751 = DIRECTION('',(0.,-1.));
#1752 = ( GEOMETRIC_REPRESENTATION_CONTEXT(2)
PARAMETRIC_REPRESENTATION_CONTEXT() REPRESENTATION_CONTEXT('2D SPACE',''
  ) );
#1753 = PCURVE('',#858,#1754);
#1754 = DEFINITIONAL_REPRESENTATION('',(#1755),#1759);
#1755 = LINE('',#1756,#1757);
#1756 = CARTESIAN_POINT('',(0.,-11.2));
#1757 = VECTOR('',#1758,1.);
#1758 = DIRECTION('',(1.,0.));
#1759 = ( GEOMETRIC_REPRESENTATION_CONTEXT(2)
PARAMETRIC_REPRESENTATION_CONTEXT() REPRESENTATION_CONTEXT('2D SPACE',''
  ) );
#1760 = FACE_BOUND('',#1761,.T.);
#1761 = EDGE_LOOP('',(#1762));
#1762 = ORIENTED_EDGE('',*,*,#1763,.T.);
#1763 = EDGE_CURVE('',#1764,#1764,#1766,.T.);
#1764 = VERTEX_POINT('',#1765);
#1765 = CARTESIAN_POINT('',(-19.05,0.,11.2));
#1766 = SURFACE_CURVE('',#1767,(#1772,#1783),.PCURVE_S1.);
#1767 = CIRCLE('',#1768,2.4);
#1768 = AXIS2_PLACEMENT_3D('',#1769,#1770,#1771);
#1769 = CARTESIAN_POINT('',(-21.45,0.,11.2));
#1770 = DIRECTION('',(0.,0.,-1.));
#1771 = DIRECTION('',(1.,0.,0.));
#1772 = PCURVE('',#172,#1773);
#1773 = DEFINITIONAL_REPRESENTATION('',(#1774),#1782);
#1774 = ( BOUNDED_CURVE() B_SPLINE_CURVE(2,(#1775,#1776,#1777,#1778,
#1779,#1780,#1781),.UNSPECIFIED.,.T.,.F.) B_SPLINE_CURVE_WITH_KNOTS((1,2
    ,2,2,2,1),(-2.094395102393,0.,2.094395102393,4.188790204786,
6.28318530718,8.377580409573),.UNSPECIFIED.) CURVE()
GEOMETRIC_REPRESENTATION_ITEM() RATIONAL_B_SPLINE_CURVE((1.,0.5,1.,0.5,
1.,0.5,1.)) REPRESENTATION_ITEM('') );
#1775 = CARTESIAN_POINT('',(-19.05,1.059523184731E-15));
#1776 = CARTESIAN_POINT('',(-19.05,-4.156921938165));
#1777 = CARTESIAN_POINT('',(-22.65,-2.078460969083));
#1778 = CARTESIAN_POINT('',(-26.25,4.716927211401E-16));
#1779 = CARTESIAN_POINT('',(-22.65,2.078460969083));
#1780 = CARTESIAN_POINT('',(-19.05,4.156921938165));
#1781 = CARTESIAN_POINT('',(-19.05,1.059523184731E-15));
#1782 = ( GEOMETRIC_REPRESENTATION_CONTEXT(2)
PARAMETRIC_REPRESENTATION_CONTEXT() REPRESENTATION_CONTEXT('2D SPACE',''
  ) );
#1783 = PCURVE('',#1784,#1789);
#1784 = CYLINDRICAL_SURFACE('',#1785,2.4);
#1785 = AXIS2_PLACEMENT_3D('',#1786,#1787,#1788);
#1786 = CARTESIAN_POINT('',(-21.45,0.,10.2));
#1787 = DIRECTION('',(-0.,-0.,-1.));
#1788 = DIRECTION('',(1.,0.,0.));
#1789 = DEFINITIONAL_REPRESENTATION('',(#1790),#1794);
#1790 = LINE('',#1791,#1792);
#1791 = CARTESIAN_POINT('',(-6.28318530718,-1.));
#1792 = VECTOR('',#1793,1.);
#1793 = DIRECTION('',(1.,-0.));
#1794 = ( GEOMETRIC_REPRESENTATION_CONTEXT(2)
PARAMETRIC_REPRESENTATION_CONTEXT() REPRESENTATION_CONTEXT('2D SPACE',''
  ) );
#1795 = FACE_BOUND('',#1796,.T.);
#1796 = EDGE_LOOP('',(#1797,#1825,#1853,#1880));
#1797 = ORIENTED_EDGE('',*,*,#1798,.T.);
#1798 = EDGE_CURVE('',#1799,#1801,#1803,.T.);
#1799 = VERTEX_POINT('',#1800);
#1800 = CARTESIAN_POINT('',(16.05,-33.8,11.2));
#1801 = VERTEX_POINT('',#1802);
#1802 = CARTESIAN_POINT('',(-16.05,-33.8,11.2));
#1803 = SURFACE_CURVE('',#1804,(#1808,#1814),.PCURVE_S1.);
#1804 = LINE('',#1805,#1806);
#1805 = CARTESIAN_POINT('',(-8.025,-33.8,11.2));
#1806 = VECTOR('',#1807,1.);
#1807 = DIRECTION('',(-1.,0.,0.));
#1808 = PCURVE('',#172,#1809);
#1809 = DEFINITIONAL_REPRESENTATION('',(#1810),#1813);
#1810 = B_SPLINE_CURVE_WITH_KNOTS('',1,(#1811,#1812),.UNSPECIFIED.,.F.,
  .F.,(2,2),(-24.075,8.025),.PIECEWISE_BEZIER_KNOTS.);
#1811 = CARTESIAN_POINT('',(16.05,-33.8));
#1812 = CARTESIAN_POINT('',(-16.05,-33.8));
#1813 = ( GEOMETRIC_REPRESENTATION_CONTEXT(2)
PARAMETRIC_REPRESENTATION_CONTEXT() REPRESENTATION_CONTEXT('2D SPACE',''
  ) );
#1814 = PCURVE('',#1815,#1820);
#1815 = PLANE('',#1816);
#1816 = AXIS2_PLACEMENT_3D('',#1817,#1818,#1819);
#1817 = CARTESIAN_POINT('',(-16.05,-33.8,1.6));
#1818 = DIRECTION('',(0.,1.,0.));
#1819 = DIRECTION('',(0.,0.,1.));
#1820 = DEFINITIONAL_REPRESENTATION('',(#1821),#1824);
#1821 = B_SPLINE_CURVE_WITH_KNOTS('',1,(#1822,#1823),.UNSPECIFIED.,.F.,
  .F.,(2,2),(-24.075,8.025),.PIECEWISE_BEZIER_KNOTS.);
#1822 = CARTESIAN_POINT('',(9.6,32.1));
#1823 = CARTESIAN_POINT('',(9.6,0.));
#1824 = ( GEOMETRIC_REPRESENTATION_CONTEXT(2)
PARAMETRIC_REPRESENTATION_CONTEXT() REPRESENTATION_CONTEXT('2D SPACE',''
  ) );
#1825 = ORIENTED_EDGE('',*,*,#1826,.T.);
#1826 = EDGE_CURVE('',#1801,#1827,#1829,.T.);
#1827 = VERTEX_POINT('',#1828);
#1828 = CARTESIAN_POINT('',(-16.05,33.8,11.2));
#1829 = SURFACE_CURVE('',#1830,(#1834,#1841),.PCURVE_S1.);
#1830 = LINE('',#1831,#1832);
#1831 = CARTESIAN_POINT('',(-16.05,-33.8,11.2));
#1832 = VECTOR('',#1833,1.);
#1833 = DIRECTION('',(0.,1.,0.));
#1834 = PCURVE('',#172,#1835);
#1835 = DEFINITIONAL_REPRESENTATION('',(#1836),#1840);
#1836 = LINE('',#1837,#1838);
#1837 = CARTESIAN_POINT('',(-16.05,-33.8));
#1838 = VECTOR('',#1839,1.);
#1839 = DIRECTION('',(0.,1.));
#1840 = ( GEOMETRIC_REPRESENTATION_CONTEXT(2)
PARAMETRIC_REPRESENTATION_CONTEXT() REPRESENTATION_CONTEXT('2D SPACE',''
  ) );
#1841 = PCURVE('',#1842,#1847);
#1842 = PLANE('',#1843);
#1843 = AXIS2_PLACEMENT_3D('',#1844,#1845,#1846);
#1844 = CARTESIAN_POINT('',(-16.05,-33.8,1.6));
#1845 = DIRECTION('',(1.,0.,0.));
#1846 = DIRECTION('',(0.,0.,1.));
#1847 = DEFINITIONAL_REPRESENTATION('',(#1848),#1852);
#1848 = LINE('',#1849,#1850);
#1849 = CARTESIAN_POINT('',(9.6,0.));
#1850 = VECTOR('',#1851,1.);
#1851 = DIRECTION('',(0.,-1.));
#1852 = ( GEOMETRIC_REPRESENTATION_CONTEXT(2)
PARAMETRIC_REPRESENTATION_CONTEXT() REPRESENTATION_CONTEXT('2D SPACE',''
  ) );
#1853 = ORIENTED_EDGE('',*,*,#1854,.F.);
#1854 = EDGE_CURVE('',#1855,#1827,#1857,.T.);
#1855 = VERTEX_POINT('',#1856);
#1856 = CARTESIAN_POINT('',(16.05,33.8,11.2));
#1857 = SURFACE_CURVE('',#1858,(#1862,#1868),.PCURVE_S1.);
#1858 = LINE('',#1859,#1860);
#1859 = CARTESIAN_POINT('',(-8.025,33.8,11.2));
#1860 = VECTOR('',#1861,1.);
#1861 = DIRECTION('',(-1.,0.,0.));
#1862 = PCURVE('',#172,#1863);
#1863 = DEFINITIONAL_REPRESENTATION('',(#1864),#1867);
#1864 = B_SPLINE_CURVE_WITH_KNOTS('',1,(#1865,#1866),.UNSPECIFIED.,.F.,
  .F.,(2,2),(-24.075,8.025),.PIECEWISE_BEZIER_KNOTS.);
#1865 = CARTESIAN_POINT('',(16.05,33.8));
#1866 = CARTESIAN_POINT('',(-16.05,33.8));
#1867 = ( GEOMETRIC_REPRESENTATION_CONTEXT(2)
PARAMETRIC_REPRESENTATION_CONTEXT() REPRESENTATION_CONTEXT('2D SPACE',''
  ) );
#1868 = PCURVE('',#1869,#1874);
#1869 = PLANE('',#1870);
#1870 = AXIS2_PLACEMENT_3D('',#1871,#1872,#1873);
#1871 = CARTESIAN_POINT('',(-16.05,33.8,1.6));
#1872 = DIRECTION('',(0.,1.,0.));
#1873 = DIRECTION('',(0.,0.,1.));
#1874 = DEFINITIONAL_REPRESENTATION('',(#1875),#1879);
#1875 = LINE('',#1876,#1877);
#1876 = CARTESIAN_POINT('',(9.6,8.025));
#1877 = VECTOR('',#1878,1.);
#1878 = DIRECTION('',(0.,-1.));
#1879 = ( GEOMETRIC_REPRESENTATION_CONTEXT(2)
PARAMETRIC_REPRESENTATION_CONTEXT() REPRESENTATION_CONTEXT('2D SPACE',''
  ) );
#1880 = ORIENTED_EDGE('',*,*,#1881,.T.);
#1881 = EDGE_CURVE('',#1855,#1799,#1882,.T.);
#1882 = SURFACE_CURVE('',#1883,(#1887,#1894),.PCURVE_S1.);
#1883 = LINE('',#1884,#1885);
#1884 = CARTESIAN_POINT('',(16.05,33.8,11.2));
#1885 = VECTOR('',#1886,1.);
#1886 = DIRECTION('',(0.,-1.,0.));
#1887 = PCURVE('',#172,#1888);
#1888 = DEFINITIONAL_REPRESENTATION('',(#1889),#1893);
#1889 = LINE('',#1890,#1891);
#1890 = CARTESIAN_POINT('',(16.05,33.8));
#1891 = VECTOR('',#1892,1.);
#1892 = DIRECTION('',(0.,-1.));
#1893 = ( GEOMETRIC_REPRESENTATION_CONTEXT(2)
PARAMETRIC_REPRESENTATION_CONTEXT() REPRESENTATION_CONTEXT('2D SPACE',''
  ) );
#1894 = PCURVE('',#1895,#1900);
#1895 = PLANE('',#1896);
#1896 = AXIS2_PLACEMENT_3D('',#1897,#1898,#1899);
#1897 = CARTESIAN_POINT('',(16.05,-33.8,1.6));
#1898 = DIRECTION('',(1.,0.,0.));
#1899 = DIRECTION('',(0.,0.,1.));
#1900 = DEFINITIONAL_REPRESENTATION('',(#1901),#1905);
#1901 = LINE('',#1902,#1903);
#1902 = CARTESIAN_POINT('',(9.6,-67.6));
#1903 = VECTOR('',#1904,1.);
#1904 = DIRECTION('',(0.,1.));
#1905 = ( GEOMETRIC_REPRESENTATION_CONTEXT(2)
PARAMETRIC_REPRESENTATION_CONTEXT() REPRESENTATION_CONTEXT('2D SPACE',''
  ) );
#1906 = FACE_BOUND('',#1907,.T.);
#1907 = EDGE_LOOP('',(#1908));
#1908 = ORIENTED_EDGE('',*,*,#1909,.T.);
#1909 = EDGE_CURVE('',#1910,#1910,#1912,.T.);
#1910 = VERTEX_POINT('',#1911);
#1911 = CARTESIAN_POINT('',(23.85,0.,11.2));
#1912 = SURFACE_CURVE('',#1913,(#1918,#1929),.PCURVE_S1.);
#1913 = CIRCLE('',#1914,2.4);
#1914 = AXIS2_PLACEMENT_3D('',#1915,#1916,#1917);
#1915 = CARTESIAN_POINT('',(21.45,0.,11.2));
#1916 = DIRECTION('',(0.,0.,-1.));
#1917 = DIRECTION('',(1.,0.,0.));
#1918 = PCURVE('',#172,#1919);
#1919 = DEFINITIONAL_REPRESENTATION('',(#1920),#1928);
#1920 = ( BOUNDED_CURVE() B_SPLINE_CURVE(2,(#1921,#1922,#1923,#1924,
#1925,#1926,#1927),.UNSPECIFIED.,.T.,.F.) B_SPLINE_CURVE_WITH_KNOTS((1,2
    ,2,2,2,1),(-2.094395102393,0.,2.094395102393,4.188790204786,
6.28318530718,8.377580409573),.UNSPECIFIED.) CURVE()
GEOMETRIC_REPRESENTATION_ITEM() RATIONAL_B_SPLINE_CURVE((1.,0.5,1.,0.5,
1.,0.5,1.)) REPRESENTATION_ITEM('') );
#1921 = CARTESIAN_POINT('',(23.85,1.059523184731E-15));
#1922 = CARTESIAN_POINT('',(23.85,-4.156921938165));
#1923 = CARTESIAN_POINT('',(20.25,-2.078460969083));
#1924 = CARTESIAN_POINT('',(16.65,4.716927211401E-16));
#1925 = CARTESIAN_POINT('',(20.25,2.078460969083));
#1926 = CARTESIAN_POINT('',(23.85,4.156921938165));
#1927 = CARTESIAN_POINT('',(23.85,1.059523184731E-15));
#1928 = ( GEOMETRIC_REPRESENTATION_CONTEXT(2)
PARAMETRIC_REPRESENTATION_CONTEXT() REPRESENTATION_CONTEXT('2D SPACE',''
  ) );
#1929 = PCURVE('',#1930,#1935);
#1930 = CYLINDRICAL_SURFACE('',#1931,2.4);
#1931 = AXIS2_PLACEMENT_3D('',#1932,#1933,#1934);
#1932 = CARTESIAN_POINT('',(21.45,0.,10.2));
#1933 = DIRECTION('',(-0.,-0.,-1.));
#1934 = DIRECTION('',(1.,0.,0.));
#1935 = DEFINITIONAL_REPRESENTATION('',(#1936),#1940);
#1936 = LINE('',#1937,#1938);
#1937 = CARTESIAN_POINT('',(-6.28318530718,-1.));
#1938 = VECTOR('',#1939,1.);
#1939 = DIRECTION('',(1.,-0.));
#1940 = ( GEOMETRIC_REPRESENTATION_CONTEXT(2)
PARAMETRIC_REPRESENTATION_CONTEXT() REPRESENTATION_CONTEXT('2D SPACE',''
  ) );
#1941 = ADVANCED_FACE('',(#1942),#858,.F.);
#1942 = FACE_BOUND('',#1943,.F.);
#1943 = EDGE_LOOP('',(#1944,#1945,#1964,#1965));
#1944 = ORIENTED_EDGE('',*,*,#844,.F.);
#1945 = ORIENTED_EDGE('',*,*,#1946,.T.);
#1946 = EDGE_CURVE('',#816,#1717,#1947,.T.);
#1947 = SURFACE_CURVE('',#1948,(#1952,#1958),.PCURVE_S1.);
#1948 = LINE('',#1949,#1950);
#1949 = CARTESIAN_POINT('',(-17.95,-7.621307488659,0.));
#1950 = VECTOR('',#1951,1.);
#1951 = DIRECTION('',(0.,0.,1.));
#1952 = PCURVE('',#858,#1953);
#1953 = DEFINITIONAL_REPRESENTATION('',(#1954),#1957);
#1954 = B_SPLINE_CURVE_WITH_KNOTS('',1,(#1955,#1956),.UNSPECIFIED.,.F.,
  .F.,(2,2),(-6.E-07,11.2000006),.PIECEWISE_BEZIER_KNOTS.);
#1955 = CARTESIAN_POINT('',(43.321307488659,6.E-07));
#1956 = CARTESIAN_POINT('',(43.321307488659,-11.2000006));
#1957 = ( GEOMETRIC_REPRESENTATION_CONTEXT(2)
PARAMETRIC_REPRESENTATION_CONTEXT() REPRESENTATION_CONTEXT('2D SPACE',''
  ) );
#1958 = PCURVE('',#832,#1959);
#1959 = DEFINITIONAL_REPRESENTATION('',(#1960),#1963);
#1960 = B_SPLINE_CURVE_WITH_KNOTS('',1,(#1961,#1962),.UNSPECIFIED.,.F.,
  .F.,(2,2),(-6.E-07,11.2000006),.PIECEWISE_BEZIER_KNOTS.);
#1961 = CARTESIAN_POINT('',(1.33454502081,-6.E-07));
#1962 = CARTESIAN_POINT('',(1.33454502081,11.2000006));
#1963 = ( GEOMETRIC_REPRESENTATION_CONTEXT(2)
PARAMETRIC_REPRESENTATION_CONTEXT() REPRESENTATION_CONTEXT('2D SPACE',''
  ) );
#1964 = ORIENTED_EDGE('',*,*,#1740,.T.);
#1965 = ORIENTED_EDGE('',*,*,#1156,.F.);
#1966 = ADVANCED_FACE('',(#1967),#832,.T.);
#1967 = FACE_BOUND('',#1968,.T.);
#1968 = EDGE_LOOP('',(#1969,#1990,#1991,#1992));
#1969 = ORIENTED_EDGE('',*,*,#1970,.F.);
#1970 = EDGE_CURVE('',#788,#1694,#1971,.T.);
#1971 = SURFACE_CURVE('',#1972,(#1976,#1983),.PCURVE_S1.);
#1972 = LINE('',#1973,#1974);
#1973 = CARTESIAN_POINT('',(-19.7,-9.,0.));
#1974 = VECTOR('',#1975,1.);
#1975 = DIRECTION('',(0.,0.,1.));
#1976 = PCURVE('',#832,#1977);
#1977 = DEFINITIONAL_REPRESENTATION('',(#1978),#1982);
#1978 = LINE('',#1979,#1980);
#1979 = CARTESIAN_POINT('',(0.,0.));
#1980 = VECTOR('',#1981,1.);
#1981 = DIRECTION('',(0.,1.));
#1982 = ( GEOMETRIC_REPRESENTATION_CONTEXT(2)
PARAMETRIC_REPRESENTATION_CONTEXT() REPRESENTATION_CONTEXT('2D SPACE',''
  ) );
#1983 = PCURVE('',#803,#1984);
#1984 = DEFINITIONAL_REPRESENTATION('',(#1985),#1989);
#1985 = LINE('',#1986,#1987);
#1986 = CARTESIAN_POINT('',(5.2,0.));
#1987 = VECTOR('',#1988,1.);
#1988 = DIRECTION('',(0.,-1.));
#1989 = ( GEOMETRIC_REPRESENTATION_CONTEXT(2)
PARAMETRIC_REPRESENTATION_CONTEXT() REPRESENTATION_CONTEXT('2D SPACE',''
  ) );
#1990 = ORIENTED_EDGE('',*,*,#815,.T.);
#1991 = ORIENTED_EDGE('',*,*,#1946,.T.);
#1992 = ORIENTED_EDGE('',*,*,#1716,.F.);
#1993 = ADVANCED_FACE('',(#1994),#282,.F.);
#1994 = FACE_BOUND('',#1995,.F.);
#1995 = EDGE_LOOP('',(#1996,#1997,#1998,#1999));
#1996 = ORIENTED_EDGE('',*,*,#266,.F.);
#1997 = ORIENTED_EDGE('',*,*,#1210,.T.);
#1998 = ORIENTED_EDGE('',*,*,#1262,.T.);
#1999 = ORIENTED_EDGE('',*,*,#2000,.F.);
#2000 = EDGE_CURVE('',#267,#1263,#2001,.T.);
#2001 = SURFACE_CURVE('',#2002,(#2006,#2012),.PCURVE_S1.);
#2002 = LINE('',#2003,#2004);
#2003 = CARTESIAN_POINT('',(17.95,-7.621307488659,0.));
#2004 = VECTOR('',#2005,1.);
#2005 = DIRECTION('',(0.,0.,1.));
#2006 = PCURVE('',#282,#2007);
#2007 = DEFINITIONAL_REPRESENTATION('',(#2008),#2011);
#2008 = B_SPLINE_CURVE_WITH_KNOTS('',1,(#2009,#2010),.UNSPECIFIED.,.F.,
  .F.,(2,2),(-6.E-07,11.2000006),.PIECEWISE_BEZIER_KNOTS.);
#2009 = CARTESIAN_POINT('',(28.078692511341,6.E-07));
#2010 = CARTESIAN_POINT('',(28.078692511341,-11.2000006));
#2011 = ( GEOMETRIC_REPRESENTATION_CONTEXT(2)
PARAMETRIC_REPRESENTATION_CONTEXT() REPRESENTATION_CONTEXT('2D SPACE',''
  ) );
#2012 = PCURVE('',#315,#2013);
#2013 = DEFINITIONAL_REPRESENTATION('',(#2014),#2017);
#2014 = B_SPLINE_CURVE_WITH_KNOTS('',1,(#2015,#2016),.UNSPECIFIED.,.F.,
  .F.,(2,2),(-6.E-07,11.2000006),.PIECEWISE_BEZIER_KNOTS.);
#2015 = CARTESIAN_POINT('',(-1.33454502081,-6.E-07));
#2016 = CARTESIAN_POINT('',(-1.33454502081,11.2000006));
#2017 = ( GEOMETRIC_REPRESENTATION_CONTEXT(2)
PARAMETRIC_REPRESENTATION_CONTEXT() REPRESENTATION_CONTEXT('2D SPACE',''
  ) );
#2018 = ADVANCED_FACE('',(#2019),#803,.F.);
#2019 = FACE_BOUND('',#2020,.F.);
#2020 = EDGE_LOOP('',(#2021,#2022,#2043,#2044));
#2021 = ORIENTED_EDGE('',*,*,#787,.F.);
#2022 = ORIENTED_EDGE('',*,*,#2023,.T.);
#2023 = EDGE_CURVE('',#755,#1666,#2024,.T.);
#2024 = SURFACE_CURVE('',#2025,(#2029,#2036),.PCURVE_S1.);
#2025 = LINE('',#2026,#2027);
#2026 = CARTESIAN_POINT('',(-23.1,-9.,0.));
#2027 = VECTOR('',#2028,1.);
#2028 = DIRECTION('',(0.,0.,1.));
#2029 = PCURVE('',#803,#2030);
#2030 = DEFINITIONAL_REPRESENTATION('',(#2031),#2035);
#2031 = LINE('',#2032,#2033);
#2032 = CARTESIAN_POINT('',(1.8,0.));
#2033 = VECTOR('',#2034,1.);
#2034 = DIRECTION('',(0.,-1.));
#2035 = ( GEOMETRIC_REPRESENTATION_CONTEXT(2)
PARAMETRIC_REPRESENTATION_CONTEXT() REPRESENTATION_CONTEXT('2D SPACE',''
  ) );
#2036 = PCURVE('',#775,#2037);
#2037 = DEFINITIONAL_REPRESENTATION('',(#2038),#2042);
#2038 = LINE('',#2039,#2040);
#2039 = CARTESIAN_POINT('',(-0.,0.));
#2040 = VECTOR('',#2041,1.);
#2041 = DIRECTION('',(-0.,1.));
#2042 = ( GEOMETRIC_REPRESENTATION_CONTEXT(2)
PARAMETRIC_REPRESENTATION_CONTEXT() REPRESENTATION_CONTEXT('2D SPACE',''
  ) );
#2043 = ORIENTED_EDGE('',*,*,#1693,.T.);
#2044 = ORIENTED_EDGE('',*,*,#1970,.F.);
#2045 = ADVANCED_FACE('',(#2046),#315,.T.);
#2046 = FACE_BOUND('',#2047,.F.);
#2047 = EDGE_LOOP('',(#2048,#2069,#2070,#2071));
#2048 = ORIENTED_EDGE('',*,*,#2049,.F.);
#2049 = EDGE_CURVE('',#295,#1286,#2050,.T.);
#2050 = SURFACE_CURVE('',#2051,(#2055,#2062),.PCURVE_S1.);
#2051 = LINE('',#2052,#2053);
#2052 = CARTESIAN_POINT('',(19.7,-9.,0.));
#2053 = VECTOR('',#2054,1.);
#2054 = DIRECTION('',(0.,0.,1.));
#2055 = PCURVE('',#315,#2056);
#2056 = DEFINITIONAL_REPRESENTATION('',(#2057),#2061);
#2057 = LINE('',#2058,#2059);
#2058 = CARTESIAN_POINT('',(-0.,0.));
#2059 = VECTOR('',#2060,1.);
#2060 = DIRECTION('',(-0.,1.));
#2061 = ( GEOMETRIC_REPRESENTATION_CONTEXT(2)
PARAMETRIC_REPRESENTATION_CONTEXT() REPRESENTATION_CONTEXT('2D SPACE',''
  ) );
#2062 = PCURVE('',#343,#2063);
#2063 = DEFINITIONAL_REPRESENTATION('',(#2064),#2068);
#2064 = LINE('',#2065,#2066);
#2065 = CARTESIAN_POINT('',(1.8,0.));
#2066 = VECTOR('',#2067,1.);
#2067 = DIRECTION('',(0.,-1.));
#2068 = ( GEOMETRIC_REPRESENTATION_CONTEXT(2)
PARAMETRIC_REPRESENTATION_CONTEXT() REPRESENTATION_CONTEXT('2D SPACE',''
  ) );
#2069 = ORIENTED_EDGE('',*,*,#294,.T.);
#2070 = ORIENTED_EDGE('',*,*,#2000,.T.);
#2071 = ORIENTED_EDGE('',*,*,#1285,.F.);
#2072 = ADVANCED_FACE('',(#2073),#775,.T.);
#2073 = FACE_BOUND('',#2074,.F.);
#2074 = EDGE_LOOP('',(#2075,#2076,#2097,#2098));
#2075 = ORIENTED_EDGE('',*,*,#754,.T.);
#2076 = ORIENTED_EDGE('',*,*,#2077,.T.);
#2077 = EDGE_CURVE('',#727,#1643,#2078,.T.);
#2078 = SURFACE_CURVE('',#2079,(#2083,#2090),.PCURVE_S1.);
#2079 = LINE('',#2080,#2081);
#2080 = CARTESIAN_POINT('',(-24.9,-7.2,0.));
#2081 = VECTOR('',#2082,1.);
#2082 = DIRECTION('',(0.,0.,1.));
#2083 = PCURVE('',#775,#2084);
#2084 = DEFINITIONAL_REPRESENTATION('',(#2085),#2089);
#2085 = LINE('',#2086,#2087);
#2086 = CARTESIAN_POINT('',(-1.570796326795,0.));
#2087 = VECTOR('',#2088,1.);
#2088 = DIRECTION('',(-0.,1.));
#2089 = ( GEOMETRIC_REPRESENTATION_CONTEXT(2)
PARAMETRIC_REPRESENTATION_CONTEXT() REPRESENTATION_CONTEXT('2D SPACE',''
  ) );
#2090 = PCURVE('',#742,#2091);
#2091 = DEFINITIONAL_REPRESENTATION('',(#2092),#2096);
#2092 = LINE('',#2093,#2094);
#2093 = CARTESIAN_POINT('',(16.2,0.));
#2094 = VECTOR('',#2095,1.);
#2095 = DIRECTION('',(0.,-1.));
#2096 = ( GEOMETRIC_REPRESENTATION_CONTEXT(2)
PARAMETRIC_REPRESENTATION_CONTEXT() REPRESENTATION_CONTEXT('2D SPACE',''
  ) );
#2097 = ORIENTED_EDGE('',*,*,#1665,.F.);
#2098 = ORIENTED_EDGE('',*,*,#2023,.F.);
#2099 = ADVANCED_FACE('',(#2100),#343,.F.);
#2100 = FACE_BOUND('',#2101,.F.);
#2101 = EDGE_LOOP('',(#2102,#2103,#2104,#2105));
#2102 = ORIENTED_EDGE('',*,*,#327,.F.);
#2103 = ORIENTED_EDGE('',*,*,#2049,.T.);
#2104 = ORIENTED_EDGE('',*,*,#1313,.T.);
#2105 = ORIENTED_EDGE('',*,*,#2106,.F.);
#2106 = EDGE_CURVE('',#328,#1314,#2107,.T.);
#2107 = SURFACE_CURVE('',#2108,(#2112,#2119),.PCURVE_S1.);
#2108 = LINE('',#2109,#2110);
#2109 = CARTESIAN_POINT('',(23.1,-9.,0.));
#2110 = VECTOR('',#2111,1.);
#2111 = DIRECTION('',(0.,0.,1.));
#2112 = PCURVE('',#343,#2113);
#2113 = DEFINITIONAL_REPRESENTATION('',(#2114),#2118);
#2114 = LINE('',#2115,#2116);
#2115 = CARTESIAN_POINT('',(5.2,0.));
#2116 = VECTOR('',#2117,1.);
#2117 = DIRECTION('',(0.,-1.));
#2118 = ( GEOMETRIC_REPRESENTATION_CONTEXT(2)
PARAMETRIC_REPRESENTATION_CONTEXT() REPRESENTATION_CONTEXT('2D SPACE',''
  ) );
#2119 = PCURVE('',#372,#2120);
#2120 = DEFINITIONAL_REPRESENTATION('',(#2121),#2125);
#2121 = LINE('',#2122,#2123);
#2122 = CARTESIAN_POINT('',(0.,0.));
#2123 = VECTOR('',#2124,1.);
#2124 = DIRECTION('',(0.,1.));
#2125 = ( GEOMETRIC_REPRESENTATION_CONTEXT(2)
PARAMETRIC_REPRESENTATION_CONTEXT() REPRESENTATION_CONTEXT('2D SPACE',''
  ) );
#2126 = ADVANCED_FACE('',(#2127),#742,.F.);
#2127 = FACE_BOUND('',#2128,.F.);
#2128 = EDGE_LOOP('',(#2129,#2130,#2151,#2152));
#2129 = ORIENTED_EDGE('',*,*,#726,.F.);
#2130 = ORIENTED_EDGE('',*,*,#2131,.T.);
#2131 = EDGE_CURVE('',#698,#1619,#2132,.T.);
#2132 = SURFACE_CURVE('',#2133,(#2137,#2144),.PCURVE_S1.);
#2133 = LINE('',#2134,#2135);
#2134 = CARTESIAN_POINT('',(-24.9,7.2,0.));
#2135 = VECTOR('',#2136,1.);
#2136 = DIRECTION('',(0.,0.,1.));
#2137 = PCURVE('',#742,#2138);
#2138 = DEFINITIONAL_REPRESENTATION('',(#2139),#2143);
#2139 = LINE('',#2140,#2141);
#2140 = CARTESIAN_POINT('',(1.8,0.));
#2141 = VECTOR('',#2142,1.);
#2142 = DIRECTION('',(0.,-1.));
#2143 = ( GEOMETRIC_REPRESENTATION_CONTEXT(2)
PARAMETRIC_REPRESENTATION_CONTEXT() REPRESENTATION_CONTEXT('2D SPACE',''
  ) );
#2144 = PCURVE('',#714,#2145);
#2145 = DEFINITIONAL_REPRESENTATION('',(#2146),#2150);
#2146 = LINE('',#2147,#2148);
#2147 = CARTESIAN_POINT('',(1.570796326795,0.));
#2148 = VECTOR('',#2149,1.);
#2149 = DIRECTION('',(0.,1.));
#2150 = ( GEOMETRIC_REPRESENTATION_CONTEXT(2)
PARAMETRIC_REPRESENTATION_CONTEXT() REPRESENTATION_CONTEXT('2D SPACE',''
  ) );
#2151 = ORIENTED_EDGE('',*,*,#1642,.T.);
#2152 = ORIENTED_EDGE('',*,*,#2077,.F.);
#2153 = ADVANCED_FACE('',(#2154),#372,.T.);
#2154 = FACE_BOUND('',#2155,.T.);
#2155 = EDGE_LOOP('',(#2156,#2157,#2178,#2179));
#2156 = ORIENTED_EDGE('',*,*,#355,.T.);
#2157 = ORIENTED_EDGE('',*,*,#2158,.T.);
#2158 = EDGE_CURVE('',#356,#1337,#2159,.T.);
#2159 = SURFACE_CURVE('',#2160,(#2164,#2171),.PCURVE_S1.);
#2160 = LINE('',#2161,#2162);
#2161 = CARTESIAN_POINT('',(24.9,-7.2,0.));
#2162 = VECTOR('',#2163,1.);
#2163 = DIRECTION('',(0.,0.,1.));
#2164 = PCURVE('',#372,#2165);
#2165 = DEFINITIONAL_REPRESENTATION('',(#2166),#2170);
#2166 = LINE('',#2167,#2168);
#2167 = CARTESIAN_POINT('',(1.570796326795,0.));
#2168 = VECTOR('',#2169,1.);
#2169 = DIRECTION('',(0.,1.));
#2170 = ( GEOMETRIC_REPRESENTATION_CONTEXT(2)
PARAMETRIC_REPRESENTATION_CONTEXT() REPRESENTATION_CONTEXT('2D SPACE',''
  ) );
#2171 = PCURVE('',#400,#2172);
#2172 = DEFINITIONAL_REPRESENTATION('',(#2173),#2177);
#2173 = LINE('',#2174,#2175);
#2174 = CARTESIAN_POINT('',(1.8,0.));
#2175 = VECTOR('',#2176,1.);
#2176 = DIRECTION('',(0.,-1.));
#2177 = ( GEOMETRIC_REPRESENTATION_CONTEXT(2)
PARAMETRIC_REPRESENTATION_CONTEXT() REPRESENTATION_CONTEXT('2D SPACE',''
  ) );
#2178 = ORIENTED_EDGE('',*,*,#1336,.F.);
#2179 = ORIENTED_EDGE('',*,*,#2106,.F.);
#2180 = ADVANCED_FACE('',(#2181),#714,.T.);
#2181 = FACE_BOUND('',#2182,.T.);
#2182 = EDGE_LOOP('',(#2183,#2184,#2185,#2186));
#2183 = ORIENTED_EDGE('',*,*,#697,.T.);
#2184 = ORIENTED_EDGE('',*,*,#2131,.T.);
#2185 = ORIENTED_EDGE('',*,*,#1618,.F.);
#2186 = ORIENTED_EDGE('',*,*,#2187,.F.);
#2187 = EDGE_CURVE('',#670,#1596,#2188,.T.);
#2188 = SURFACE_CURVE('',#2189,(#2193,#2200),.PCURVE_S1.);
#2189 = LINE('',#2190,#2191);
#2190 = CARTESIAN_POINT('',(-23.1,9.,0.));
#2191 = VECTOR('',#2192,1.);
#2192 = DIRECTION('',(0.,0.,1.));
#2193 = PCURVE('',#714,#2194);
#2194 = DEFINITIONAL_REPRESENTATION('',(#2195),#2199);
#2195 = LINE('',#2196,#2197);
#2196 = CARTESIAN_POINT('',(0.,0.));
#2197 = VECTOR('',#2198,1.);
#2198 = DIRECTION('',(0.,1.));
#2199 = ( GEOMETRIC_REPRESENTATION_CONTEXT(2)
PARAMETRIC_REPRESENTATION_CONTEXT() REPRESENTATION_CONTEXT('2D SPACE',''
  ) );
#2200 = PCURVE('',#685,#2201);
#2201 = DEFINITIONAL_REPRESENTATION('',(#2202),#2206);
#2202 = LINE('',#2203,#2204);
#2203 = CARTESIAN_POINT('',(5.2,0.));
#2204 = VECTOR('',#2205,1.);
#2205 = DIRECTION('',(0.,-1.));
#2206 = ( GEOMETRIC_REPRESENTATION_CONTEXT(2)
PARAMETRIC_REPRESENTATION_CONTEXT() REPRESENTATION_CONTEXT('2D SPACE',''
  ) );
#2207 = ADVANCED_FACE('',(#2208),#400,.F.);
#2208 = FACE_BOUND('',#2209,.F.);
#2209 = EDGE_LOOP('',(#2210,#2211,#2212,#2213));
#2210 = ORIENTED_EDGE('',*,*,#384,.F.);
#2211 = ORIENTED_EDGE('',*,*,#2158,.T.);
#2212 = ORIENTED_EDGE('',*,*,#1360,.T.);
#2213 = ORIENTED_EDGE('',*,*,#2214,.F.);
#2214 = EDGE_CURVE('',#385,#1361,#2215,.T.);
#2215 = SURFACE_CURVE('',#2216,(#2220,#2227),.PCURVE_S1.);
#2216 = LINE('',#2217,#2218);
#2217 = CARTESIAN_POINT('',(24.9,7.2,0.));
#2218 = VECTOR('',#2219,1.);
#2219 = DIRECTION('',(0.,0.,1.));
#2220 = PCURVE('',#400,#2221);
#2221 = DEFINITIONAL_REPRESENTATION('',(#2222),#2226);
#2222 = LINE('',#2223,#2224);
#2223 = CARTESIAN_POINT('',(16.2,0.));
#2224 = VECTOR('',#2225,1.);
#2225 = DIRECTION('',(0.,-1.));
#2226 = ( GEOMETRIC_REPRESENTATION_CONTEXT(2)
PARAMETRIC_REPRESENTATION_CONTEXT() REPRESENTATION_CONTEXT('2D SPACE',''
  ) );
#2227 = PCURVE('',#429,#2228);
#2228 = DEFINITIONAL_REPRESENTATION('',(#2229),#2233);
#2229 = LINE('',#2230,#2231);
#2230 = CARTESIAN_POINT('',(0.,0.));
#2231 = VECTOR('',#2232,1.);
#2232 = DIRECTION('',(0.,1.));
#2233 = ( GEOMETRIC_REPRESENTATION_CONTEXT(2)
PARAMETRIC_REPRESENTATION_CONTEXT() REPRESENTATION_CONTEXT('2D SPACE',''
  ) );
#2234 = ADVANCED_FACE('',(#2235),#685,.F.);
#2235 = FACE_BOUND('',#2236,.F.);
#2236 = EDGE_LOOP('',(#2237,#2238,#2259,#2260));
#2237 = ORIENTED_EDGE('',*,*,#669,.F.);
#2238 = ORIENTED_EDGE('',*,*,#2239,.T.);
#2239 = EDGE_CURVE('',#641,#1572,#2240,.T.);
#2240 = SURFACE_CURVE('',#2241,(#2245,#2252),.PCURVE_S1.);
#2241 = LINE('',#2242,#2243);
#2242 = CARTESIAN_POINT('',(-19.7,9.,0.));
#2243 = VECTOR('',#2244,1.);
#2244 = DIRECTION('',(0.,0.,1.));
#2245 = PCURVE('',#685,#2246);
#2246 = DEFINITIONAL_REPRESENTATION('',(#2247),#2251);
#2247 = LINE('',#2248,#2249);
#2248 = CARTESIAN_POINT('',(1.8,0.));
#2249 = VECTOR('',#2250,1.);
#2250 = DIRECTION('',(0.,-1.));
#2251 = ( GEOMETRIC_REPRESENTATION_CONTEXT(2)
PARAMETRIC_REPRESENTATION_CONTEXT() REPRESENTATION_CONTEXT('2D SPACE',''
  ) );
#2252 = PCURVE('',#657,#2253);
#2253 = DEFINITIONAL_REPRESENTATION('',(#2254),#2258);
#2254 = LINE('',#2255,#2256);
#2255 = CARTESIAN_POINT('',(1.570796326795,0.));
#2256 = VECTOR('',#2257,1.);
#2257 = DIRECTION('',(0.,1.));
#2258 = ( GEOMETRIC_REPRESENTATION_CONTEXT(2)
PARAMETRIC_REPRESENTATION_CONTEXT() REPRESENTATION_CONTEXT('2D SPACE',''
  ) );
#2259 = ORIENTED_EDGE('',*,*,#1595,.T.);
#2260 = ORIENTED_EDGE('',*,*,#2187,.F.);
#2261 = ADVANCED_FACE('',(#2262),#429,.T.);
#2262 = FACE_BOUND('',#2263,.T.);
#2263 = EDGE_LOOP('',(#2264,#2265,#2286,#2287));
#2264 = ORIENTED_EDGE('',*,*,#412,.T.);
#2265 = ORIENTED_EDGE('',*,*,#2266,.T.);
#2266 = EDGE_CURVE('',#413,#1384,#2267,.T.);
#2267 = SURFACE_CURVE('',#2268,(#2272,#2279),.PCURVE_S1.);
#2268 = LINE('',#2269,#2270);
#2269 = CARTESIAN_POINT('',(23.1,9.,0.));
#2270 = VECTOR('',#2271,1.);
#2271 = DIRECTION('',(0.,0.,1.));
#2272 = PCURVE('',#429,#2273);
#2273 = DEFINITIONAL_REPRESENTATION('',(#2274),#2278);
#2274 = LINE('',#2275,#2276);
#2275 = CARTESIAN_POINT('',(1.570796326795,0.));
#2276 = VECTOR('',#2277,1.);
#2277 = DIRECTION('',(0.,1.));
#2278 = ( GEOMETRIC_REPRESENTATION_CONTEXT(2)
PARAMETRIC_REPRESENTATION_CONTEXT() REPRESENTATION_CONTEXT('2D SPACE',''
  ) );
#2279 = PCURVE('',#457,#2280);
#2280 = DEFINITIONAL_REPRESENTATION('',(#2281),#2285);
#2281 = LINE('',#2282,#2283);
#2282 = CARTESIAN_POINT('',(1.8,0.));
#2283 = VECTOR('',#2284,1.);
#2284 = DIRECTION('',(0.,-1.));
#2285 = ( GEOMETRIC_REPRESENTATION_CONTEXT(2)
PARAMETRIC_REPRESENTATION_CONTEXT() REPRESENTATION_CONTEXT('2D SPACE',''
  ) );
#2286 = ORIENTED_EDGE('',*,*,#1383,.F.);
#2287 = ORIENTED_EDGE('',*,*,#2214,.F.);
#2288 = ADVANCED_FACE('',(#2289),#657,.T.);
#2289 = FACE_BOUND('',#2290,.T.);
#2290 = EDGE_LOOP('',(#2291,#2310,#2311,#2312));
#2291 = ORIENTED_EDGE('',*,*,#2292,.F.);
#2292 = EDGE_CURVE('',#613,#1549,#2293,.T.);
#2293 = SURFACE_CURVE('',#2294,(#2298,#2304),.PCURVE_S1.);
#2294 = LINE('',#2295,#2296);
#2295 = CARTESIAN_POINT('',(-17.95,7.621307488659,0.));
#2296 = VECTOR('',#2297,1.);
#2297 = DIRECTION('',(0.,0.,1.));
#2298 = PCURVE('',#657,#2299);
#2299 = DEFINITIONAL_REPRESENTATION('',(#2300),#2303);
#2300 = B_SPLINE_CURVE_WITH_KNOTS('',1,(#2301,#2302),.UNSPECIFIED.,.F.,
  .F.,(2,2),(-6.E-07,11.2000006),.PIECEWISE_BEZIER_KNOTS.);
#2301 = CARTESIAN_POINT('',(0.236251305985,-6.E-07));
#2302 = CARTESIAN_POINT('',(0.236251305985,11.2000006));
#2303 = ( GEOMETRIC_REPRESENTATION_CONTEXT(2)
PARAMETRIC_REPRESENTATION_CONTEXT() REPRESENTATION_CONTEXT('2D SPACE',''
  ) );
#2304 = PCURVE('',#628,#2305);
#2305 = DEFINITIONAL_REPRESENTATION('',(#2306),#2309);
#2306 = B_SPLINE_CURVE_WITH_KNOTS('',1,(#2307,#2308),.UNSPECIFIED.,.F.,
  .F.,(2,2),(-6.E-07,11.2000006),.PIECEWISE_BEZIER_KNOTS.);
#2307 = CARTESIAN_POINT('',(28.078692511341,6.E-07));
#2308 = CARTESIAN_POINT('',(28.078692511341,-11.2000006));
#2309 = ( GEOMETRIC_REPRESENTATION_CONTEXT(2)
PARAMETRIC_REPRESENTATION_CONTEXT() REPRESENTATION_CONTEXT('2D SPACE',''
  ) );
#2310 = ORIENTED_EDGE('',*,*,#640,.T.);
#2311 = ORIENTED_EDGE('',*,*,#2239,.T.);
#2312 = ORIENTED_EDGE('',*,*,#1571,.F.);
#2313 = ADVANCED_FACE('',(#2314),#457,.F.);
#2314 = FACE_BOUND('',#2315,.F.);
#2315 = EDGE_LOOP('',(#2316,#2317,#2318,#2319));
#2316 = ORIENTED_EDGE('',*,*,#441,.F.);
#2317 = ORIENTED_EDGE('',*,*,#2266,.T.);
#2318 = ORIENTED_EDGE('',*,*,#1407,.T.);
#2319 = ORIENTED_EDGE('',*,*,#2320,.F.);
#2320 = EDGE_CURVE('',#442,#1408,#2321,.T.);
#2321 = SURFACE_CURVE('',#2322,(#2326,#2333),.PCURVE_S1.);
#2322 = LINE('',#2323,#2324);
#2323 = CARTESIAN_POINT('',(19.7,9.,0.));
#2324 = VECTOR('',#2325,1.);
#2325 = DIRECTION('',(0.,0.,1.));
#2326 = PCURVE('',#457,#2327);
#2327 = DEFINITIONAL_REPRESENTATION('',(#2328),#2332);
#2328 = LINE('',#2329,#2330);
#2329 = CARTESIAN_POINT('',(5.2,0.));
#2330 = VECTOR('',#2331,1.);
#2331 = DIRECTION('',(0.,-1.));
#2332 = ( GEOMETRIC_REPRESENTATION_CONTEXT(2)
PARAMETRIC_REPRESENTATION_CONTEXT() REPRESENTATION_CONTEXT('2D SPACE',''
  ) );
#2333 = PCURVE('',#486,#2334);
#2334 = DEFINITIONAL_REPRESENTATION('',(#2335),#2339);
#2335 = LINE('',#2336,#2337);
#2336 = CARTESIAN_POINT('',(0.,0.));
#2337 = VECTOR('',#2338,1.);
#2338 = DIRECTION('',(0.,1.));
#2339 = ( GEOMETRIC_REPRESENTATION_CONTEXT(2)
PARAMETRIC_REPRESENTATION_CONTEXT() REPRESENTATION_CONTEXT('2D SPACE',''
  ) );
#2340 = ADVANCED_FACE('',(#2341),#628,.F.);
#2341 = FACE_BOUND('',#2342,.F.);
#2342 = EDGE_LOOP('',(#2343,#2344,#2365,#2366));
#2343 = ORIENTED_EDGE('',*,*,#612,.F.);
#2344 = ORIENTED_EDGE('',*,*,#2345,.T.);
#2345 = EDGE_CURVE('',#584,#1525,#2346,.T.);
#2346 = SURFACE_CURVE('',#2347,(#2351,#2358),.PCURVE_S1.);
#2347 = LINE('',#2348,#2349);
#2348 = CARTESIAN_POINT('',(-17.95,33.2,0.));
#2349 = VECTOR('',#2350,1.);
#2350 = DIRECTION('',(0.,0.,1.));
#2351 = PCURVE('',#628,#2352);
#2352 = DEFINITIONAL_REPRESENTATION('',(#2353),#2357);
#2353 = LINE('',#2354,#2355);
#2354 = CARTESIAN_POINT('',(2.5,0.));
#2355 = VECTOR('',#2356,1.);
#2356 = DIRECTION('',(0.,-1.));
#2357 = ( GEOMETRIC_REPRESENTATION_CONTEXT(2)
PARAMETRIC_REPRESENTATION_CONTEXT() REPRESENTATION_CONTEXT('2D SPACE',''
  ) );
#2358 = PCURVE('',#600,#2359);
#2359 = DEFINITIONAL_REPRESENTATION('',(#2360),#2364);
#2360 = LINE('',#2361,#2362);
#2361 = CARTESIAN_POINT('',(1.570796326795,0.));
#2362 = VECTOR('',#2363,1.);
#2363 = DIRECTION('',(0.,1.));
#2364 = ( GEOMETRIC_REPRESENTATION_CONTEXT(2)
PARAMETRIC_REPRESENTATION_CONTEXT() REPRESENTATION_CONTEXT('2D SPACE',''
  ) );
#2365 = ORIENTED_EDGE('',*,*,#1548,.T.);
#2366 = ORIENTED_EDGE('',*,*,#2292,.F.);
#2367 = ADVANCED_FACE('',(#2368),#486,.T.);
#2368 = FACE_BOUND('',#2369,.T.);
#2369 = EDGE_LOOP('',(#2370,#2371,#2372,#2391));
#2370 = ORIENTED_EDGE('',*,*,#2320,.F.);
#2371 = ORIENTED_EDGE('',*,*,#469,.T.);
#2372 = ORIENTED_EDGE('',*,*,#2373,.T.);
#2373 = EDGE_CURVE('',#470,#1431,#2374,.T.);
#2374 = SURFACE_CURVE('',#2375,(#2379,#2385),.PCURVE_S1.);
#2375 = LINE('',#2376,#2377);
#2376 = CARTESIAN_POINT('',(17.95,7.621307488659,0.));
#2377 = VECTOR('',#2378,1.);
#2378 = DIRECTION('',(0.,0.,1.));
#2379 = PCURVE('',#486,#2380);
#2380 = DEFINITIONAL_REPRESENTATION('',(#2381),#2384);
#2381 = B_SPLINE_CURVE_WITH_KNOTS('',1,(#2382,#2383),.UNSPECIFIED.,.F.,
  .F.,(2,2),(-6.E-07,11.2000006),.PIECEWISE_BEZIER_KNOTS.);
#2382 = CARTESIAN_POINT('',(1.33454502081,-6.E-07));
#2383 = CARTESIAN_POINT('',(1.33454502081,11.2000006));
#2384 = ( GEOMETRIC_REPRESENTATION_CONTEXT(2)
PARAMETRIC_REPRESENTATION_CONTEXT() REPRESENTATION_CONTEXT('2D SPACE',''
  ) );
#2385 = PCURVE('',#514,#2386);
#2386 = DEFINITIONAL_REPRESENTATION('',(#2387),#2390);
#2387 = B_SPLINE_CURVE_WITH_KNOTS('',1,(#2388,#2389),.UNSPECIFIED.,.F.,
  .F.,(2,2),(-6.E-07,11.2000006),.PIECEWISE_BEZIER_KNOTS.);
#2388 = CARTESIAN_POINT('',(43.321307488659,6.E-07));
#2389 = CARTESIAN_POINT('',(43.321307488659,-11.2000006));
#2390 = ( GEOMETRIC_REPRESENTATION_CONTEXT(2)
PARAMETRIC_REPRESENTATION_CONTEXT() REPRESENTATION_CONTEXT('2D SPACE',''
  ) );
#2391 = ORIENTED_EDGE('',*,*,#1430,.F.);
#2392 = ADVANCED_FACE('',(#2393),#600,.T.);
#2393 = FACE_BOUND('',#2394,.T.);
#2394 = EDGE_LOOP('',(#2395,#2396,#2397,#2398));
#2395 = ORIENTED_EDGE('',*,*,#583,.T.);
#2396 = ORIENTED_EDGE('',*,*,#2345,.T.);
#2397 = ORIENTED_EDGE('',*,*,#1524,.F.);
#2398 = ORIENTED_EDGE('',*,*,#2399,.F.);
#2399 = EDGE_CURVE('',#556,#1502,#2400,.T.);
#2400 = SURFACE_CURVE('',#2401,(#2405,#2412),.PCURVE_S1.);
#2401 = LINE('',#2402,#2403);
#2402 = CARTESIAN_POINT('',(-15.45,35.7,0.));
#2403 = VECTOR('',#2404,1.);
#2404 = DIRECTION('',(0.,0.,1.));
#2405 = PCURVE('',#600,#2406);
#2406 = DEFINITIONAL_REPRESENTATION('',(#2407),#2411);
#2407 = LINE('',#2408,#2409);
#2408 = CARTESIAN_POINT('',(0.,0.));
#2409 = VECTOR('',#2410,1.);
#2410 = DIRECTION('',(0.,1.));
#2411 = ( GEOMETRIC_REPRESENTATION_CONTEXT(2)
PARAMETRIC_REPRESENTATION_CONTEXT() REPRESENTATION_CONTEXT('2D SPACE',''
  ) );
#2412 = PCURVE('',#571,#2413);
#2413 = DEFINITIONAL_REPRESENTATION('',(#2414),#2418);
#2414 = LINE('',#2415,#2416);
#2415 = CARTESIAN_POINT('',(33.4,0.));
#2416 = VECTOR('',#2417,1.);
#2417 = DIRECTION('',(0.,-1.));
#2418 = ( GEOMETRIC_REPRESENTATION_CONTEXT(2)
PARAMETRIC_REPRESENTATION_CONTEXT() REPRESENTATION_CONTEXT('2D SPACE',''
  ) );
#2419 = ADVANCED_FACE('',(#2420),#514,.F.);
#2420 = FACE_BOUND('',#2421,.F.);
#2421 = EDGE_LOOP('',(#2422,#2423,#2424,#2425));
#2422 = ORIENTED_EDGE('',*,*,#498,.F.);
#2423 = ORIENTED_EDGE('',*,*,#2373,.T.);
#2424 = ORIENTED_EDGE('',*,*,#1454,.T.);
#2425 = ORIENTED_EDGE('',*,*,#2426,.F.);
#2426 = EDGE_CURVE('',#499,#1455,#2427,.T.);
#2427 = SURFACE_CURVE('',#2428,(#2432,#2439),.PCURVE_S1.);
#2428 = LINE('',#2429,#2430);
#2429 = CARTESIAN_POINT('',(17.95,33.2,0.));
#2430 = VECTOR('',#2431,1.);
#2431 = DIRECTION('',(0.,0.,1.));
#2432 = PCURVE('',#514,#2433);
#2433 = DEFINITIONAL_REPRESENTATION('',(#2434),#2438);
#2434 = LINE('',#2435,#2436);
#2435 = CARTESIAN_POINT('',(68.9,0.));
#2436 = VECTOR('',#2437,1.);
#2437 = DIRECTION('',(0.,-1.));
#2438 = ( GEOMETRIC_REPRESENTATION_CONTEXT(2)
PARAMETRIC_REPRESENTATION_CONTEXT() REPRESENTATION_CONTEXT('2D SPACE',''
  ) );
#2439 = PCURVE('',#543,#2440);
#2440 = DEFINITIONAL_REPRESENTATION('',(#2441),#2445);
#2441 = LINE('',#2442,#2443);
#2442 = CARTESIAN_POINT('',(0.,0.));
#2443 = VECTOR('',#2444,1.);
#2444 = DIRECTION('',(0.,1.));
#2445 = ( GEOMETRIC_REPRESENTATION_CONTEXT(2)
PARAMETRIC_REPRESENTATION_CONTEXT() REPRESENTATION_CONTEXT('2D SPACE',''
  ) );
#2446 = ADVANCED_FACE('',(#2447,#2473),#571,.F.);
#2447 = FACE_BOUND('',#2448,.F.);
#2448 = EDGE_LOOP('',(#2449,#2450,#2471,#2472));
#2449 = ORIENTED_EDGE('',*,*,#555,.F.);
#2450 = ORIENTED_EDGE('',*,*,#2451,.T.);
#2451 = EDGE_CURVE('',#527,#1478,#2452,.T.);
#2452 = SURFACE_CURVE('',#2453,(#2457,#2464),.PCURVE_S1.);
#2453 = LINE('',#2454,#2455);
#2454 = CARTESIAN_POINT('',(15.45,35.7,0.));
#2455 = VECTOR('',#2456,1.);
#2456 = DIRECTION('',(0.,0.,1.));
#2457 = PCURVE('',#571,#2458);
#2458 = DEFINITIONAL_REPRESENTATION('',(#2459),#2463);
#2459 = LINE('',#2460,#2461);
#2460 = CARTESIAN_POINT('',(2.5,0.));
#2461 = VECTOR('',#2462,1.);
#2462 = DIRECTION('',(0.,-1.));
#2463 = ( GEOMETRIC_REPRESENTATION_CONTEXT(2)
PARAMETRIC_REPRESENTATION_CONTEXT() REPRESENTATION_CONTEXT('2D SPACE',''
  ) );
#2464 = PCURVE('',#543,#2465);
#2465 = DEFINITIONAL_REPRESENTATION('',(#2466),#2470);
#2466 = LINE('',#2467,#2468);
#2467 = CARTESIAN_POINT('',(1.570796326795,0.));
#2468 = VECTOR('',#2469,1.);
#2469 = DIRECTION('',(0.,1.));
#2470 = ( GEOMETRIC_REPRESENTATION_CONTEXT(2)
PARAMETRIC_REPRESENTATION_CONTEXT() REPRESENTATION_CONTEXT('2D SPACE',''
  ) );
#2471 = ORIENTED_EDGE('',*,*,#1501,.T.);
#2472 = ORIENTED_EDGE('',*,*,#2399,.F.);
#2473 = FACE_BOUND('',#2474,.F.);
#2474 = EDGE_LOOP('',(#2475,#2503,#2529,#2555));
#2475 = ORIENTED_EDGE('',*,*,#2476,.T.);
#2476 = EDGE_CURVE('',#2477,#2479,#2481,.T.);
#2477 = VERTEX_POINT('',#2478);
#2478 = CARTESIAN_POINT('',(6.5,35.7,1.6));
#2479 = VERTEX_POINT('',#2480);
#2480 = CARTESIAN_POINT('',(-6.5,35.7,1.6));
#2481 = SURFACE_CURVE('',#2482,(#2486,#2492),.PCURVE_S1.);
#2482 = LINE('',#2483,#2484);
#2483 = CARTESIAN_POINT('',(5.725,35.7,1.6));
#2484 = VECTOR('',#2485,1.);
#2485 = DIRECTION('',(-1.,0.,0.));
#2486 = PCURVE('',#571,#2487);
#2487 = DEFINITIONAL_REPRESENTATION('',(#2488),#2491);
#2488 = B_SPLINE_CURVE_WITH_KNOTS('',1,(#2489,#2490),.UNSPECIFIED.,.F.,
  .F.,(2,2),(-0.775,12.225),.PIECEWISE_BEZIER_KNOTS.);
#2489 = CARTESIAN_POINT('',(11.45,-1.6));
#2490 = CARTESIAN_POINT('',(24.45,-1.6));
#2491 = ( GEOMETRIC_REPRESENTATION_CONTEXT(2)
PARAMETRIC_REPRESENTATION_CONTEXT() REPRESENTATION_CONTEXT('2D SPACE',''
  ) );
#2492 = PCURVE('',#2493,#2498);
#2493 = PLANE('',#2494);
#2494 = AXIS2_PLACEMENT_3D('',#2495,#2496,#2497);
#2495 = CARTESIAN_POINT('',(-6.5,34.5,1.6));
#2496 = DIRECTION('',(0.,0.,1.));
#2497 = DIRECTION('',(1.,0.,0.));
#2498 = DEFINITIONAL_REPRESENTATION('',(#2499),#2502);
#2499 = B_SPLINE_CURVE_WITH_KNOTS('',1,(#2500,#2501),.UNSPECIFIED.,.F.,
  .F.,(2,2),(-0.775,12.225),.PIECEWISE_BEZIER_KNOTS.);
#2500 = CARTESIAN_POINT('',(13.,1.2));
#2501 = CARTESIAN_POINT('',(0.,1.2));
#2502 = ( GEOMETRIC_REPRESENTATION_CONTEXT(2)
PARAMETRIC_REPRESENTATION_CONTEXT() REPRESENTATION_CONTEXT('2D SPACE',''
  ) );
#2503 = ORIENTED_EDGE('',*,*,#2504,.T.);
#2504 = EDGE_CURVE('',#2479,#2505,#2507,.T.);
#2505 = VERTEX_POINT('',#2506);
#2506 = CARTESIAN_POINT('',(-6.5,35.7,5.6));
#2507 = SURFACE_CURVE('',#2508,(#2512,#2518),.PCURVE_S1.);
#2508 = LINE('',#2509,#2510);
#2509 = CARTESIAN_POINT('',(-6.5,35.7,0.8));
#2510 = VECTOR('',#2511,1.);
#2511 = DIRECTION('',(-0.,0.,1.));
#2512 = PCURVE('',#571,#2513);
#2513 = DEFINITIONAL_REPRESENTATION('',(#2514),#2517);
#2514 = B_SPLINE_CURVE_WITH_KNOTS('',1,(#2515,#2516),.UNSPECIFIED.,.F.,
  .F.,(2,2),(0.8,4.8),.PIECEWISE_BEZIER_KNOTS.);
#2515 = CARTESIAN_POINT('',(24.45,-1.6));
#2516 = CARTESIAN_POINT('',(24.45,-5.6));
#2517 = ( GEOMETRIC_REPRESENTATION_CONTEXT(2)
PARAMETRIC_REPRESENTATION_CONTEXT() REPRESENTATION_CONTEXT('2D SPACE',''
  ) );
#2518 = PCURVE('',#2519,#2524);
#2519 = PLANE('',#2520);
#2520 = AXIS2_PLACEMENT_3D('',#2521,#2522,#2523);
#2521 = CARTESIAN_POINT('',(-6.5,34.5,1.6));
#2522 = DIRECTION('',(1.,0.,0.));
#2523 = DIRECTION('',(0.,0.,1.));
#2524 = DEFINITIONAL_REPRESENTATION('',(#2525),#2528);
#2525 = B_SPLINE_CURVE_WITH_KNOTS('',1,(#2526,#2527),.UNSPECIFIED.,.F.,
  .F.,(2,2),(0.8,4.8),.PIECEWISE_BEZIER_KNOTS.);
#2526 = CARTESIAN_POINT('',(0.,-1.2));
#2527 = CARTESIAN_POINT('',(4.,-1.2));
#2528 = ( GEOMETRIC_REPRESENTATION_CONTEXT(2)
PARAMETRIC_REPRESENTATION_CONTEXT() REPRESENTATION_CONTEXT('2D SPACE',''
  ) );
#2529 = ORIENTED_EDGE('',*,*,#2530,.F.);
#2530 = EDGE_CURVE('',#2531,#2505,#2533,.T.);
#2531 = VERTEX_POINT('',#2532);
#2532 = CARTESIAN_POINT('',(6.5,35.7,5.6));
#2533 = SURFACE_CURVE('',#2534,(#2538,#2544),.PCURVE_S1.);
#2534 = LINE('',#2535,#2536);
#2535 = CARTESIAN_POINT('',(5.725,35.7,5.6));
#2536 = VECTOR('',#2537,1.);
#2537 = DIRECTION('',(-1.,0.,0.));
#2538 = PCURVE('',#571,#2539);
#2539 = DEFINITIONAL_REPRESENTATION('',(#2540),#2543);
#2540 = B_SPLINE_CURVE_WITH_KNOTS('',1,(#2541,#2542),.UNSPECIFIED.,.F.,
  .F.,(2,2),(-0.775,12.225),.PIECEWISE_BEZIER_KNOTS.);
#2541 = CARTESIAN_POINT('',(11.45,-5.6));
#2542 = CARTESIAN_POINT('',(24.45,-5.6));
#2543 = ( GEOMETRIC_REPRESENTATION_CONTEXT(2)
PARAMETRIC_REPRESENTATION_CONTEXT() REPRESENTATION_CONTEXT('2D SPACE',''
  ) );
#2544 = PCURVE('',#2545,#2550);
#2545 = PLANE('',#2546);
#2546 = AXIS2_PLACEMENT_3D('',#2547,#2548,#2549);
#2547 = CARTESIAN_POINT('',(-6.5,34.5,5.6));
#2548 = DIRECTION('',(0.,0.,1.));
#2549 = DIRECTION('',(1.,0.,0.));
#2550 = DEFINITIONAL_REPRESENTATION('',(#2551),#2554);
#2551 = B_SPLINE_CURVE_WITH_KNOTS('',1,(#2552,#2553),.UNSPECIFIED.,.F.,
  .F.,(2,2),(-0.775,12.225),.PIECEWISE_BEZIER_KNOTS.);
#2552 = CARTESIAN_POINT('',(13.,1.2));
#2553 = CARTESIAN_POINT('',(0.,1.2));
#2554 = ( GEOMETRIC_REPRESENTATION_CONTEXT(2)
PARAMETRIC_REPRESENTATION_CONTEXT() REPRESENTATION_CONTEXT('2D SPACE',''
  ) );
#2555 = ORIENTED_EDGE('',*,*,#2556,.F.);
#2556 = EDGE_CURVE('',#2477,#2531,#2557,.T.);
#2557 = SURFACE_CURVE('',#2558,(#2562,#2568),.PCURVE_S1.);
#2558 = LINE('',#2559,#2560);
#2559 = CARTESIAN_POINT('',(6.5,35.7,0.8));
#2560 = VECTOR('',#2561,1.);
#2561 = DIRECTION('',(-0.,0.,1.));
#2562 = PCURVE('',#571,#2563);
#2563 = DEFINITIONAL_REPRESENTATION('',(#2564),#2567);
#2564 = B_SPLINE_CURVE_WITH_KNOTS('',1,(#2565,#2566),.UNSPECIFIED.,.F.,
  .F.,(2,2),(0.8,4.8),.PIECEWISE_BEZIER_KNOTS.);
#2565 = CARTESIAN_POINT('',(11.45,-1.6));
#2566 = CARTESIAN_POINT('',(11.45,-5.6));
#2567 = ( GEOMETRIC_REPRESENTATION_CONTEXT(2)
PARAMETRIC_REPRESENTATION_CONTEXT() REPRESENTATION_CONTEXT('2D SPACE',''
  ) );
#2568 = PCURVE('',#2569,#2574);
#2569 = PLANE('',#2570);
#2570 = AXIS2_PLACEMENT_3D('',#2571,#2572,#2573);
#2571 = CARTESIAN_POINT('',(6.5,34.5,1.6));
#2572 = DIRECTION('',(1.,0.,0.));
#2573 = DIRECTION('',(0.,0.,1.));
#2574 = DEFINITIONAL_REPRESENTATION('',(#2575),#2578);
#2575 = B_SPLINE_CURVE_WITH_KNOTS('',1,(#2576,#2577),.UNSPECIFIED.,.F.,
  .F.,(2,2),(0.8,4.8),.PIECEWISE_BEZIER_KNOTS.);
#2576 = CARTESIAN_POINT('',(0.,-1.2));
#2577 = CARTESIAN_POINT('',(4.,-1.2));
#2578 = ( GEOMETRIC_REPRESENTATION_CONTEXT(2)
PARAMETRIC_REPRESENTATION_CONTEXT() REPRESENTATION_CONTEXT('2D SPACE',''
  ) );
#2579 = ADVANCED_FACE('',(#2580),#543,.T.);
#2580 = FACE_BOUND('',#2581,.T.);
#2581 = EDGE_LOOP('',(#2582,#2583,#2584,#2585));
#2582 = ORIENTED_EDGE('',*,*,#526,.T.);
#2583 = ORIENTED_EDGE('',*,*,#2451,.T.);
#2584 = ORIENTED_EDGE('',*,*,#1477,.F.);
#2585 = ORIENTED_EDGE('',*,*,#2426,.F.);
#2586 = ADVANCED_FACE('',(#2587),#893,.F.);
#2587 = FACE_BOUND('',#2588,.T.);
#2588 = EDGE_LOOP('',(#2589,#2612,#2613,#2614));
#2589 = ORIENTED_EDGE('',*,*,#2590,.F.);
#2590 = EDGE_CURVE('',#873,#2591,#2593,.T.);
#2591 = VERTEX_POINT('',#2592);
#2592 = CARTESIAN_POINT('',(-20.25,0.,10.2));
#2593 = SEAM_CURVE('',#2594,(#2598,#2605),.PCURVE_S1.);
#2594 = LINE('',#2595,#2596);
#2595 = CARTESIAN_POINT('',(-20.25,0.,-0.5));
#2596 = VECTOR('',#2597,1.);
#2597 = DIRECTION('',(0.,0.,1.));
#2598 = PCURVE('',#893,#2599);
#2599 = DEFINITIONAL_REPRESENTATION('',(#2600),#2604);
#2600 = LINE('',#2601,#2602);
#2601 = CARTESIAN_POINT('',(-6.28318530718,0.));
#2602 = VECTOR('',#2603,1.);
#2603 = DIRECTION('',(-0.,-1.));
#2604 = ( GEOMETRIC_REPRESENTATION_CONTEXT(2)
PARAMETRIC_REPRESENTATION_CONTEXT() REPRESENTATION_CONTEXT('2D SPACE',''
  ) );
#2605 = PCURVE('',#893,#2606);
#2606 = DEFINITIONAL_REPRESENTATION('',(#2607),#2611);
#2607 = LINE('',#2608,#2609);
#2608 = CARTESIAN_POINT('',(-0.,0.));
#2609 = VECTOR('',#2610,1.);
#2610 = DIRECTION('',(-0.,-1.));
#2611 = ( GEOMETRIC_REPRESENTATION_CONTEXT(2)
PARAMETRIC_REPRESENTATION_CONTEXT() REPRESENTATION_CONTEXT('2D SPACE',''
  ) );
#2612 = ORIENTED_EDGE('',*,*,#872,.T.);
#2613 = ORIENTED_EDGE('',*,*,#2590,.T.);
#2614 = ORIENTED_EDGE('',*,*,#2615,.F.);
#2615 = EDGE_CURVE('',#2591,#2591,#2616,.T.);
#2616 = SURFACE_CURVE('',#2617,(#2622,#2629),.PCURVE_S1.);
#2617 = CIRCLE('',#2618,1.2);
#2618 = AXIS2_PLACEMENT_3D('',#2619,#2620,#2621);
#2619 = CARTESIAN_POINT('',(-21.45,0.,10.2));
#2620 = DIRECTION('',(0.,0.,-1.));
#2621 = DIRECTION('',(1.,0.,0.));
#2622 = PCURVE('',#893,#2623);
#2623 = DEFINITIONAL_REPRESENTATION('',(#2624),#2628);
#2624 = LINE('',#2625,#2626);
#2625 = CARTESIAN_POINT('',(-6.28318530718,-10.7));
#2626 = VECTOR('',#2627,1.);
#2627 = DIRECTION('',(1.,-0.));
#2628 = ( GEOMETRIC_REPRESENTATION_CONTEXT(2)
PARAMETRIC_REPRESENTATION_CONTEXT() REPRESENTATION_CONTEXT('2D SPACE',''
  ) );
#2629 = PCURVE('',#2630,#2635);
#2630 = PLANE('',#2631);
#2631 = AXIS2_PLACEMENT_3D('',#2632,#2633,#2634);
#2632 = CARTESIAN_POINT('',(-21.45,4.446993654107E-17,10.2));
#2633 = DIRECTION('',(0.,0.,1.));
#2634 = DIRECTION('',(1.,0.,-0.));
#2635 = DEFINITIONAL_REPRESENTATION('',(#2636),#2644);
#2636 = ( BOUNDED_CURVE() B_SPLINE_CURVE(2,(#2637,#2638,#2639,#2640,
#2641,#2642,#2643),.UNSPECIFIED.,.T.,.F.) B_SPLINE_CURVE_WITH_KNOTS((1,2
    ,2,2,2,1),(-2.094395102393,0.,2.094395102393,4.188790204786,
6.28318530718,8.377580409573),.UNSPECIFIED.) CURVE()
GEOMETRIC_REPRESENTATION_ITEM() RATIONAL_B_SPLINE_CURVE((1.,0.5,1.,0.5,
1.,0.5,1.)) REPRESENTATION_ITEM('') );
#2637 = CARTESIAN_POINT('',(1.2,-4.446993654107E-17));
#2638 = CARTESIAN_POINT('',(1.2,-2.078460969083));
#2639 = CARTESIAN_POINT('',(-0.6,-1.039230484541));
#2640 = CARTESIAN_POINT('',(-2.4,-3.383851683364E-16));
#2641 = CARTESIAN_POINT('',(-0.6,1.039230484541));
#2642 = CARTESIAN_POINT('',(1.2,2.078460969083));
#2643 = CARTESIAN_POINT('',(1.2,-4.446993654107E-17));
#2644 = ( GEOMETRIC_REPRESENTATION_CONTEXT(2)
PARAMETRIC_REPRESENTATION_CONTEXT() REPRESENTATION_CONTEXT('2D SPACE',''
  ) );
#2645 = ADVANCED_FACE('',(#2646),#928,.F.);
#2646 = FACE_BOUND('',#2647,.T.);
#2647 = EDGE_LOOP('',(#2648,#2671,#2672,#2673));
#2648 = ORIENTED_EDGE('',*,*,#2649,.F.);
#2649 = EDGE_CURVE('',#908,#2650,#2652,.T.);
#2650 = VERTEX_POINT('',#2651);
#2651 = CARTESIAN_POINT('',(22.65,0.,10.2));
#2652 = SEAM_CURVE('',#2653,(#2657,#2664),.PCURVE_S1.);
#2653 = LINE('',#2654,#2655);
#2654 = CARTESIAN_POINT('',(22.65,0.,-0.5));
#2655 = VECTOR('',#2656,1.);
#2656 = DIRECTION('',(0.,0.,1.));
#2657 = PCURVE('',#928,#2658);
#2658 = DEFINITIONAL_REPRESENTATION('',(#2659),#2663);
#2659 = LINE('',#2660,#2661);
#2660 = CARTESIAN_POINT('',(-6.28318530718,0.));
#2661 = VECTOR('',#2662,1.);
#2662 = DIRECTION('',(-0.,-1.));
#2663 = ( GEOMETRIC_REPRESENTATION_CONTEXT(2)
PARAMETRIC_REPRESENTATION_CONTEXT() REPRESENTATION_CONTEXT('2D SPACE',''
  ) );
#2664 = PCURVE('',#928,#2665);
#2665 = DEFINITIONAL_REPRESENTATION('',(#2666),#2670);
#2666 = LINE('',#2667,#2668);
#2667 = CARTESIAN_POINT('',(-0.,0.));
#2668 = VECTOR('',#2669,1.);
#2669 = DIRECTION('',(-0.,-1.));
#2670 = ( GEOMETRIC_REPRESENTATION_CONTEXT(2)
PARAMETRIC_REPRESENTATION_CONTEXT() REPRESENTATION_CONTEXT('2D SPACE',''
  ) );
#2671 = ORIENTED_EDGE('',*,*,#907,.T.);
#2672 = ORIENTED_EDGE('',*,*,#2649,.T.);
#2673 = ORIENTED_EDGE('',*,*,#2674,.F.);
#2674 = EDGE_CURVE('',#2650,#2650,#2675,.T.);
#2675 = SURFACE_CURVE('',#2676,(#2681,#2688),.PCURVE_S1.);
#2676 = CIRCLE('',#2677,1.2);
#2677 = AXIS2_PLACEMENT_3D('',#2678,#2679,#2680);
#2678 = CARTESIAN_POINT('',(21.45,0.,10.2));
#2679 = DIRECTION('',(0.,0.,-1.));
#2680 = DIRECTION('',(1.,0.,0.));
#2681 = PCURVE('',#928,#2682);
#2682 = DEFINITIONAL_REPRESENTATION('',(#2683),#2687);
#2683 = LINE('',#2684,#2685);
#2684 = CARTESIAN_POINT('',(-6.28318530718,-10.7));
#2685 = VECTOR('',#2686,1.);
#2686 = DIRECTION('',(1.,-0.));
#2687 = ( GEOMETRIC_REPRESENTATION_CONTEXT(2)
PARAMETRIC_REPRESENTATION_CONTEXT() REPRESENTATION_CONTEXT('2D SPACE',''
  ) );
#2688 = PCURVE('',#2689,#2694);
#2689 = PLANE('',#2690);
#2690 = AXIS2_PLACEMENT_3D('',#2691,#2692,#2693);
#2691 = CARTESIAN_POINT('',(21.45,4.446993654107E-17,10.2));
#2692 = DIRECTION('',(0.,0.,1.));
#2693 = DIRECTION('',(1.,0.,-0.));
#2694 = DEFINITIONAL_REPRESENTATION('',(#2695),#2703);
#2695 = ( BOUNDED_CURVE() B_SPLINE_CURVE(2,(#2696,#2697,#2698,#2699,
#2700,#2701,#2702),.UNSPECIFIED.,.T.,.F.) B_SPLINE_CURVE_WITH_KNOTS((1,2
    ,2,2,2,1),(-2.094395102393,0.,2.094395102393,4.188790204786,
6.28318530718,8.377580409573),.UNSPECIFIED.) CURVE()
GEOMETRIC_REPRESENTATION_ITEM() RATIONAL_B_SPLINE_CURVE((1.,0.5,1.,0.5,
1.,0.5,1.)) REPRESENTATION_ITEM('') );
#2696 = CARTESIAN_POINT('',(1.2,-4.446993654107E-17));
#2697 = CARTESIAN_POINT('',(1.2,-2.078460969083));
#2698 = CARTESIAN_POINT('',(-0.6,-1.039230484541));
#2699 = CARTESIAN_POINT('',(-2.4,-3.383851683364E-16));
#2700 = CARTESIAN_POINT('',(-0.6,1.039230484541));
#2701 = CARTESIAN_POINT('',(1.2,2.078460969083));
#2702 = CARTESIAN_POINT('',(1.2,-4.446993654107E-17));
#2703 = ( GEOMETRIC_REPRESENTATION_CONTEXT(2)
PARAMETRIC_REPRESENTATION_CONTEXT() REPRESENTATION_CONTEXT('2D SPACE',''
  ) );
#2704 = ADVANCED_FACE('',(#2705),#959,.T.);
#2705 = FACE_BOUND('',#2706,.T.);
#2706 = EDGE_LOOP('',(#2707,#2730,#2731,#2754));
#2707 = ORIENTED_EDGE('',*,*,#2708,.F.);
#2708 = EDGE_CURVE('',#943,#2709,#2711,.T.);
#2709 = VERTEX_POINT('',#2710);
#2710 = CARTESIAN_POINT('',(-10.,24.8,1.6));
#2711 = SURFACE_CURVE('',#2712,(#2716,#2723),.PCURVE_S1.);
#2712 = LINE('',#2713,#2714);
#2713 = CARTESIAN_POINT('',(-10.,24.8,-0.2));
#2714 = VECTOR('',#2715,1.);
#2715 = DIRECTION('',(0.,0.,1.));
#2716 = PCURVE('',#959,#2717);
#2717 = DEFINITIONAL_REPRESENTATION('',(#2718),#2722);
#2718 = LINE('',#2719,#2720);
#2719 = CARTESIAN_POINT('',(0.,2.));
#2720 = VECTOR('',#2721,1.);
#2721 = DIRECTION('',(1.,0.));
#2722 = ( GEOMETRIC_REPRESENTATION_CONTEXT(2)
PARAMETRIC_REPRESENTATION_CONTEXT() REPRESENTATION_CONTEXT('2D SPACE',''
  ) );
#2723 = PCURVE('',#1035,#2724);
#2724 = DEFINITIONAL_REPRESENTATION('',(#2725),#2729);
#2725 = LINE('',#2726,#2727);
#2726 = CARTESIAN_POINT('',(0.,0.));
#2727 = VECTOR('',#2728,1.);
#2728 = DIRECTION('',(1.,0.));
#2729 = ( GEOMETRIC_REPRESENTATION_CONTEXT(2)
PARAMETRIC_REPRESENTATION_CONTEXT() REPRESENTATION_CONTEXT('2D SPACE',''
  ) );
#2730 = ORIENTED_EDGE('',*,*,#942,.T.);
#2731 = ORIENTED_EDGE('',*,*,#2732,.T.);
#2732 = EDGE_CURVE('',#945,#2733,#2735,.T.);
#2733 = VERTEX_POINT('',#2734);
#2734 = CARTESIAN_POINT('',(-12.,24.8,1.6));
#2735 = SURFACE_CURVE('',#2736,(#2740,#2747),.PCURVE_S1.);
#2736 = LINE('',#2737,#2738);
#2737 = CARTESIAN_POINT('',(-12.,24.8,-0.2));
#2738 = VECTOR('',#2739,1.);
#2739 = DIRECTION('',(0.,0.,1.));
#2740 = PCURVE('',#959,#2741);
#2741 = DEFINITIONAL_REPRESENTATION('',(#2742),#2746);
#2742 = LINE('',#2743,#2744);
#2743 = CARTESIAN_POINT('',(0.,0.));
#2744 = VECTOR('',#2745,1.);
#2745 = DIRECTION('',(1.,0.));
#2746 = ( GEOMETRIC_REPRESENTATION_CONTEXT(2)
PARAMETRIC_REPRESENTATION_CONTEXT() REPRESENTATION_CONTEXT('2D SPACE',''
  ) );
#2747 = PCURVE('',#985,#2748);
#2748 = DEFINITIONAL_REPRESENTATION('',(#2749),#2753);
#2749 = LINE('',#2750,#2751);
#2750 = CARTESIAN_POINT('',(0.,0.));
#2751 = VECTOR('',#2752,1.);
#2752 = DIRECTION('',(1.,0.));
#2753 = ( GEOMETRIC_REPRESENTATION_CONTEXT(2)
PARAMETRIC_REPRESENTATION_CONTEXT() REPRESENTATION_CONTEXT('2D SPACE',''
  ) );
#2754 = ORIENTED_EDGE('',*,*,#2755,.F.);
#2755 = EDGE_CURVE('',#2709,#2733,#2756,.T.);
#2756 = SURFACE_CURVE('',#2757,(#2761,#2767),.PCURVE_S1.);
#2757 = LINE('',#2758,#2759);
#2758 = CARTESIAN_POINT('',(-14.025,24.8,1.6));
#2759 = VECTOR('',#2760,1.);
#2760 = DIRECTION('',(-1.,0.,0.));
#2761 = PCURVE('',#959,#2762);
#2762 = DEFINITIONAL_REPRESENTATION('',(#2763),#2766);
#2763 = B_SPLINE_CURVE_WITH_KNOTS('',1,(#2764,#2765),.UNSPECIFIED.,.F.,
  .F.,(2,2),(-4.025,-2.025),.PIECEWISE_BEZIER_KNOTS.);
#2764 = CARTESIAN_POINT('',(1.8,2.));
#2765 = CARTESIAN_POINT('',(1.8,0.));
#2766 = ( GEOMETRIC_REPRESENTATION_CONTEXT(2)
PARAMETRIC_REPRESENTATION_CONTEXT() REPRESENTATION_CONTEXT('2D SPACE',''
  ) );
#2767 = PCURVE('',#2768,#2773);
#2768 = PLANE('',#2769);
#2769 = AXIS2_PLACEMENT_3D('',#2770,#2771,#2772);
#2770 = CARTESIAN_POINT('',(-16.05,-33.8,1.6));
#2771 = DIRECTION('',(0.,0.,1.));
#2772 = DIRECTION('',(1.,0.,0.));
#2773 = DEFINITIONAL_REPRESENTATION('',(#2774),#2777);
#2774 = B_SPLINE_CURVE_WITH_KNOTS('',1,(#2775,#2776),.UNSPECIFIED.,.F.,
  .F.,(2,2),(-4.025,-2.025),.PIECEWISE_BEZIER_KNOTS.);
#2775 = CARTESIAN_POINT('',(6.05,58.6));
#2776 = CARTESIAN_POINT('',(4.05,58.6));
#2777 = ( GEOMETRIC_REPRESENTATION_CONTEXT(2)
PARAMETRIC_REPRESENTATION_CONTEXT() REPRESENTATION_CONTEXT('2D SPACE',''
  ) );
#2778 = ADVANCED_FACE('',(#2779),#1035,.F.);
#2779 = FACE_BOUND('',#2780,.F.);
#2780 = EDGE_LOOP('',(#2781,#2782,#2783,#2806));
#2781 = ORIENTED_EDGE('',*,*,#2708,.F.);
#2782 = ORIENTED_EDGE('',*,*,#1022,.T.);
#2783 = ORIENTED_EDGE('',*,*,#2784,.T.);
#2784 = EDGE_CURVE('',#997,#2785,#2787,.T.);
#2785 = VERTEX_POINT('',#2786);
#2786 = CARTESIAN_POINT('',(-10.,32.8,1.6));
#2787 = SURFACE_CURVE('',#2788,(#2792,#2799),.PCURVE_S1.);
#2788 = LINE('',#2789,#2790);
#2789 = CARTESIAN_POINT('',(-10.,32.8,-0.2));
#2790 = VECTOR('',#2791,1.);
#2791 = DIRECTION('',(0.,0.,1.));
#2792 = PCURVE('',#1035,#2793);
#2793 = DEFINITIONAL_REPRESENTATION('',(#2794),#2798);
#2794 = LINE('',#2795,#2796);
#2795 = CARTESIAN_POINT('',(0.,-8.));
#2796 = VECTOR('',#2797,1.);
#2797 = DIRECTION('',(1.,0.));
#2798 = ( GEOMETRIC_REPRESENTATION_CONTEXT(2)
PARAMETRIC_REPRESENTATION_CONTEXT() REPRESENTATION_CONTEXT('2D SPACE',''
  ) );
#2799 = PCURVE('',#1011,#2800);
#2800 = DEFINITIONAL_REPRESENTATION('',(#2801),#2805);
#2801 = LINE('',#2802,#2803);
#2802 = CARTESIAN_POINT('',(0.,2.));
#2803 = VECTOR('',#2804,1.);
#2804 = DIRECTION('',(1.,0.));
#2805 = ( GEOMETRIC_REPRESENTATION_CONTEXT(2)
PARAMETRIC_REPRESENTATION_CONTEXT() REPRESENTATION_CONTEXT('2D SPACE',''
  ) );
#2806 = ORIENTED_EDGE('',*,*,#2807,.F.);
#2807 = EDGE_CURVE('',#2709,#2785,#2808,.T.);
#2808 = SURFACE_CURVE('',#2809,(#2813,#2819),.PCURVE_S1.);
#2809 = LINE('',#2810,#2811);
#2810 = CARTESIAN_POINT('',(-10.,-4.5,1.6));
#2811 = VECTOR('',#2812,1.);
#2812 = DIRECTION('',(0.,1.,0.));
#2813 = PCURVE('',#1035,#2814);
#2814 = DEFINITIONAL_REPRESENTATION('',(#2815),#2818);
#2815 = B_SPLINE_CURVE_WITH_KNOTS('',1,(#2816,#2817),.UNSPECIFIED.,.F.,
  .F.,(2,2),(29.3,37.3),.PIECEWISE_BEZIER_KNOTS.);
#2816 = CARTESIAN_POINT('',(1.8,0.));
#2817 = CARTESIAN_POINT('',(1.8,-8.));
#2818 = ( GEOMETRIC_REPRESENTATION_CONTEXT(2)
PARAMETRIC_REPRESENTATION_CONTEXT() REPRESENTATION_CONTEXT('2D SPACE',''
  ) );
#2819 = PCURVE('',#2768,#2820);
#2820 = DEFINITIONAL_REPRESENTATION('',(#2821),#2824);
#2821 = B_SPLINE_CURVE_WITH_KNOTS('',1,(#2822,#2823),.UNSPECIFIED.,.F.,
  .F.,(2,2),(29.3,37.3),.PIECEWISE_BEZIER_KNOTS.);
#2822 = CARTESIAN_POINT('',(6.05,58.6));
#2823 = CARTESIAN_POINT('',(6.05,66.6));
#2824 = ( GEOMETRIC_REPRESENTATION_CONTEXT(2)
PARAMETRIC_REPRESENTATION_CONTEXT() REPRESENTATION_CONTEXT('2D SPACE',''
  ) );
#2825 = ADVANCED_FACE('',(#2826),#985,.T.);
#2826 = FACE_BOUND('',#2827,.T.);
#2827 = EDGE_LOOP('',(#2828,#2829,#2830,#2853));
#2828 = ORIENTED_EDGE('',*,*,#2732,.F.);
#2829 = ORIENTED_EDGE('',*,*,#970,.T.);
#2830 = ORIENTED_EDGE('',*,*,#2831,.T.);
#2831 = EDGE_CURVE('',#971,#2832,#2834,.T.);
#2832 = VERTEX_POINT('',#2833);
#2833 = CARTESIAN_POINT('',(-12.,32.8,1.6));
#2834 = SURFACE_CURVE('',#2835,(#2839,#2846),.PCURVE_S1.);
#2835 = LINE('',#2836,#2837);
#2836 = CARTESIAN_POINT('',(-12.,32.8,-0.2));
#2837 = VECTOR('',#2838,1.);
#2838 = DIRECTION('',(0.,0.,1.));
#2839 = PCURVE('',#985,#2840);
#2840 = DEFINITIONAL_REPRESENTATION('',(#2841),#2845);
#2841 = LINE('',#2842,#2843);
#2842 = CARTESIAN_POINT('',(0.,-8.));
#2843 = VECTOR('',#2844,1.);
#2844 = DIRECTION('',(1.,0.));
#2845 = ( GEOMETRIC_REPRESENTATION_CONTEXT(2)
PARAMETRIC_REPRESENTATION_CONTEXT() REPRESENTATION_CONTEXT('2D SPACE',''
  ) );
#2846 = PCURVE('',#1011,#2847);
#2847 = DEFINITIONAL_REPRESENTATION('',(#2848),#2852);
#2848 = LINE('',#2849,#2850);
#2849 = CARTESIAN_POINT('',(0.,0.));
#2850 = VECTOR('',#2851,1.);
#2851 = DIRECTION('',(1.,0.));
#2852 = ( GEOMETRIC_REPRESENTATION_CONTEXT(2)
PARAMETRIC_REPRESENTATION_CONTEXT() REPRESENTATION_CONTEXT('2D SPACE',''
  ) );
#2853 = ORIENTED_EDGE('',*,*,#2854,.F.);
#2854 = EDGE_CURVE('',#2733,#2832,#2855,.T.);
#2855 = SURFACE_CURVE('',#2856,(#2860,#2866),.PCURVE_S1.);
#2856 = LINE('',#2857,#2858);
#2857 = CARTESIAN_POINT('',(-12.,-4.5,1.6));
#2858 = VECTOR('',#2859,1.);
#2859 = DIRECTION('',(0.,1.,0.));
#2860 = PCURVE('',#985,#2861);
#2861 = DEFINITIONAL_REPRESENTATION('',(#2862),#2865);
#2862 = B_SPLINE_CURVE_WITH_KNOTS('',1,(#2863,#2864),.UNSPECIFIED.,.F.,
  .F.,(2,2),(29.3,37.3),.PIECEWISE_BEZIER_KNOTS.);
#2863 = CARTESIAN_POINT('',(1.8,0.));
#2864 = CARTESIAN_POINT('',(1.8,-8.));
#2865 = ( GEOMETRIC_REPRESENTATION_CONTEXT(2)
PARAMETRIC_REPRESENTATION_CONTEXT() REPRESENTATION_CONTEXT('2D SPACE',''
  ) );
#2866 = PCURVE('',#2768,#2867);
#2867 = DEFINITIONAL_REPRESENTATION('',(#2868),#2871);
#2868 = B_SPLINE_CURVE_WITH_KNOTS('',1,(#2869,#2870),.UNSPECIFIED.,.F.,
  .F.,(2,2),(29.3,37.3),.PIECEWISE_BEZIER_KNOTS.);
#2869 = CARTESIAN_POINT('',(4.05,58.6));
#2870 = CARTESIAN_POINT('',(4.05,66.6));
#2871 = ( GEOMETRIC_REPRESENTATION_CONTEXT(2)
PARAMETRIC_REPRESENTATION_CONTEXT() REPRESENTATION_CONTEXT('2D SPACE',''
  ) );
#2872 = ADVANCED_FACE('',(#2873),#1011,.F.);
#2873 = FACE_BOUND('',#2874,.F.);
#2874 = EDGE_LOOP('',(#2875,#2876,#2877,#2878));
#2875 = ORIENTED_EDGE('',*,*,#2784,.F.);
#2876 = ORIENTED_EDGE('',*,*,#996,.T.);
#2877 = ORIENTED_EDGE('',*,*,#2831,.T.);
#2878 = ORIENTED_EDGE('',*,*,#2879,.F.);
#2879 = EDGE_CURVE('',#2785,#2832,#2880,.T.);
#2880 = SURFACE_CURVE('',#2881,(#2885,#2891),.PCURVE_S1.);
#2881 = LINE('',#2882,#2883);
#2882 = CARTESIAN_POINT('',(-14.025,32.8,1.6));
#2883 = VECTOR('',#2884,1.);
#2884 = DIRECTION('',(-1.,0.,0.));
#2885 = PCURVE('',#1011,#2886);
#2886 = DEFINITIONAL_REPRESENTATION('',(#2887),#2890);
#2887 = B_SPLINE_CURVE_WITH_KNOTS('',1,(#2888,#2889),.UNSPECIFIED.,.F.,
  .F.,(2,2),(-4.025,-2.025),.PIECEWISE_BEZIER_KNOTS.);
#2888 = CARTESIAN_POINT('',(1.8,2.));
#2889 = CARTESIAN_POINT('',(1.8,0.));
#2890 = ( GEOMETRIC_REPRESENTATION_CONTEXT(2)
PARAMETRIC_REPRESENTATION_CONTEXT() REPRESENTATION_CONTEXT('2D SPACE',''
  ) );
#2891 = PCURVE('',#2768,#2892);
#2892 = DEFINITIONAL_REPRESENTATION('',(#2893),#2896);
#2893 = B_SPLINE_CURVE_WITH_KNOTS('',1,(#2894,#2895),.UNSPECIFIED.,.F.,
  .F.,(2,2),(-4.025,-2.025),.PIECEWISE_BEZIER_KNOTS.);
#2894 = CARTESIAN_POINT('',(6.05,66.6));
#2895 = CARTESIAN_POINT('',(4.05,66.6));
#2896 = ( GEOMETRIC_REPRESENTATION_CONTEXT(2)
PARAMETRIC_REPRESENTATION_CONTEXT() REPRESENTATION_CONTEXT('2D SPACE',''
  ) );
#2897 = ADVANCED_FACE('',(#2898),#1065,.T.);
#2898 = FACE_BOUND('',#2899,.T.);
#2899 = EDGE_LOOP('',(#2900,#2923,#2924,#2947));
#2900 = ORIENTED_EDGE('',*,*,#2901,.F.);
#2901 = EDGE_CURVE('',#1049,#2902,#2904,.T.);
#2902 = VERTEX_POINT('',#2903);
#2903 = CARTESIAN_POINT('',(12.,24.8,1.6));
#2904 = SURFACE_CURVE('',#2905,(#2909,#2916),.PCURVE_S1.);
#2905 = LINE('',#2906,#2907);
#2906 = CARTESIAN_POINT('',(12.,24.8,-0.2));
#2907 = VECTOR('',#2908,1.);
#2908 = DIRECTION('',(0.,0.,1.));
#2909 = PCURVE('',#1065,#2910);
#2910 = DEFINITIONAL_REPRESENTATION('',(#2911),#2915);
#2911 = LINE('',#2912,#2913);
#2912 = CARTESIAN_POINT('',(0.,2.));
#2913 = VECTOR('',#2914,1.);
#2914 = DIRECTION('',(1.,0.));
#2915 = ( GEOMETRIC_REPRESENTATION_CONTEXT(2)
PARAMETRIC_REPRESENTATION_CONTEXT() REPRESENTATION_CONTEXT('2D SPACE',''
  ) );
#2916 = PCURVE('',#1141,#2917);
#2917 = DEFINITIONAL_REPRESENTATION('',(#2918),#2922);
#2918 = LINE('',#2919,#2920);
#2919 = CARTESIAN_POINT('',(0.,0.));
#2920 = VECTOR('',#2921,1.);
#2921 = DIRECTION('',(1.,0.));
#2922 = ( GEOMETRIC_REPRESENTATION_CONTEXT(2)
PARAMETRIC_REPRESENTATION_CONTEXT() REPRESENTATION_CONTEXT('2D SPACE',''
  ) );
#2923 = ORIENTED_EDGE('',*,*,#1048,.T.);
#2924 = ORIENTED_EDGE('',*,*,#2925,.T.);
#2925 = EDGE_CURVE('',#1051,#2926,#2928,.T.);
#2926 = VERTEX_POINT('',#2927);
#2927 = CARTESIAN_POINT('',(10.,24.8,1.6));
#2928 = SURFACE_CURVE('',#2929,(#2933,#2940),.PCURVE_S1.);
#2929 = LINE('',#2930,#2931);
#2930 = CARTESIAN_POINT('',(10.,24.8,-0.2));
#2931 = VECTOR('',#2932,1.);
#2932 = DIRECTION('',(0.,0.,1.));
#2933 = PCURVE('',#1065,#2934);
#2934 = DEFINITIONAL_REPRESENTATION('',(#2935),#2939);
#2935 = LINE('',#2936,#2937);
#2936 = CARTESIAN_POINT('',(0.,0.));
#2937 = VECTOR('',#2938,1.);
#2938 = DIRECTION('',(1.,0.));
#2939 = ( GEOMETRIC_REPRESENTATION_CONTEXT(2)
PARAMETRIC_REPRESENTATION_CONTEXT() REPRESENTATION_CONTEXT('2D SPACE',''
  ) );
#2940 = PCURVE('',#1091,#2941);
#2941 = DEFINITIONAL_REPRESENTATION('',(#2942),#2946);
#2942 = LINE('',#2943,#2944);
#2943 = CARTESIAN_POINT('',(0.,0.));
#2944 = VECTOR('',#2945,1.);
#2945 = DIRECTION('',(1.,0.));
#2946 = ( GEOMETRIC_REPRESENTATION_CONTEXT(2)
PARAMETRIC_REPRESENTATION_CONTEXT() REPRESENTATION_CONTEXT('2D SPACE',''
  ) );
#2947 = ORIENTED_EDGE('',*,*,#2948,.F.);
#2948 = EDGE_CURVE('',#2902,#2926,#2949,.T.);
#2949 = SURFACE_CURVE('',#2950,(#2954,#2960),.PCURVE_S1.);
#2950 = LINE('',#2951,#2952);
#2951 = CARTESIAN_POINT('',(-3.025,24.8,1.6));
#2952 = VECTOR('',#2953,1.);
#2953 = DIRECTION('',(-1.,0.,0.));
#2954 = PCURVE('',#1065,#2955);
#2955 = DEFINITIONAL_REPRESENTATION('',(#2956),#2959);
#2956 = B_SPLINE_CURVE_WITH_KNOTS('',1,(#2957,#2958),.UNSPECIFIED.,.F.,
  .F.,(2,2),(-15.025,-13.025),.PIECEWISE_BEZIER_KNOTS.);
#2957 = CARTESIAN_POINT('',(1.8,2.));
#2958 = CARTESIAN_POINT('',(1.8,0.));
#2959 = ( GEOMETRIC_REPRESENTATION_CONTEXT(2)
PARAMETRIC_REPRESENTATION_CONTEXT() REPRESENTATION_CONTEXT('2D SPACE',''
  ) );
#2960 = PCURVE('',#2768,#2961);
#2961 = DEFINITIONAL_REPRESENTATION('',(#2962),#2965);
#2962 = B_SPLINE_CURVE_WITH_KNOTS('',1,(#2963,#2964),.UNSPECIFIED.,.F.,
  .F.,(2,2),(-15.025,-13.025),.PIECEWISE_BEZIER_KNOTS.);
#2963 = CARTESIAN_POINT('',(28.05,58.6));
#2964 = CARTESIAN_POINT('',(26.05,58.6));
#2965 = ( GEOMETRIC_REPRESENTATION_CONTEXT(2)
PARAMETRIC_REPRESENTATION_CONTEXT() REPRESENTATION_CONTEXT('2D SPACE',''
  ) );
#2966 = ADVANCED_FACE('',(#2967),#1141,.F.);
#2967 = FACE_BOUND('',#2968,.F.);
#2968 = EDGE_LOOP('',(#2969,#2970,#2971,#2994));
#2969 = ORIENTED_EDGE('',*,*,#2901,.F.);
#2970 = ORIENTED_EDGE('',*,*,#1128,.T.);
#2971 = ORIENTED_EDGE('',*,*,#2972,.T.);
#2972 = EDGE_CURVE('',#1103,#2973,#2975,.T.);
#2973 = VERTEX_POINT('',#2974);
#2974 = CARTESIAN_POINT('',(12.,32.8,1.6));
#2975 = SURFACE_CURVE('',#2976,(#2980,#2987),.PCURVE_S1.);
#2976 = LINE('',#2977,#2978);
#2977 = CARTESIAN_POINT('',(12.,32.8,-0.2));
#2978 = VECTOR('',#2979,1.);
#2979 = DIRECTION('',(0.,0.,1.));
#2980 = PCURVE('',#1141,#2981);
#2981 = DEFINITIONAL_REPRESENTATION('',(#2982),#2986);
#2982 = LINE('',#2983,#2984);
#2983 = CARTESIAN_POINT('',(0.,-8.));
#2984 = VECTOR('',#2985,1.);
#2985 = DIRECTION('',(1.,0.));
#2986 = ( GEOMETRIC_REPRESENTATION_CONTEXT(2)
PARAMETRIC_REPRESENTATION_CONTEXT() REPRESENTATION_CONTEXT('2D SPACE',''
  ) );
#2987 = PCURVE('',#1117,#2988);
#2988 = DEFINITIONAL_REPRESENTATION('',(#2989),#2993);
#2989 = LINE('',#2990,#2991);
#2990 = CARTESIAN_POINT('',(0.,2.));
#2991 = VECTOR('',#2992,1.);
#2992 = DIRECTION('',(1.,0.));
#2993 = ( GEOMETRIC_REPRESENTATION_CONTEXT(2)
PARAMETRIC_REPRESENTATION_CONTEXT() REPRESENTATION_CONTEXT('2D SPACE',''
  ) );
#2994 = ORIENTED_EDGE('',*,*,#2995,.F.);
#2995 = EDGE_CURVE('',#2902,#2973,#2996,.T.);
#2996 = SURFACE_CURVE('',#2997,(#3001,#3007),.PCURVE_S1.);
#2997 = LINE('',#2998,#2999);
#2998 = CARTESIAN_POINT('',(12.,-4.5,1.6));
#2999 = VECTOR('',#3000,1.);
#3000 = DIRECTION('',(0.,1.,0.));
#3001 = PCURVE('',#1141,#3002);
#3002 = DEFINITIONAL_REPRESENTATION('',(#3003),#3006);
#3003 = B_SPLINE_CURVE_WITH_KNOTS('',1,(#3004,#3005),.UNSPECIFIED.,.F.,
  .F.,(2,2),(29.3,37.3),.PIECEWISE_BEZIER_KNOTS.);
#3004 = CARTESIAN_POINT('',(1.8,0.));
#3005 = CARTESIAN_POINT('',(1.8,-8.));
#3006 = ( GEOMETRIC_REPRESENTATION_CONTEXT(2)
PARAMETRIC_REPRESENTATION_CONTEXT() REPRESENTATION_CONTEXT('2D SPACE',''
  ) );
#3007 = PCURVE('',#2768,#3008);
#3008 = DEFINITIONAL_REPRESENTATION('',(#3009),#3012);
#3009 = B_SPLINE_CURVE_WITH_KNOTS('',1,(#3010,#3011),.UNSPECIFIED.,.F.,
  .F.,(2,2),(29.3,37.3),.PIECEWISE_BEZIER_KNOTS.);
#3010 = CARTESIAN_POINT('',(28.05,58.6));
#3011 = CARTESIAN_POINT('',(28.05,66.6));
#3012 = ( GEOMETRIC_REPRESENTATION_CONTEXT(2)
PARAMETRIC_REPRESENTATION_CONTEXT() REPRESENTATION_CONTEXT('2D SPACE',''
  ) );
#3013 = ADVANCED_FACE('',(#3014),#1091,.T.);
#3014 = FACE_BOUND('',#3015,.T.);
#3015 = EDGE_LOOP('',(#3016,#3017,#3018,#3041));
#3016 = ORIENTED_EDGE('',*,*,#2925,.F.);
#3017 = ORIENTED_EDGE('',*,*,#1076,.T.);
#3018 = ORIENTED_EDGE('',*,*,#3019,.T.);
#3019 = EDGE_CURVE('',#1077,#3020,#3022,.T.);
#3020 = VERTEX_POINT('',#3021);
#3021 = CARTESIAN_POINT('',(10.,32.8,1.6));
#3022 = SURFACE_CURVE('',#3023,(#3027,#3034),.PCURVE_S1.);
#3023 = LINE('',#3024,#3025);
#3024 = CARTESIAN_POINT('',(10.,32.8,-0.2));
#3025 = VECTOR('',#3026,1.);
#3026 = DIRECTION('',(0.,0.,1.));
#3027 = PCURVE('',#1091,#3028);
#3028 = DEFINITIONAL_REPRESENTATION('',(#3029),#3033);
#3029 = LINE('',#3030,#3031);
#3030 = CARTESIAN_POINT('',(0.,-8.));
#3031 = VECTOR('',#3032,1.);
#3032 = DIRECTION('',(1.,0.));
#3033 = ( GEOMETRIC_REPRESENTATION_CONTEXT(2)
PARAMETRIC_REPRESENTATION_CONTEXT() REPRESENTATION_CONTEXT('2D SPACE',''
  ) );
#3034 = PCURVE('',#1117,#3035);
#3035 = DEFINITIONAL_REPRESENTATION('',(#3036),#3040);
#3036 = LINE('',#3037,#3038);
#3037 = CARTESIAN_POINT('',(0.,0.));
#3038 = VECTOR('',#3039,1.);
#3039 = DIRECTION('',(1.,0.));
#3040 = ( GEOMETRIC_REPRESENTATION_CONTEXT(2)
PARAMETRIC_REPRESENTATION_CONTEXT() REPRESENTATION_CONTEXT('2D SPACE',''
  ) );
#3041 = ORIENTED_EDGE('',*,*,#3042,.F.);
#3042 = EDGE_CURVE('',#2926,#3020,#3043,.T.);
#3043 = SURFACE_CURVE('',#3044,(#3048,#3054),.PCURVE_S1.);
#3044 = LINE('',#3045,#3046);
#3045 = CARTESIAN_POINT('',(10.,-4.5,1.6));
#3046 = VECTOR('',#3047,1.);
#3047 = DIRECTION('',(0.,1.,0.));
#3048 = PCURVE('',#1091,#3049);
#3049 = DEFINITIONAL_REPRESENTATION('',(#3050),#3053);
#3050 = B_SPLINE_CURVE_WITH_KNOTS('',1,(#3051,#3052),.UNSPECIFIED.,.F.,
  .F.,(2,2),(29.3,37.3),.PIECEWISE_BEZIER_KNOTS.);
#3051 = CARTESIAN_POINT('',(1.8,0.));
#3052 = CARTESIAN_POINT('',(1.8,-8.));
#3053 = ( GEOMETRIC_REPRESENTATION_CONTEXT(2)
PARAMETRIC_REPRESENTATION_CONTEXT() REPRESENTATION_CONTEXT('2D SPACE',''
  ) );
#3054 = PCURVE('',#2768,#3055);
#3055 = DEFINITIONAL_REPRESENTATION('',(#3056),#3059);
#3056 = B_SPLINE_CURVE_WITH_KNOTS('',1,(#3057,#3058),.UNSPECIFIED.,.F.,
  .F.,(2,2),(29.3,37.3),.PIECEWISE_BEZIER_KNOTS.);
#3057 = CARTESIAN_POINT('',(26.05,58.6));
#3058 = CARTESIAN_POINT('',(26.05,66.6));
#3059 = ( GEOMETRIC_REPRESENTATION_CONTEXT(2)
PARAMETRIC_REPRESENTATION_CONTEXT() REPRESENTATION_CONTEXT('2D SPACE',''
  ) );
#3060 = ADVANCED_FACE('',(#3061),#1117,.F.);
#3061 = FACE_BOUND('',#3062,.F.);
#3062 = EDGE_LOOP('',(#3063,#3064,#3065,#3066));
#3063 = ORIENTED_EDGE('',*,*,#2972,.F.);
#3064 = ORIENTED_EDGE('',*,*,#1102,.T.);
#3065 = ORIENTED_EDGE('',*,*,#3019,.T.);
#3066 = ORIENTED_EDGE('',*,*,#3067,.F.);
#3067 = EDGE_CURVE('',#2973,#3020,#3068,.T.);
#3068 = SURFACE_CURVE('',#3069,(#3073,#3079),.PCURVE_S1.);
#3069 = LINE('',#3070,#3071);
#3070 = CARTESIAN_POINT('',(-3.025,32.8,1.6));
#3071 = VECTOR('',#3072,1.);
#3072 = DIRECTION('',(-1.,0.,0.));
#3073 = PCURVE('',#1117,#3074);
#3074 = DEFINITIONAL_REPRESENTATION('',(#3075),#3078);
#3075 = B_SPLINE_CURVE_WITH_KNOTS('',1,(#3076,#3077),.UNSPECIFIED.,.F.,
  .F.,(2,2),(-15.025,-13.025),.PIECEWISE_BEZIER_KNOTS.);
#3076 = CARTESIAN_POINT('',(1.8,2.));
#3077 = CARTESIAN_POINT('',(1.8,0.));
#3078 = ( GEOMETRIC_REPRESENTATION_CONTEXT(2)
PARAMETRIC_REPRESENTATION_CONTEXT() REPRESENTATION_CONTEXT('2D SPACE',''
  ) );
#3079 = PCURVE('',#2768,#3080);
#3080 = DEFINITIONAL_REPRESENTATION('',(#3081),#3084);
#3081 = B_SPLINE_CURVE_WITH_KNOTS('',1,(#3082,#3083),.UNSPECIFIED.,.F.,
  .F.,(2,2),(-15.025,-13.025),.PIECEWISE_BEZIER_KNOTS.);
#3082 = CARTESIAN_POINT('',(28.05,66.6));
#3083 = CARTESIAN_POINT('',(26.05,66.6));
#3084 = ( GEOMETRIC_REPRESENTATION_CONTEXT(2)
PARAMETRIC_REPRESENTATION_CONTEXT() REPRESENTATION_CONTEXT('2D SPACE',''
  ) );
#3085 = ADVANCED_FACE('',(#3086),#1784,.F.);
#3086 = FACE_BOUND('',#3087,.T.);
#3087 = EDGE_LOOP('',(#3088,#3112,#3133,#3134));
#3088 = ORIENTED_EDGE('',*,*,#3089,.F.);
#3089 = EDGE_CURVE('',#3090,#3090,#3092,.T.);
#3090 = VERTEX_POINT('',#3091);
#3091 = CARTESIAN_POINT('',(-19.05,0.,10.2));
#3092 = SURFACE_CURVE('',#3093,(#3098,#3105),.PCURVE_S1.);
#3093 = CIRCLE('',#3094,2.4);
#3094 = AXIS2_PLACEMENT_3D('',#3095,#3096,#3097);
#3095 = CARTESIAN_POINT('',(-21.45,0.,10.2));
#3096 = DIRECTION('',(0.,0.,1.));
#3097 = DIRECTION('',(1.,0.,0.));
#3098 = PCURVE('',#1784,#3099);
#3099 = DEFINITIONAL_REPRESENTATION('',(#3100),#3104);
#3100 = LINE('',#3101,#3102);
#3101 = CARTESIAN_POINT('',(-0.,0.));
#3102 = VECTOR('',#3103,1.);
#3103 = DIRECTION('',(-1.,0.));
#3104 = ( GEOMETRIC_REPRESENTATION_CONTEXT(2)
PARAMETRIC_REPRESENTATION_CONTEXT() REPRESENTATION_CONTEXT('2D SPACE',''
  ) );
#3105 = PCURVE('',#2630,#3106);
#3106 = DEFINITIONAL_REPRESENTATION('',(#3107),#3111);
#3107 = CIRCLE('',#3108,2.4);
#3108 = AXIS2_PLACEMENT_2D('',#3109,#3110);
#3109 = CARTESIAN_POINT('',(0.,-4.446993654107E-17));
#3110 = DIRECTION('',(1.,0.));
#3111 = ( GEOMETRIC_REPRESENTATION_CONTEXT(2)
PARAMETRIC_REPRESENTATION_CONTEXT() REPRESENTATION_CONTEXT('2D SPACE',''
  ) );
#3112 = ORIENTED_EDGE('',*,*,#3113,.T.);
#3113 = EDGE_CURVE('',#3090,#1764,#3114,.T.);
#3114 = SEAM_CURVE('',#3115,(#3119,#3126),.PCURVE_S1.);
#3115 = LINE('',#3116,#3117);
#3116 = CARTESIAN_POINT('',(-19.05,0.,10.2));
#3117 = VECTOR('',#3118,1.);
#3118 = DIRECTION('',(0.,0.,1.));
#3119 = PCURVE('',#1784,#3120);
#3120 = DEFINITIONAL_REPRESENTATION('',(#3121),#3125);
#3121 = LINE('',#3122,#3123);
#3122 = CARTESIAN_POINT('',(-6.28318530718,0.));
#3123 = VECTOR('',#3124,1.);
#3124 = DIRECTION('',(-0.,-1.));
#3125 = ( GEOMETRIC_REPRESENTATION_CONTEXT(2)
PARAMETRIC_REPRESENTATION_CONTEXT() REPRESENTATION_CONTEXT('2D SPACE',''
  ) );
#3126 = PCURVE('',#1784,#3127);
#3127 = DEFINITIONAL_REPRESENTATION('',(#3128),#3132);
#3128 = LINE('',#3129,#3130);
#3129 = CARTESIAN_POINT('',(-0.,0.));
#3130 = VECTOR('',#3131,1.);
#3131 = DIRECTION('',(-0.,-1.));
#3132 = ( GEOMETRIC_REPRESENTATION_CONTEXT(2)
PARAMETRIC_REPRESENTATION_CONTEXT() REPRESENTATION_CONTEXT('2D SPACE',''
  ) );
#3133 = ORIENTED_EDGE('',*,*,#1763,.F.);
#3134 = ORIENTED_EDGE('',*,*,#3113,.F.);
#3135 = ADVANCED_FACE('',(#3136),#1815,.T.);
#3136 = FACE_BOUND('',#3137,.T.);
#3137 = EDGE_LOOP('',(#3138,#3161,#3184,#3212,#3240,#3268,#3291,#3312));
#3138 = ORIENTED_EDGE('',*,*,#3139,.F.);
#3139 = EDGE_CURVE('',#3140,#1799,#3142,.T.);
#3140 = VERTEX_POINT('',#3141);
#3141 = CARTESIAN_POINT('',(16.05,-33.8,1.6));
#3142 = SURFACE_CURVE('',#3143,(#3147,#3154),.PCURVE_S1.);
#3143 = LINE('',#3144,#3145);
#3144 = CARTESIAN_POINT('',(16.05,-33.8,1.6));
#3145 = VECTOR('',#3146,1.);
#3146 = DIRECTION('',(0.,0.,1.));
#3147 = PCURVE('',#1815,#3148);
#3148 = DEFINITIONAL_REPRESENTATION('',(#3149),#3153);
#3149 = LINE('',#3150,#3151);
#3150 = CARTESIAN_POINT('',(0.,32.1));
#3151 = VECTOR('',#3152,1.);
#3152 = DIRECTION('',(1.,0.));
#3153 = ( GEOMETRIC_REPRESENTATION_CONTEXT(2)
PARAMETRIC_REPRESENTATION_CONTEXT() REPRESENTATION_CONTEXT('2D SPACE',''
  ) );
#3154 = PCURVE('',#1895,#3155);
#3155 = DEFINITIONAL_REPRESENTATION('',(#3156),#3160);
#3156 = LINE('',#3157,#3158);
#3157 = CARTESIAN_POINT('',(0.,0.));
#3158 = VECTOR('',#3159,1.);
#3159 = DIRECTION('',(1.,0.));
#3160 = ( GEOMETRIC_REPRESENTATION_CONTEXT(2)
PARAMETRIC_REPRESENTATION_CONTEXT() REPRESENTATION_CONTEXT('2D SPACE',''
  ) );
#3161 = ORIENTED_EDGE('',*,*,#3162,.F.);
#3162 = EDGE_CURVE('',#3163,#3140,#3165,.T.);
#3163 = VERTEX_POINT('',#3164);
#3164 = CARTESIAN_POINT('',(12.75,-33.8,1.6));
#3165 = SURFACE_CURVE('',#3166,(#3170,#3177),.PCURVE_S1.);
#3166 = LINE('',#3167,#3168);
#3167 = CARTESIAN_POINT('',(-16.05,-33.8,1.6));
#3168 = VECTOR('',#3169,1.);
#3169 = DIRECTION('',(1.,0.,0.));
#3170 = PCURVE('',#1815,#3171);
#3171 = DEFINITIONAL_REPRESENTATION('',(#3172),#3176);
#3172 = LINE('',#3173,#3174);
#3173 = CARTESIAN_POINT('',(0.,0.));
#3174 = VECTOR('',#3175,1.);
#3175 = DIRECTION('',(0.,1.));
#3176 = ( GEOMETRIC_REPRESENTATION_CONTEXT(2)
PARAMETRIC_REPRESENTATION_CONTEXT() REPRESENTATION_CONTEXT('2D SPACE',''
  ) );
#3177 = PCURVE('',#2768,#3178);
#3178 = DEFINITIONAL_REPRESENTATION('',(#3179),#3183);
#3179 = LINE('',#3180,#3181);
#3180 = CARTESIAN_POINT('',(0.,0.));
#3181 = VECTOR('',#3182,1.);
#3182 = DIRECTION('',(1.,0.));
#3183 = ( GEOMETRIC_REPRESENTATION_CONTEXT(2)
PARAMETRIC_REPRESENTATION_CONTEXT() REPRESENTATION_CONTEXT('2D SPACE',''
  ) );
#3184 = ORIENTED_EDGE('',*,*,#3185,.T.);
#3185 = EDGE_CURVE('',#3163,#3186,#3188,.T.);
#3186 = VERTEX_POINT('',#3187);
#3187 = CARTESIAN_POINT('',(12.75,-33.8,2.8));
#3188 = SURFACE_CURVE('',#3189,(#3193,#3200),.PCURVE_S1.);
#3189 = LINE('',#3190,#3191);
#3190 = CARTESIAN_POINT('',(12.75,-33.8,1.6));
#3191 = VECTOR('',#3192,1.);
#3192 = DIRECTION('',(0.,0.,1.));
#3193 = PCURVE('',#1815,#3194);
#3194 = DEFINITIONAL_REPRESENTATION('',(#3195),#3199);
#3195 = LINE('',#3196,#3197);
#3196 = CARTESIAN_POINT('',(0.,28.8));
#3197 = VECTOR('',#3198,1.);
#3198 = DIRECTION('',(1.,0.));
#3199 = ( GEOMETRIC_REPRESENTATION_CONTEXT(2)
PARAMETRIC_REPRESENTATION_CONTEXT() REPRESENTATION_CONTEXT('2D SPACE',''
  ) );
#3200 = PCURVE('',#3201,#3206);
#3201 = PLANE('',#3202);
#3202 = AXIS2_PLACEMENT_3D('',#3203,#3204,#3205);
#3203 = CARTESIAN_POINT('',(12.75,-33.8,1.6));
#3204 = DIRECTION('',(1.,0.,0.));
#3205 = DIRECTION('',(0.,0.,1.));
#3206 = DEFINITIONAL_REPRESENTATION('',(#3207),#3211);
#3207 = LINE('',#3208,#3209);
#3208 = CARTESIAN_POINT('',(0.,0.));
#3209 = VECTOR('',#3210,1.);
#3210 = DIRECTION('',(1.,0.));
#3211 = ( GEOMETRIC_REPRESENTATION_CONTEXT(2)
PARAMETRIC_REPRESENTATION_CONTEXT() REPRESENTATION_CONTEXT('2D SPACE',''
  ) );
#3212 = ORIENTED_EDGE('',*,*,#3213,.F.);
#3213 = EDGE_CURVE('',#3214,#3186,#3216,.T.);
#3214 = VERTEX_POINT('',#3215);
#3215 = CARTESIAN_POINT('',(-12.75,-33.8,2.8));
#3216 = SURFACE_CURVE('',#3217,(#3221,#3228),.PCURVE_S1.);
#3217 = LINE('',#3218,#3219);
#3218 = CARTESIAN_POINT('',(-12.75,-33.8,2.8));
#3219 = VECTOR('',#3220,1.);
#3220 = DIRECTION('',(1.,0.,0.));
#3221 = PCURVE('',#1815,#3222);
#3222 = DEFINITIONAL_REPRESENTATION('',(#3223),#3227);
#3223 = LINE('',#3224,#3225);
#3224 = CARTESIAN_POINT('',(1.2,3.3));
#3225 = VECTOR('',#3226,1.);
#3226 = DIRECTION('',(0.,1.));
#3227 = ( GEOMETRIC_REPRESENTATION_CONTEXT(2)
PARAMETRIC_REPRESENTATION_CONTEXT() REPRESENTATION_CONTEXT('2D SPACE',''
  ) );
#3228 = PCURVE('',#3229,#3234);
#3229 = PLANE('',#3230);
#3230 = AXIS2_PLACEMENT_3D('',#3231,#3232,#3233);
#3231 = CARTESIAN_POINT('',(-12.75,-33.8,2.8));
#3232 = DIRECTION('',(0.,0.,1.));
#3233 = DIRECTION('',(1.,0.,0.));
#3234 = DEFINITIONAL_REPRESENTATION('',(#3235),#3239);
#3235 = LINE('',#3236,#3237);
#3236 = CARTESIAN_POINT('',(0.,0.));
#3237 = VECTOR('',#3238,1.);
#3238 = DIRECTION('',(1.,0.));
#3239 = ( GEOMETRIC_REPRESENTATION_CONTEXT(2)
PARAMETRIC_REPRESENTATION_CONTEXT() REPRESENTATION_CONTEXT('2D SPACE',''
  ) );
#3240 = ORIENTED_EDGE('',*,*,#3241,.F.);
#3241 = EDGE_CURVE('',#3242,#3214,#3244,.T.);
#3242 = VERTEX_POINT('',#3243);
#3243 = CARTESIAN_POINT('',(-12.75,-33.8,1.6));
#3244 = SURFACE_CURVE('',#3245,(#3249,#3256),.PCURVE_S1.);
#3245 = LINE('',#3246,#3247);
#3246 = CARTESIAN_POINT('',(-12.75,-33.8,1.6));
#3247 = VECTOR('',#3248,1.);
#3248 = DIRECTION('',(0.,0.,1.));
#3249 = PCURVE('',#1815,#3250);
#3250 = DEFINITIONAL_REPRESENTATION('',(#3251),#3255);
#3251 = LINE('',#3252,#3253);
#3252 = CARTESIAN_POINT('',(0.,3.3));
#3253 = VECTOR('',#3254,1.);
#3254 = DIRECTION('',(1.,0.));
#3255 = ( GEOMETRIC_REPRESENTATION_CONTEXT(2)
PARAMETRIC_REPRESENTATION_CONTEXT() REPRESENTATION_CONTEXT('2D SPACE',''
  ) );
#3256 = PCURVE('',#3257,#3262);
#3257 = PLANE('',#3258);
#3258 = AXIS2_PLACEMENT_3D('',#3259,#3260,#3261);
#3259 = CARTESIAN_POINT('',(-12.75,-33.8,1.6));
#3260 = DIRECTION('',(1.,0.,0.));
#3261 = DIRECTION('',(0.,0.,1.));
#3262 = DEFINITIONAL_REPRESENTATION('',(#3263),#3267);
#3263 = LINE('',#3264,#3265);
#3264 = CARTESIAN_POINT('',(0.,0.));
#3265 = VECTOR('',#3266,1.);
#3266 = DIRECTION('',(1.,0.));
#3267 = ( GEOMETRIC_REPRESENTATION_CONTEXT(2)
PARAMETRIC_REPRESENTATION_CONTEXT() REPRESENTATION_CONTEXT('2D SPACE',''
  ) );
#3268 = ORIENTED_EDGE('',*,*,#3269,.F.);
#3269 = EDGE_CURVE('',#3270,#3242,#3272,.T.);
#3270 = VERTEX_POINT('',#3271);
#3271 = CARTESIAN_POINT('',(-16.05,-33.8,1.6));
#3272 = SURFACE_CURVE('',#3273,(#3277,#3284),.PCURVE_S1.);
#3273 = LINE('',#3274,#3275);
#3274 = CARTESIAN_POINT('',(-16.05,-33.8,1.6));
#3275 = VECTOR('',#3276,1.);
#3276 = DIRECTION('',(1.,0.,0.));
#3277 = PCURVE('',#1815,#3278);
#3278 = DEFINITIONAL_REPRESENTATION('',(#3279),#3283);
#3279 = LINE('',#3280,#3281);
#3280 = CARTESIAN_POINT('',(0.,0.));
#3281 = VECTOR('',#3282,1.);
#3282 = DIRECTION('',(0.,1.));
#3283 = ( GEOMETRIC_REPRESENTATION_CONTEXT(2)
PARAMETRIC_REPRESENTATION_CONTEXT() REPRESENTATION_CONTEXT('2D SPACE',''
  ) );
#3284 = PCURVE('',#2768,#3285);
#3285 = DEFINITIONAL_REPRESENTATION('',(#3286),#3290);
#3286 = LINE('',#3287,#3288);
#3287 = CARTESIAN_POINT('',(0.,0.));
#3288 = VECTOR('',#3289,1.);
#3289 = DIRECTION('',(1.,0.));
#3290 = ( GEOMETRIC_REPRESENTATION_CONTEXT(2)
PARAMETRIC_REPRESENTATION_CONTEXT() REPRESENTATION_CONTEXT('2D SPACE',''
  ) );
#3291 = ORIENTED_EDGE('',*,*,#3292,.T.);
#3292 = EDGE_CURVE('',#3270,#1801,#3293,.T.);
#3293 = SURFACE_CURVE('',#3294,(#3298,#3305),.PCURVE_S1.);
#3294 = LINE('',#3295,#3296);
#3295 = CARTESIAN_POINT('',(-16.05,-33.8,1.6));
#3296 = VECTOR('',#3297,1.);
#3297 = DIRECTION('',(0.,0.,1.));
#3298 = PCURVE('',#1815,#3299);
#3299 = DEFINITIONAL_REPRESENTATION('',(#3300),#3304);
#3300 = LINE('',#3301,#3302);
#3301 = CARTESIAN_POINT('',(0.,0.));
#3302 = VECTOR('',#3303,1.);
#3303 = DIRECTION('',(1.,0.));
#3304 = ( GEOMETRIC_REPRESENTATION_CONTEXT(2)
PARAMETRIC_REPRESENTATION_CONTEXT() REPRESENTATION_CONTEXT('2D SPACE',''
  ) );
#3305 = PCURVE('',#1842,#3306);
#3306 = DEFINITIONAL_REPRESENTATION('',(#3307),#3311);
#3307 = LINE('',#3308,#3309);
#3308 = CARTESIAN_POINT('',(0.,0.));
#3309 = VECTOR('',#3310,1.);
#3310 = DIRECTION('',(1.,0.));
#3311 = ( GEOMETRIC_REPRESENTATION_CONTEXT(2)
PARAMETRIC_REPRESENTATION_CONTEXT() REPRESENTATION_CONTEXT('2D SPACE',''
  ) );
#3312 = ORIENTED_EDGE('',*,*,#1798,.F.);
#3313 = ADVANCED_FACE('',(#3314),#1895,.F.);
#3314 = FACE_BOUND('',#3315,.F.);
#3315 = EDGE_LOOP('',(#3316,#3317,#3340,#3368,#3396,#3424,#3447,#3468));
#3316 = ORIENTED_EDGE('',*,*,#3139,.F.);
#3317 = ORIENTED_EDGE('',*,*,#3318,.T.);
#3318 = EDGE_CURVE('',#3140,#3319,#3321,.T.);
#3319 = VERTEX_POINT('',#3320);
#3320 = CARTESIAN_POINT('',(16.05,-32.,1.6));
#3321 = SURFACE_CURVE('',#3322,(#3326,#3333),.PCURVE_S1.);
#3322 = LINE('',#3323,#3324);
#3323 = CARTESIAN_POINT('',(16.05,-33.8,1.6));
#3324 = VECTOR('',#3325,1.);
#3325 = DIRECTION('',(0.,1.,0.));
#3326 = PCURVE('',#1895,#3327);
#3327 = DEFINITIONAL_REPRESENTATION('',(#3328),#3332);
#3328 = LINE('',#3329,#3330);
#3329 = CARTESIAN_POINT('',(0.,0.));
#3330 = VECTOR('',#3331,1.);
#3331 = DIRECTION('',(0.,-1.));
#3332 = ( GEOMETRIC_REPRESENTATION_CONTEXT(2)
PARAMETRIC_REPRESENTATION_CONTEXT() REPRESENTATION_CONTEXT('2D SPACE',''
  ) );
#3333 = PCURVE('',#2768,#3334);
#3334 = DEFINITIONAL_REPRESENTATION('',(#3335),#3339);
#3335 = LINE('',#3336,#3337);
#3336 = CARTESIAN_POINT('',(32.1,0.));
#3337 = VECTOR('',#3338,1.);
#3338 = DIRECTION('',(0.,1.));
#3339 = ( GEOMETRIC_REPRESENTATION_CONTEXT(2)
PARAMETRIC_REPRESENTATION_CONTEXT() REPRESENTATION_CONTEXT('2D SPACE',''
  ) );
#3340 = ORIENTED_EDGE('',*,*,#3341,.T.);
#3341 = EDGE_CURVE('',#3319,#3342,#3344,.T.);
#3342 = VERTEX_POINT('',#3343);
#3343 = CARTESIAN_POINT('',(16.05,-32.,2.8));
#3344 = SURFACE_CURVE('',#3345,(#3349,#3356),.PCURVE_S1.);
#3345 = LINE('',#3346,#3347);
#3346 = CARTESIAN_POINT('',(16.05,-32.,1.6));
#3347 = VECTOR('',#3348,1.);
#3348 = DIRECTION('',(0.,0.,1.));
#3349 = PCURVE('',#1895,#3350);
#3350 = DEFINITIONAL_REPRESENTATION('',(#3351),#3355);
#3351 = LINE('',#3352,#3353);
#3352 = CARTESIAN_POINT('',(0.,-1.8));
#3353 = VECTOR('',#3354,1.);
#3354 = DIRECTION('',(1.,0.));
#3355 = ( GEOMETRIC_REPRESENTATION_CONTEXT(2)
PARAMETRIC_REPRESENTATION_CONTEXT() REPRESENTATION_CONTEXT('2D SPACE',''
  ) );
#3356 = PCURVE('',#3357,#3362);
#3357 = PLANE('',#3358);
#3358 = AXIS2_PLACEMENT_3D('',#3359,#3360,#3361);
#3359 = CARTESIAN_POINT('',(15.25,-32.,1.6));
#3360 = DIRECTION('',(0.,1.,0.));
#3361 = DIRECTION('',(0.,0.,1.));
#3362 = DEFINITIONAL_REPRESENTATION('',(#3363),#3367);
#3363 = LINE('',#3364,#3365);
#3364 = CARTESIAN_POINT('',(0.,0.8));
#3365 = VECTOR('',#3366,1.);
#3366 = DIRECTION('',(1.,0.));
#3367 = ( GEOMETRIC_REPRESENTATION_CONTEXT(2)
PARAMETRIC_REPRESENTATION_CONTEXT() REPRESENTATION_CONTEXT('2D SPACE',''
  ) );
#3368 = ORIENTED_EDGE('',*,*,#3369,.T.);
#3369 = EDGE_CURVE('',#3342,#3370,#3372,.T.);
#3370 = VERTEX_POINT('',#3371);
#3371 = CARTESIAN_POINT('',(16.05,8.,2.8));
#3372 = SURFACE_CURVE('',#3373,(#3377,#3384),.PCURVE_S1.);
#3373 = LINE('',#3374,#3375);
#3374 = CARTESIAN_POINT('',(16.05,-32.,2.8));
#3375 = VECTOR('',#3376,1.);
#3376 = DIRECTION('',(0.,1.,0.));
#3377 = PCURVE('',#1895,#3378);
#3378 = DEFINITIONAL_REPRESENTATION('',(#3379),#3383);
#3379 = LINE('',#3380,#3381);
#3380 = CARTESIAN_POINT('',(1.2,-1.8));
#3381 = VECTOR('',#3382,1.);
#3382 = DIRECTION('',(0.,-1.));
#3383 = ( GEOMETRIC_REPRESENTATION_CONTEXT(2)
PARAMETRIC_REPRESENTATION_CONTEXT() REPRESENTATION_CONTEXT('2D SPACE',''
  ) );
#3384 = PCURVE('',#3385,#3390);
#3385 = PLANE('',#3386);
#3386 = AXIS2_PLACEMENT_3D('',#3387,#3388,#3389);
#3387 = CARTESIAN_POINT('',(15.25,-32.,2.8));
#3388 = DIRECTION('',(0.,0.,1.));
#3389 = DIRECTION('',(1.,0.,0.));
#3390 = DEFINITIONAL_REPRESENTATION('',(#3391),#3395);
#3391 = LINE('',#3392,#3393);
#3392 = CARTESIAN_POINT('',(0.8,0.));
#3393 = VECTOR('',#3394,1.);
#3394 = DIRECTION('',(0.,1.));
#3395 = ( GEOMETRIC_REPRESENTATION_CONTEXT(2)
PARAMETRIC_REPRESENTATION_CONTEXT() REPRESENTATION_CONTEXT('2D SPACE',''
  ) );
#3396 = ORIENTED_EDGE('',*,*,#3397,.F.);
#3397 = EDGE_CURVE('',#3398,#3370,#3400,.T.);
#3398 = VERTEX_POINT('',#3399);
#3399 = CARTESIAN_POINT('',(16.05,8.,1.6));
#3400 = SURFACE_CURVE('',#3401,(#3405,#3412),.PCURVE_S1.);
#3401 = LINE('',#3402,#3403);
#3402 = CARTESIAN_POINT('',(16.05,8.,1.6));
#3403 = VECTOR('',#3404,1.);
#3404 = DIRECTION('',(0.,0.,1.));
#3405 = PCURVE('',#1895,#3406);
#3406 = DEFINITIONAL_REPRESENTATION('',(#3407),#3411);
#3407 = LINE('',#3408,#3409);
#3408 = CARTESIAN_POINT('',(0.,-41.8));
#3409 = VECTOR('',#3410,1.);
#3410 = DIRECTION('',(1.,0.));
#3411 = ( GEOMETRIC_REPRESENTATION_CONTEXT(2)
PARAMETRIC_REPRESENTATION_CONTEXT() REPRESENTATION_CONTEXT('2D SPACE',''
  ) );
#3412 = PCURVE('',#3413,#3418);
#3413 = PLANE('',#3414);
#3414 = AXIS2_PLACEMENT_3D('',#3415,#3416,#3417);
#3415 = CARTESIAN_POINT('',(15.25,8.,1.6));
#3416 = DIRECTION('',(0.,1.,0.));
#3417 = DIRECTION('',(0.,0.,1.));
#3418 = DEFINITIONAL_REPRESENTATION('',(#3419),#3423);
#3419 = LINE('',#3420,#3421);
#3420 = CARTESIAN_POINT('',(0.,0.8));
#3421 = VECTOR('',#3422,1.);
#3422 = DIRECTION('',(1.,0.));
#3423 = ( GEOMETRIC_REPRESENTATION_CONTEXT(2)
PARAMETRIC_REPRESENTATION_CONTEXT() REPRESENTATION_CONTEXT('2D SPACE',''
  ) );
#3424 = ORIENTED_EDGE('',*,*,#3425,.T.);
#3425 = EDGE_CURVE('',#3398,#3426,#3428,.T.);
#3426 = VERTEX_POINT('',#3427);
#3427 = CARTESIAN_POINT('',(16.05,33.8,1.6));
#3428 = SURFACE_CURVE('',#3429,(#3433,#3440),.PCURVE_S1.);
#3429 = LINE('',#3430,#3431);
#3430 = CARTESIAN_POINT('',(16.05,-33.8,1.6));
#3431 = VECTOR('',#3432,1.);
#3432 = DIRECTION('',(0.,1.,0.));
#3433 = PCURVE('',#1895,#3434);
#3434 = DEFINITIONAL_REPRESENTATION('',(#3435),#3439);
#3435 = LINE('',#3436,#3437);
#3436 = CARTESIAN_POINT('',(0.,0.));
#3437 = VECTOR('',#3438,1.);
#3438 = DIRECTION('',(0.,-1.));
#3439 = ( GEOMETRIC_REPRESENTATION_CONTEXT(2)
PARAMETRIC_REPRESENTATION_CONTEXT() REPRESENTATION_CONTEXT('2D SPACE',''
  ) );
#3440 = PCURVE('',#2768,#3441);
#3441 = DEFINITIONAL_REPRESENTATION('',(#3442),#3446);
#3442 = LINE('',#3443,#3444);
#3443 = CARTESIAN_POINT('',(32.1,0.));
#3444 = VECTOR('',#3445,1.);
#3445 = DIRECTION('',(0.,1.));
#3446 = ( GEOMETRIC_REPRESENTATION_CONTEXT(2)
PARAMETRIC_REPRESENTATION_CONTEXT() REPRESENTATION_CONTEXT('2D SPACE',''
  ) );
#3447 = ORIENTED_EDGE('',*,*,#3448,.F.);
#3448 = EDGE_CURVE('',#1855,#3426,#3449,.T.);
#3449 = SURFACE_CURVE('',#3450,(#3454,#3461),.PCURVE_S1.);
#3450 = LINE('',#3451,#3452);
#3451 = CARTESIAN_POINT('',(16.05,33.8,11.2));
#3452 = VECTOR('',#3453,1.);
#3453 = DIRECTION('',(0.,0.,-1.));
#3454 = PCURVE('',#1895,#3455);
#3455 = DEFINITIONAL_REPRESENTATION('',(#3456),#3460);
#3456 = LINE('',#3457,#3458);
#3457 = CARTESIAN_POINT('',(9.6,-67.6));
#3458 = VECTOR('',#3459,1.);
#3459 = DIRECTION('',(-1.,0.));
#3460 = ( GEOMETRIC_REPRESENTATION_CONTEXT(2)
PARAMETRIC_REPRESENTATION_CONTEXT() REPRESENTATION_CONTEXT('2D SPACE',''
  ) );
#3461 = PCURVE('',#1869,#3462);
#3462 = DEFINITIONAL_REPRESENTATION('',(#3463),#3467);
#3463 = LINE('',#3464,#3465);
#3464 = CARTESIAN_POINT('',(9.6,32.1));
#3465 = VECTOR('',#3466,1.);
#3466 = DIRECTION('',(-1.,0.));
#3467 = ( GEOMETRIC_REPRESENTATION_CONTEXT(2)
PARAMETRIC_REPRESENTATION_CONTEXT() REPRESENTATION_CONTEXT('2D SPACE',''
  ) );
#3468 = ORIENTED_EDGE('',*,*,#1881,.T.);
#3469 = ADVANCED_FACE('',(#3470),#1842,.T.);
#3470 = FACE_BOUND('',#3471,.T.);
#3471 = EDGE_LOOP('',(#3472,#3473,#3496,#3524,#3552,#3580,#3603,#3624));
#3472 = ORIENTED_EDGE('',*,*,#3292,.F.);
#3473 = ORIENTED_EDGE('',*,*,#3474,.T.);
#3474 = EDGE_CURVE('',#3270,#3475,#3477,.T.);
#3475 = VERTEX_POINT('',#3476);
#3476 = CARTESIAN_POINT('',(-16.05,-32.,1.6));
#3477 = SURFACE_CURVE('',#3478,(#3482,#3489),.PCURVE_S1.);
#3478 = LINE('',#3479,#3480);
#3479 = CARTESIAN_POINT('',(-16.05,-33.8,1.6));
#3480 = VECTOR('',#3481,1.);
#3481 = DIRECTION('',(0.,1.,0.));
#3482 = PCURVE('',#1842,#3483);
#3483 = DEFINITIONAL_REPRESENTATION('',(#3484),#3488);
#3484 = LINE('',#3485,#3486);
#3485 = CARTESIAN_POINT('',(0.,0.));
#3486 = VECTOR('',#3487,1.);
#3487 = DIRECTION('',(0.,-1.));
#3488 = ( GEOMETRIC_REPRESENTATION_CONTEXT(2)
PARAMETRIC_REPRESENTATION_CONTEXT() REPRESENTATION_CONTEXT('2D SPACE',''
  ) );
#3489 = PCURVE('',#2768,#3490);
#3490 = DEFINITIONAL_REPRESENTATION('',(#3491),#3495);
#3491 = LINE('',#3492,#3493);
#3492 = CARTESIAN_POINT('',(0.,0.));
#3493 = VECTOR('',#3494,1.);
#3494 = DIRECTION('',(0.,1.));
#3495 = ( GEOMETRIC_REPRESENTATION_CONTEXT(2)
PARAMETRIC_REPRESENTATION_CONTEXT() REPRESENTATION_CONTEXT('2D SPACE',''
  ) );
#3496 = ORIENTED_EDGE('',*,*,#3497,.T.);
#3497 = EDGE_CURVE('',#3475,#3498,#3500,.T.);
#3498 = VERTEX_POINT('',#3499);
#3499 = CARTESIAN_POINT('',(-16.05,-32.,2.8));
#3500 = SURFACE_CURVE('',#3501,(#3505,#3512),.PCURVE_S1.);
#3501 = LINE('',#3502,#3503);
#3502 = CARTESIAN_POINT('',(-16.05,-32.,1.6));
#3503 = VECTOR('',#3504,1.);
#3504 = DIRECTION('',(0.,0.,1.));
#3505 = PCURVE('',#1842,#3506);
#3506 = DEFINITIONAL_REPRESENTATION('',(#3507),#3511);
#3507 = LINE('',#3508,#3509);
#3508 = CARTESIAN_POINT('',(0.,-1.8));
#3509 = VECTOR('',#3510,1.);
#3510 = DIRECTION('',(1.,0.));
#3511 = ( GEOMETRIC_REPRESENTATION_CONTEXT(2)
PARAMETRIC_REPRESENTATION_CONTEXT() REPRESENTATION_CONTEXT('2D SPACE',''
  ) );
#3512 = PCURVE('',#3513,#3518);
#3513 = PLANE('',#3514);
#3514 = AXIS2_PLACEMENT_3D('',#3515,#3516,#3517);
#3515 = CARTESIAN_POINT('',(-16.05,-32.,1.6));
#3516 = DIRECTION('',(0.,1.,0.));
#3517 = DIRECTION('',(0.,0.,1.));
#3518 = DEFINITIONAL_REPRESENTATION('',(#3519),#3523);
#3519 = LINE('',#3520,#3521);
#3520 = CARTESIAN_POINT('',(0.,0.));
#3521 = VECTOR('',#3522,1.);
#3522 = DIRECTION('',(1.,0.));
#3523 = ( GEOMETRIC_REPRESENTATION_CONTEXT(2)
PARAMETRIC_REPRESENTATION_CONTEXT() REPRESENTATION_CONTEXT('2D SPACE',''
  ) );
#3524 = ORIENTED_EDGE('',*,*,#3525,.T.);
#3525 = EDGE_CURVE('',#3498,#3526,#3528,.T.);
#3526 = VERTEX_POINT('',#3527);
#3527 = CARTESIAN_POINT('',(-16.05,8.,2.8));
#3528 = SURFACE_CURVE('',#3529,(#3533,#3540),.PCURVE_S1.);
#3529 = LINE('',#3530,#3531);
#3530 = CARTESIAN_POINT('',(-16.05,-32.,2.8));
#3531 = VECTOR('',#3532,1.);
#3532 = DIRECTION('',(0.,1.,0.));
#3533 = PCURVE('',#1842,#3534);
#3534 = DEFINITIONAL_REPRESENTATION('',(#3535),#3539);
#3535 = LINE('',#3536,#3537);
#3536 = CARTESIAN_POINT('',(1.2,-1.8));
#3537 = VECTOR('',#3538,1.);
#3538 = DIRECTION('',(0.,-1.));
#3539 = ( GEOMETRIC_REPRESENTATION_CONTEXT(2)
PARAMETRIC_REPRESENTATION_CONTEXT() REPRESENTATION_CONTEXT('2D SPACE',''
  ) );
#3540 = PCURVE('',#3541,#3546);
#3541 = PLANE('',#3542);
#3542 = AXIS2_PLACEMENT_3D('',#3543,#3544,#3545);
#3543 = CARTESIAN_POINT('',(-16.05,-32.,2.8));
#3544 = DIRECTION('',(0.,0.,1.));
#3545 = DIRECTION('',(1.,0.,0.));
#3546 = DEFINITIONAL_REPRESENTATION('',(#3547),#3551);
#3547 = LINE('',#3548,#3549);
#3548 = CARTESIAN_POINT('',(0.,0.));
#3549 = VECTOR('',#3550,1.);
#3550 = DIRECTION('',(0.,1.));
#3551 = ( GEOMETRIC_REPRESENTATION_CONTEXT(2)
PARAMETRIC_REPRESENTATION_CONTEXT() REPRESENTATION_CONTEXT('2D SPACE',''
  ) );
#3552 = ORIENTED_EDGE('',*,*,#3553,.F.);
#3553 = EDGE_CURVE('',#3554,#3526,#3556,.T.);
#3554 = VERTEX_POINT('',#3555);
#3555 = CARTESIAN_POINT('',(-16.05,8.,1.6));
#3556 = SURFACE_CURVE('',#3557,(#3561,#3568),.PCURVE_S1.);
#3557 = LINE('',#3558,#3559);
#3558 = CARTESIAN_POINT('',(-16.05,8.,1.6));
#3559 = VECTOR('',#3560,1.);
#3560 = DIRECTION('',(0.,0.,1.));
#3561 = PCURVE('',#1842,#3562);
#3562 = DEFINITIONAL_REPRESENTATION('',(#3563),#3567);
#3563 = LINE('',#3564,#3565);
#3564 = CARTESIAN_POINT('',(0.,-41.8));
#3565 = VECTOR('',#3566,1.);
#3566 = DIRECTION('',(1.,0.));
#3567 = ( GEOMETRIC_REPRESENTATION_CONTEXT(2)
PARAMETRIC_REPRESENTATION_CONTEXT() REPRESENTATION_CONTEXT('2D SPACE',''
  ) );
#3568 = PCURVE('',#3569,#3574);
#3569 = PLANE('',#3570);
#3570 = AXIS2_PLACEMENT_3D('',#3571,#3572,#3573);
#3571 = CARTESIAN_POINT('',(-16.05,8.,1.6));
#3572 = DIRECTION('',(0.,1.,0.));
#3573 = DIRECTION('',(0.,0.,1.));
#3574 = DEFINITIONAL_REPRESENTATION('',(#3575),#3579);
#3575 = LINE('',#3576,#3577);
#3576 = CARTESIAN_POINT('',(0.,0.));
#3577 = VECTOR('',#3578,1.);
#3578 = DIRECTION('',(1.,0.));
#3579 = ( GEOMETRIC_REPRESENTATION_CONTEXT(2)
PARAMETRIC_REPRESENTATION_CONTEXT() REPRESENTATION_CONTEXT('2D SPACE',''
  ) );
#3580 = ORIENTED_EDGE('',*,*,#3581,.T.);
#3581 = EDGE_CURVE('',#3554,#3582,#3584,.T.);
#3582 = VERTEX_POINT('',#3583);
#3583 = CARTESIAN_POINT('',(-16.05,33.8,1.6));
#3584 = SURFACE_CURVE('',#3585,(#3589,#3596),.PCURVE_S1.);
#3585 = LINE('',#3586,#3587);
#3586 = CARTESIAN_POINT('',(-16.05,-33.8,1.6));
#3587 = VECTOR('',#3588,1.);
#3588 = DIRECTION('',(0.,1.,0.));
#3589 = PCURVE('',#1842,#3590);
#3590 = DEFINITIONAL_REPRESENTATION('',(#3591),#3595);
#3591 = LINE('',#3592,#3593);
#3592 = CARTESIAN_POINT('',(0.,0.));
#3593 = VECTOR('',#3594,1.);
#3594 = DIRECTION('',(0.,-1.));
#3595 = ( GEOMETRIC_REPRESENTATION_CONTEXT(2)
PARAMETRIC_REPRESENTATION_CONTEXT() REPRESENTATION_CONTEXT('2D SPACE',''
  ) );
#3596 = PCURVE('',#2768,#3597);
#3597 = DEFINITIONAL_REPRESENTATION('',(#3598),#3602);
#3598 = LINE('',#3599,#3600);
#3599 = CARTESIAN_POINT('',(0.,0.));
#3600 = VECTOR('',#3601,1.);
#3601 = DIRECTION('',(0.,1.));
#3602 = ( GEOMETRIC_REPRESENTATION_CONTEXT(2)
PARAMETRIC_REPRESENTATION_CONTEXT() REPRESENTATION_CONTEXT('2D SPACE',''
  ) );
#3603 = ORIENTED_EDGE('',*,*,#3604,.F.);
#3604 = EDGE_CURVE('',#1827,#3582,#3605,.T.);
#3605 = SURFACE_CURVE('',#3606,(#3610,#3617),.PCURVE_S1.);
#3606 = LINE('',#3607,#3608);
#3607 = CARTESIAN_POINT('',(-16.05,33.8,11.2));
#3608 = VECTOR('',#3609,1.);
#3609 = DIRECTION('',(0.,0.,-1.));
#3610 = PCURVE('',#1842,#3611);
#3611 = DEFINITIONAL_REPRESENTATION('',(#3612),#3616);
#3612 = LINE('',#3613,#3614);
#3613 = CARTESIAN_POINT('',(9.6,-67.6));
#3614 = VECTOR('',#3615,1.);
#3615 = DIRECTION('',(-1.,0.));
#3616 = ( GEOMETRIC_REPRESENTATION_CONTEXT(2)
PARAMETRIC_REPRESENTATION_CONTEXT() REPRESENTATION_CONTEXT('2D SPACE',''
  ) );
#3617 = PCURVE('',#1869,#3618);
#3618 = DEFINITIONAL_REPRESENTATION('',(#3619),#3623);
#3619 = LINE('',#3620,#3621);
#3620 = CARTESIAN_POINT('',(9.6,0.));
#3621 = VECTOR('',#3622,1.);
#3622 = DIRECTION('',(-1.,0.));
#3623 = ( GEOMETRIC_REPRESENTATION_CONTEXT(2)
PARAMETRIC_REPRESENTATION_CONTEXT() REPRESENTATION_CONTEXT('2D SPACE',''
  ) );
#3624 = ORIENTED_EDGE('',*,*,#1826,.F.);
#3625 = ADVANCED_FACE('',(#3626),#1869,.F.);
#3626 = FACE_BOUND('',#3627,.F.);
#3627 = EDGE_LOOP('',(#3628,#3649,#3650,#3651));
#3628 = ORIENTED_EDGE('',*,*,#3629,.F.);
#3629 = EDGE_CURVE('',#3582,#3426,#3630,.T.);
#3630 = SURFACE_CURVE('',#3631,(#3635,#3642),.PCURVE_S1.);
#3631 = LINE('',#3632,#3633);
#3632 = CARTESIAN_POINT('',(-16.05,33.8,1.6));
#3633 = VECTOR('',#3634,1.);
#3634 = DIRECTION('',(1.,0.,0.));
#3635 = PCURVE('',#1869,#3636);
#3636 = DEFINITIONAL_REPRESENTATION('',(#3637),#3641);
#3637 = LINE('',#3638,#3639);
#3638 = CARTESIAN_POINT('',(0.,0.));
#3639 = VECTOR('',#3640,1.);
#3640 = DIRECTION('',(0.,1.));
#3641 = ( GEOMETRIC_REPRESENTATION_CONTEXT(2)
PARAMETRIC_REPRESENTATION_CONTEXT() REPRESENTATION_CONTEXT('2D SPACE',''
  ) );
#3642 = PCURVE('',#2768,#3643);
#3643 = DEFINITIONAL_REPRESENTATION('',(#3644),#3648);
#3644 = LINE('',#3645,#3646);
#3645 = CARTESIAN_POINT('',(0.,67.6));
#3646 = VECTOR('',#3647,1.);
#3647 = DIRECTION('',(1.,0.));
#3648 = ( GEOMETRIC_REPRESENTATION_CONTEXT(2)
PARAMETRIC_REPRESENTATION_CONTEXT() REPRESENTATION_CONTEXT('2D SPACE',''
  ) );
#3649 = ORIENTED_EDGE('',*,*,#3604,.F.);
#3650 = ORIENTED_EDGE('',*,*,#1854,.F.);
#3651 = ORIENTED_EDGE('',*,*,#3448,.T.);
#3652 = ADVANCED_FACE('',(#3653),#1930,.F.);
#3653 = FACE_BOUND('',#3654,.T.);
#3654 = EDGE_LOOP('',(#3655,#3679,#3700,#3701));
#3655 = ORIENTED_EDGE('',*,*,#3656,.F.);
#3656 = EDGE_CURVE('',#3657,#3657,#3659,.T.);
#3657 = VERTEX_POINT('',#3658);
#3658 = CARTESIAN_POINT('',(23.85,0.,10.2));
#3659 = SURFACE_CURVE('',#3660,(#3665,#3672),.PCURVE_S1.);
#3660 = CIRCLE('',#3661,2.4);
#3661 = AXIS2_PLACEMENT_3D('',#3662,#3663,#3664);
#3662 = CARTESIAN_POINT('',(21.45,0.,10.2));
#3663 = DIRECTION('',(0.,0.,1.));
#3664 = DIRECTION('',(1.,0.,0.));
#3665 = PCURVE('',#1930,#3666);
#3666 = DEFINITIONAL_REPRESENTATION('',(#3667),#3671);
#3667 = LINE('',#3668,#3669);
#3668 = CARTESIAN_POINT('',(-0.,0.));
#3669 = VECTOR('',#3670,1.);
#3670 = DIRECTION('',(-1.,0.));
#3671 = ( GEOMETRIC_REPRESENTATION_CONTEXT(2)
PARAMETRIC_REPRESENTATION_CONTEXT() REPRESENTATION_CONTEXT('2D SPACE',''
  ) );
#3672 = PCURVE('',#2689,#3673);
#3673 = DEFINITIONAL_REPRESENTATION('',(#3674),#3678);
#3674 = CIRCLE('',#3675,2.4);
#3675 = AXIS2_PLACEMENT_2D('',#3676,#3677);
#3676 = CARTESIAN_POINT('',(0.,-4.446993654107E-17));
#3677 = DIRECTION('',(1.,0.));
#3678 = ( GEOMETRIC_REPRESENTATION_CONTEXT(2)
PARAMETRIC_REPRESENTATION_CONTEXT() REPRESENTATION_CONTEXT('2D SPACE',''
  ) );
#3679 = ORIENTED_EDGE('',*,*,#3680,.T.);
#3680 = EDGE_CURVE('',#3657,#1910,#3681,.T.);
#3681 = SEAM_CURVE('',#3682,(#3686,#3693),.PCURVE_S1.);
#3682 = LINE('',#3683,#3684);
#3683 = CARTESIAN_POINT('',(23.85,0.,10.2));
#3684 = VECTOR('',#3685,1.);
#3685 = DIRECTION('',(0.,0.,1.));
#3686 = PCURVE('',#1930,#3687);
#3687 = DEFINITIONAL_REPRESENTATION('',(#3688),#3692);
#3688 = LINE('',#3689,#3690);
#3689 = CARTESIAN_POINT('',(-6.28318530718,0.));
#3690 = VECTOR('',#3691,1.);
#3691 = DIRECTION('',(-0.,-1.));
#3692 = ( GEOMETRIC_REPRESENTATION_CONTEXT(2)
PARAMETRIC_REPRESENTATION_CONTEXT() REPRESENTATION_CONTEXT('2D SPACE',''
  ) );
#3693 = PCURVE('',#1930,#3694);
#3694 = DEFINITIONAL_REPRESENTATION('',(#3695),#3699);
#3695 = LINE('',#3696,#3697);
#3696 = CARTESIAN_POINT('',(-0.,0.));
#3697 = VECTOR('',#3698,1.);
#3698 = DIRECTION('',(-0.,-1.));
#3699 = ( GEOMETRIC_REPRESENTATION_CONTEXT(2)
PARAMETRIC_REPRESENTATION_CONTEXT() REPRESENTATION_CONTEXT('2D SPACE',''
  ) );
#3700 = ORIENTED_EDGE('',*,*,#1909,.F.);
#3701 = ORIENTED_EDGE('',*,*,#3680,.F.);
#3702 = ADVANCED_FACE('',(#3703),#2493,.T.);
#3703 = FACE_BOUND('',#3704,.T.);
#3704 = EDGE_LOOP('',(#3705,#3728,#3756,#3777));
#3705 = ORIENTED_EDGE('',*,*,#3706,.F.);
#3706 = EDGE_CURVE('',#3707,#2479,#3709,.T.);
#3707 = VERTEX_POINT('',#3708);
#3708 = CARTESIAN_POINT('',(-6.5,34.5,1.6));
#3709 = SURFACE_CURVE('',#3710,(#3714,#3721),.PCURVE_S1.);
#3710 = LINE('',#3711,#3712);
#3711 = CARTESIAN_POINT('',(-6.5,34.5,1.6));
#3712 = VECTOR('',#3713,1.);
#3713 = DIRECTION('',(0.,1.,0.));
#3714 = PCURVE('',#2493,#3715);
#3715 = DEFINITIONAL_REPRESENTATION('',(#3716),#3720);
#3716 = LINE('',#3717,#3718);
#3717 = CARTESIAN_POINT('',(0.,0.));
#3718 = VECTOR('',#3719,1.);
#3719 = DIRECTION('',(0.,1.));
#3720 = ( GEOMETRIC_REPRESENTATION_CONTEXT(2)
PARAMETRIC_REPRESENTATION_CONTEXT() REPRESENTATION_CONTEXT('2D SPACE',''
  ) );
#3721 = PCURVE('',#2519,#3722);
#3722 = DEFINITIONAL_REPRESENTATION('',(#3723),#3727);
#3723 = LINE('',#3724,#3725);
#3724 = CARTESIAN_POINT('',(0.,0.));
#3725 = VECTOR('',#3726,1.);
#3726 = DIRECTION('',(0.,-1.));
#3727 = ( GEOMETRIC_REPRESENTATION_CONTEXT(2)
PARAMETRIC_REPRESENTATION_CONTEXT() REPRESENTATION_CONTEXT('2D SPACE',''
  ) );
#3728 = ORIENTED_EDGE('',*,*,#3729,.T.);
#3729 = EDGE_CURVE('',#3707,#3730,#3732,.T.);
#3730 = VERTEX_POINT('',#3731);
#3731 = CARTESIAN_POINT('',(6.5,34.5,1.6));
#3732 = SURFACE_CURVE('',#3733,(#3737,#3744),.PCURVE_S1.);
#3733 = LINE('',#3734,#3735);
#3734 = CARTESIAN_POINT('',(-6.5,34.5,1.6));
#3735 = VECTOR('',#3736,1.);
#3736 = DIRECTION('',(1.,0.,0.));
#3737 = PCURVE('',#2493,#3738);
#3738 = DEFINITIONAL_REPRESENTATION('',(#3739),#3743);
#3739 = LINE('',#3740,#3741);
#3740 = CARTESIAN_POINT('',(0.,0.));
#3741 = VECTOR('',#3742,1.);
#3742 = DIRECTION('',(1.,0.));
#3743 = ( GEOMETRIC_REPRESENTATION_CONTEXT(2)
PARAMETRIC_REPRESENTATION_CONTEXT() REPRESENTATION_CONTEXT('2D SPACE',''
  ) );
#3744 = PCURVE('',#3745,#3750);
#3745 = PLANE('',#3746);
#3746 = AXIS2_PLACEMENT_3D('',#3747,#3748,#3749);
#3747 = CARTESIAN_POINT('',(-6.5,34.5,1.6));
#3748 = DIRECTION('',(0.,1.,0.));
#3749 = DIRECTION('',(0.,0.,1.));
#3750 = DEFINITIONAL_REPRESENTATION('',(#3751),#3755);
#3751 = LINE('',#3752,#3753);
#3752 = CARTESIAN_POINT('',(0.,0.));
#3753 = VECTOR('',#3754,1.);
#3754 = DIRECTION('',(0.,1.));
#3755 = ( GEOMETRIC_REPRESENTATION_CONTEXT(2)
PARAMETRIC_REPRESENTATION_CONTEXT() REPRESENTATION_CONTEXT('2D SPACE',''
  ) );
#3756 = ORIENTED_EDGE('',*,*,#3757,.T.);
#3757 = EDGE_CURVE('',#3730,#2477,#3758,.T.);
#3758 = SURFACE_CURVE('',#3759,(#3763,#3770),.PCURVE_S1.);
#3759 = LINE('',#3760,#3761);
#3760 = CARTESIAN_POINT('',(6.5,34.5,1.6));
#3761 = VECTOR('',#3762,1.);
#3762 = DIRECTION('',(0.,1.,0.));
#3763 = PCURVE('',#2493,#3764);
#3764 = DEFINITIONAL_REPRESENTATION('',(#3765),#3769);
#3765 = LINE('',#3766,#3767);
#3766 = CARTESIAN_POINT('',(13.,0.));
#3767 = VECTOR('',#3768,1.);
#3768 = DIRECTION('',(0.,1.));
#3769 = ( GEOMETRIC_REPRESENTATION_CONTEXT(2)
PARAMETRIC_REPRESENTATION_CONTEXT() REPRESENTATION_CONTEXT('2D SPACE',''
  ) );
#3770 = PCURVE('',#2569,#3771);
#3771 = DEFINITIONAL_REPRESENTATION('',(#3772),#3776);
#3772 = LINE('',#3773,#3774);
#3773 = CARTESIAN_POINT('',(0.,0.));
#3774 = VECTOR('',#3775,1.);
#3775 = DIRECTION('',(0.,-1.));
#3776 = ( GEOMETRIC_REPRESENTATION_CONTEXT(2)
PARAMETRIC_REPRESENTATION_CONTEXT() REPRESENTATION_CONTEXT('2D SPACE',''
  ) );
#3777 = ORIENTED_EDGE('',*,*,#2476,.T.);
#3778 = ADVANCED_FACE('',(#3779),#2569,.F.);
#3779 = FACE_BOUND('',#3780,.F.);
#3780 = EDGE_LOOP('',(#3781,#3804,#3825,#3826));
#3781 = ORIENTED_EDGE('',*,*,#3782,.F.);
#3782 = EDGE_CURVE('',#3783,#2531,#3785,.T.);
#3783 = VERTEX_POINT('',#3784);
#3784 = CARTESIAN_POINT('',(6.5,34.5,5.6));
#3785 = SURFACE_CURVE('',#3786,(#3790,#3797),.PCURVE_S1.);
#3786 = LINE('',#3787,#3788);
#3787 = CARTESIAN_POINT('',(6.5,34.5,5.6));
#3788 = VECTOR('',#3789,1.);
#3789 = DIRECTION('',(0.,1.,0.));
#3790 = PCURVE('',#2569,#3791);
#3791 = DEFINITIONAL_REPRESENTATION('',(#3792),#3796);
#3792 = LINE('',#3793,#3794);
#3793 = CARTESIAN_POINT('',(4.,0.));
#3794 = VECTOR('',#3795,1.);
#3795 = DIRECTION('',(0.,-1.));
#3796 = ( GEOMETRIC_REPRESENTATION_CONTEXT(2)
PARAMETRIC_REPRESENTATION_CONTEXT() REPRESENTATION_CONTEXT('2D SPACE',''
  ) );
#3797 = PCURVE('',#2545,#3798);
#3798 = DEFINITIONAL_REPRESENTATION('',(#3799),#3803);
#3799 = LINE('',#3800,#3801);
#3800 = CARTESIAN_POINT('',(13.,0.));
#3801 = VECTOR('',#3802,1.);
#3802 = DIRECTION('',(0.,1.));
#3803 = ( GEOMETRIC_REPRESENTATION_CONTEXT(2)
PARAMETRIC_REPRESENTATION_CONTEXT() REPRESENTATION_CONTEXT('2D SPACE',''
  ) );
#3804 = ORIENTED_EDGE('',*,*,#3805,.F.);
#3805 = EDGE_CURVE('',#3730,#3783,#3806,.T.);
#3806 = SURFACE_CURVE('',#3807,(#3811,#3818),.PCURVE_S1.);
#3807 = LINE('',#3808,#3809);
#3808 = CARTESIAN_POINT('',(6.5,34.5,1.6));
#3809 = VECTOR('',#3810,1.);
#3810 = DIRECTION('',(0.,0.,1.));
#3811 = PCURVE('',#2569,#3812);
#3812 = DEFINITIONAL_REPRESENTATION('',(#3813),#3817);
#3813 = LINE('',#3814,#3815);
#3814 = CARTESIAN_POINT('',(0.,0.));
#3815 = VECTOR('',#3816,1.);
#3816 = DIRECTION('',(1.,0.));
#3817 = ( GEOMETRIC_REPRESENTATION_CONTEXT(2)
PARAMETRIC_REPRESENTATION_CONTEXT() REPRESENTATION_CONTEXT('2D SPACE',''
  ) );
#3818 = PCURVE('',#3745,#3819);
#3819 = DEFINITIONAL_REPRESENTATION('',(#3820),#3824);
#3820 = LINE('',#3821,#3822);
#3821 = CARTESIAN_POINT('',(0.,13.));
#3822 = VECTOR('',#3823,1.);
#3823 = DIRECTION('',(1.,0.));
#3824 = ( GEOMETRIC_REPRESENTATION_CONTEXT(2)
PARAMETRIC_REPRESENTATION_CONTEXT() REPRESENTATION_CONTEXT('2D SPACE',''
  ) );
#3825 = ORIENTED_EDGE('',*,*,#3757,.T.);
#3826 = ORIENTED_EDGE('',*,*,#2556,.T.);
#3827 = ADVANCED_FACE('',(#3828),#2545,.F.);
#3828 = FACE_BOUND('',#3829,.F.);
#3829 = EDGE_LOOP('',(#3830,#3853,#3874,#3875));
#3830 = ORIENTED_EDGE('',*,*,#3831,.F.);
#3831 = EDGE_CURVE('',#3832,#2505,#3834,.T.);
#3832 = VERTEX_POINT('',#3833);
#3833 = CARTESIAN_POINT('',(-6.5,34.5,5.6));
#3834 = SURFACE_CURVE('',#3835,(#3839,#3846),.PCURVE_S1.);
#3835 = LINE('',#3836,#3837);
#3836 = CARTESIAN_POINT('',(-6.5,34.5,5.6));
#3837 = VECTOR('',#3838,1.);
#3838 = DIRECTION('',(0.,1.,0.));
#3839 = PCURVE('',#2545,#3840);
#3840 = DEFINITIONAL_REPRESENTATION('',(#3841),#3845);
#3841 = LINE('',#3842,#3843);
#3842 = CARTESIAN_POINT('',(0.,0.));
#3843 = VECTOR('',#3844,1.);
#3844 = DIRECTION('',(0.,1.));
#3845 = ( GEOMETRIC_REPRESENTATION_CONTEXT(2)
PARAMETRIC_REPRESENTATION_CONTEXT() REPRESENTATION_CONTEXT('2D SPACE',''
  ) );
#3846 = PCURVE('',#2519,#3847);
#3847 = DEFINITIONAL_REPRESENTATION('',(#3848),#3852);
#3848 = LINE('',#3849,#3850);
#3849 = CARTESIAN_POINT('',(4.,0.));
#3850 = VECTOR('',#3851,1.);
#3851 = DIRECTION('',(0.,-1.));
#3852 = ( GEOMETRIC_REPRESENTATION_CONTEXT(2)
PARAMETRIC_REPRESENTATION_CONTEXT() REPRESENTATION_CONTEXT('2D SPACE',''
  ) );
#3853 = ORIENTED_EDGE('',*,*,#3854,.T.);
#3854 = EDGE_CURVE('',#3832,#3783,#3855,.T.);
#3855 = SURFACE_CURVE('',#3856,(#3860,#3867),.PCURVE_S1.);
#3856 = LINE('',#3857,#3858);
#3857 = CARTESIAN_POINT('',(-6.5,34.5,5.6));
#3858 = VECTOR('',#3859,1.);
#3859 = DIRECTION('',(1.,0.,0.));
#3860 = PCURVE('',#2545,#3861);
#3861 = DEFINITIONAL_REPRESENTATION('',(#3862),#3866);
#3862 = LINE('',#3863,#3864);
#3863 = CARTESIAN_POINT('',(0.,0.));
#3864 = VECTOR('',#3865,1.);
#3865 = DIRECTION('',(1.,0.));
#3866 = ( GEOMETRIC_REPRESENTATION_CONTEXT(2)
PARAMETRIC_REPRESENTATION_CONTEXT() REPRESENTATION_CONTEXT('2D SPACE',''
  ) );
#3867 = PCURVE('',#3745,#3868);
#3868 = DEFINITIONAL_REPRESENTATION('',(#3869),#3873);
#3869 = LINE('',#3870,#3871);
#3870 = CARTESIAN_POINT('',(4.,0.));
#3871 = VECTOR('',#3872,1.);
#3872 = DIRECTION('',(0.,1.));
#3873 = ( GEOMETRIC_REPRESENTATION_CONTEXT(2)
PARAMETRIC_REPRESENTATION_CONTEXT() REPRESENTATION_CONTEXT('2D SPACE',''
  ) );
#3874 = ORIENTED_EDGE('',*,*,#3782,.T.);
#3875 = ORIENTED_EDGE('',*,*,#2530,.T.);
#3876 = ADVANCED_FACE('',(#3877),#2519,.T.);
#3877 = FACE_BOUND('',#3878,.T.);
#3878 = EDGE_LOOP('',(#3879,#3880,#3901,#3902));
#3879 = ORIENTED_EDGE('',*,*,#3831,.F.);
#3880 = ORIENTED_EDGE('',*,*,#3881,.F.);
#3881 = EDGE_CURVE('',#3707,#3832,#3882,.T.);
#3882 = SURFACE_CURVE('',#3883,(#3887,#3894),.PCURVE_S1.);
#3883 = LINE('',#3884,#3885);
#3884 = CARTESIAN_POINT('',(-6.5,34.5,1.6));
#3885 = VECTOR('',#3886,1.);
#3886 = DIRECTION('',(0.,0.,1.));
#3887 = PCURVE('',#2519,#3888);
#3888 = DEFINITIONAL_REPRESENTATION('',(#3889),#3893);
#3889 = LINE('',#3890,#3891);
#3890 = CARTESIAN_POINT('',(0.,0.));
#3891 = VECTOR('',#3892,1.);
#3892 = DIRECTION('',(1.,0.));
#3893 = ( GEOMETRIC_REPRESENTATION_CONTEXT(2)
PARAMETRIC_REPRESENTATION_CONTEXT() REPRESENTATION_CONTEXT('2D SPACE',''
  ) );
#3894 = PCURVE('',#3745,#3895);
#3895 = DEFINITIONAL_REPRESENTATION('',(#3896),#3900);
#3896 = LINE('',#3897,#3898);
#3897 = CARTESIAN_POINT('',(0.,0.));
#3898 = VECTOR('',#3899,1.);
#3899 = DIRECTION('',(1.,0.));
#3900 = ( GEOMETRIC_REPRESENTATION_CONTEXT(2)
PARAMETRIC_REPRESENTATION_CONTEXT() REPRESENTATION_CONTEXT('2D SPACE',''
  ) );
#3901 = ORIENTED_EDGE('',*,*,#3706,.T.);
#3902 = ORIENTED_EDGE('',*,*,#2504,.T.);
#3903 = ADVANCED_FACE('',(#3904,#3907),#2630,.T.);
#3904 = FACE_BOUND('',#3905,.T.);
#3905 = EDGE_LOOP('',(#3906));
#3906 = ORIENTED_EDGE('',*,*,#3089,.T.);
#3907 = FACE_BOUND('',#3908,.T.);
#3908 = EDGE_LOOP('',(#3909));
#3909 = ORIENTED_EDGE('',*,*,#2615,.T.);
#3910 = ADVANCED_FACE('',(#3911,#3914),#2689,.T.);
#3911 = FACE_BOUND('',#3912,.T.);
#3912 = EDGE_LOOP('',(#3913));
#3913 = ORIENTED_EDGE('',*,*,#3656,.T.);
#3914 = FACE_BOUND('',#3915,.T.);
#3915 = EDGE_LOOP('',(#3916));
#3916 = ORIENTED_EDGE('',*,*,#2674,.T.);
#3917 = ADVANCED_FACE('',(#3918,#4143,#4257,#4371,#4485,#4491,#4497),
  #2768,.T.);
#3918 = FACE_BOUND('',#3919,.T.);
#3919 = EDGE_LOOP('',(#3920,#3921,#3922,#3945,#3973,#3994,#3995,#3996,
    #4019,#4047,#4068,#4069,#4070,#4071,#4094,#4122));
#3920 = ORIENTED_EDGE('',*,*,#3474,.F.);
#3921 = ORIENTED_EDGE('',*,*,#3269,.T.);
#3922 = ORIENTED_EDGE('',*,*,#3923,.T.);
#3923 = EDGE_CURVE('',#3242,#3924,#3926,.T.);
#3924 = VERTEX_POINT('',#3925);
#3925 = CARTESIAN_POINT('',(-12.75,-33.,1.6));
#3926 = SURFACE_CURVE('',#3927,(#3931,#3938),.PCURVE_S1.);
#3927 = LINE('',#3928,#3929);
#3928 = CARTESIAN_POINT('',(-12.75,-33.8,1.6));
#3929 = VECTOR('',#3930,1.);
#3930 = DIRECTION('',(0.,1.,0.));
#3931 = PCURVE('',#2768,#3932);
#3932 = DEFINITIONAL_REPRESENTATION('',(#3933),#3937);
#3933 = LINE('',#3934,#3935);
#3934 = CARTESIAN_POINT('',(3.3,0.));
#3935 = VECTOR('',#3936,1.);
#3936 = DIRECTION('',(0.,1.));
#3937 = ( GEOMETRIC_REPRESENTATION_CONTEXT(2)
PARAMETRIC_REPRESENTATION_CONTEXT() REPRESENTATION_CONTEXT('2D SPACE',''
  ) );
#3938 = PCURVE('',#3257,#3939);
#3939 = DEFINITIONAL_REPRESENTATION('',(#3940),#3944);
#3940 = LINE('',#3941,#3942);
#3941 = CARTESIAN_POINT('',(0.,0.));
#3942 = VECTOR('',#3943,1.);
#3943 = DIRECTION('',(0.,-1.));
#3944 = ( GEOMETRIC_REPRESENTATION_CONTEXT(2)
PARAMETRIC_REPRESENTATION_CONTEXT() REPRESENTATION_CONTEXT('2D SPACE',''
  ) );
#3945 = ORIENTED_EDGE('',*,*,#3946,.T.);
#3946 = EDGE_CURVE('',#3924,#3947,#3949,.T.);
#3947 = VERTEX_POINT('',#3948);
#3948 = CARTESIAN_POINT('',(12.75,-33.,1.6));
#3949 = SURFACE_CURVE('',#3950,(#3954,#3961),.PCURVE_S1.);
#3950 = LINE('',#3951,#3952);
#3951 = CARTESIAN_POINT('',(-12.75,-33.,1.6));
#3952 = VECTOR('',#3953,1.);
#3953 = DIRECTION('',(1.,0.,0.));
#3954 = PCURVE('',#2768,#3955);
#3955 = DEFINITIONAL_REPRESENTATION('',(#3956),#3960);
#3956 = LINE('',#3957,#3958);
#3957 = CARTESIAN_POINT('',(3.3,0.8));
#3958 = VECTOR('',#3959,1.);
#3959 = DIRECTION('',(1.,0.));
#3960 = ( GEOMETRIC_REPRESENTATION_CONTEXT(2)
PARAMETRIC_REPRESENTATION_CONTEXT() REPRESENTATION_CONTEXT('2D SPACE',''
  ) );
#3961 = PCURVE('',#3962,#3967);
#3962 = PLANE('',#3963);
#3963 = AXIS2_PLACEMENT_3D('',#3964,#3965,#3966);
#3964 = CARTESIAN_POINT('',(-12.75,-33.,1.6));
#3965 = DIRECTION('',(0.,1.,0.));
#3966 = DIRECTION('',(0.,0.,1.));
#3967 = DEFINITIONAL_REPRESENTATION('',(#3968),#3972);
#3968 = LINE('',#3969,#3970);
#3969 = CARTESIAN_POINT('',(0.,0.));
#3970 = VECTOR('',#3971,1.);
#3971 = DIRECTION('',(0.,1.));
#3972 = ( GEOMETRIC_REPRESENTATION_CONTEXT(2)
PARAMETRIC_REPRESENTATION_CONTEXT() REPRESENTATION_CONTEXT('2D SPACE',''
  ) );
#3973 = ORIENTED_EDGE('',*,*,#3974,.F.);
#3974 = EDGE_CURVE('',#3163,#3947,#3975,.T.);
#3975 = SURFACE_CURVE('',#3976,(#3980,#3987),.PCURVE_S1.);
#3976 = LINE('',#3977,#3978);
#3977 = CARTESIAN_POINT('',(12.75,-33.8,1.6));
#3978 = VECTOR('',#3979,1.);
#3979 = DIRECTION('',(0.,1.,0.));
#3980 = PCURVE('',#2768,#3981);
#3981 = DEFINITIONAL_REPRESENTATION('',(#3982),#3986);
#3982 = LINE('',#3983,#3984);
#3983 = CARTESIAN_POINT('',(28.8,0.));
#3984 = VECTOR('',#3985,1.);
#3985 = DIRECTION('',(0.,1.));
#3986 = ( GEOMETRIC_REPRESENTATION_CONTEXT(2)
PARAMETRIC_REPRESENTATION_CONTEXT() REPRESENTATION_CONTEXT('2D SPACE',''
  ) );
#3987 = PCURVE('',#3201,#3988);
#3988 = DEFINITIONAL_REPRESENTATION('',(#3989),#3993);
#3989 = LINE('',#3990,#3991);
#3990 = CARTESIAN_POINT('',(0.,0.));
#3991 = VECTOR('',#3992,1.);
#3992 = DIRECTION('',(0.,-1.));
#3993 = ( GEOMETRIC_REPRESENTATION_CONTEXT(2)
PARAMETRIC_REPRESENTATION_CONTEXT() REPRESENTATION_CONTEXT('2D SPACE',''
  ) );
#3994 = ORIENTED_EDGE('',*,*,#3162,.T.);
#3995 = ORIENTED_EDGE('',*,*,#3318,.T.);
#3996 = ORIENTED_EDGE('',*,*,#3997,.F.);
#3997 = EDGE_CURVE('',#3998,#3319,#4000,.T.);
#3998 = VERTEX_POINT('',#3999);
#3999 = CARTESIAN_POINT('',(15.25,-32.,1.6));
#4000 = SURFACE_CURVE('',#4001,(#4005,#4012),.PCURVE_S1.);
#4001 = LINE('',#4002,#4003);
#4002 = CARTESIAN_POINT('',(15.25,-32.,1.6));
#4003 = VECTOR('',#4004,1.);
#4004 = DIRECTION('',(1.,0.,0.));
#4005 = PCURVE('',#2768,#4006);
#4006 = DEFINITIONAL_REPRESENTATION('',(#4007),#4011);
#4007 = LINE('',#4008,#4009);
#4008 = CARTESIAN_POINT('',(31.3,1.8));
#4009 = VECTOR('',#4010,1.);
#4010 = DIRECTION('',(1.,0.));
#4011 = ( GEOMETRIC_REPRESENTATION_CONTEXT(2)
PARAMETRIC_REPRESENTATION_CONTEXT() REPRESENTATION_CONTEXT('2D SPACE',''
  ) );
#4012 = PCURVE('',#3357,#4013);
#4013 = DEFINITIONAL_REPRESENTATION('',(#4014),#4018);
#4014 = LINE('',#4015,#4016);
#4015 = CARTESIAN_POINT('',(0.,0.));
#4016 = VECTOR('',#4017,1.);
#4017 = DIRECTION('',(0.,1.));
#4018 = ( GEOMETRIC_REPRESENTATION_CONTEXT(2)
PARAMETRIC_REPRESENTATION_CONTEXT() REPRESENTATION_CONTEXT('2D SPACE',''
  ) );
#4019 = ORIENTED_EDGE('',*,*,#4020,.T.);
#4020 = EDGE_CURVE('',#3998,#4021,#4023,.T.);
#4021 = VERTEX_POINT('',#4022);
#4022 = CARTESIAN_POINT('',(15.25,8.,1.6));
#4023 = SURFACE_CURVE('',#4024,(#4028,#4035),.PCURVE_S1.);
#4024 = LINE('',#4025,#4026);
#4025 = CARTESIAN_POINT('',(15.25,-32.,1.6));
#4026 = VECTOR('',#4027,1.);
#4027 = DIRECTION('',(0.,1.,0.));
#4028 = PCURVE('',#2768,#4029);
#4029 = DEFINITIONAL_REPRESENTATION('',(#4030),#4034);
#4030 = LINE('',#4031,#4032);
#4031 = CARTESIAN_POINT('',(31.3,1.8));
#4032 = VECTOR('',#4033,1.);
#4033 = DIRECTION('',(0.,1.));
#4034 = ( GEOMETRIC_REPRESENTATION_CONTEXT(2)
PARAMETRIC_REPRESENTATION_CONTEXT() REPRESENTATION_CONTEXT('2D SPACE',''
  ) );
#4035 = PCURVE('',#4036,#4041);
#4036 = PLANE('',#4037);
#4037 = AXIS2_PLACEMENT_3D('',#4038,#4039,#4040);
#4038 = CARTESIAN_POINT('',(15.25,-32.,1.6));
#4039 = DIRECTION('',(1.,0.,0.));
#4040 = DIRECTION('',(0.,0.,1.));
#4041 = DEFINITIONAL_REPRESENTATION('',(#4042),#4046);
#4042 = LINE('',#4043,#4044);
#4043 = CARTESIAN_POINT('',(0.,0.));
#4044 = VECTOR('',#4045,1.);
#4045 = DIRECTION('',(0.,-1.));
#4046 = ( GEOMETRIC_REPRESENTATION_CONTEXT(2)
PARAMETRIC_REPRESENTATION_CONTEXT() REPRESENTATION_CONTEXT('2D SPACE',''
  ) );
#4047 = ORIENTED_EDGE('',*,*,#4048,.T.);
#4048 = EDGE_CURVE('',#4021,#3398,#4049,.T.);
#4049 = SURFACE_CURVE('',#4050,(#4054,#4061),.PCURVE_S1.);
#4050 = LINE('',#4051,#4052);
#4051 = CARTESIAN_POINT('',(15.25,8.,1.6));
#4052 = VECTOR('',#4053,1.);
#4053 = DIRECTION('',(1.,0.,0.));
#4054 = PCURVE('',#2768,#4055);
#4055 = DEFINITIONAL_REPRESENTATION('',(#4056),#4060);
#4056 = LINE('',#4057,#4058);
#4057 = CARTESIAN_POINT('',(31.3,41.8));
#4058 = VECTOR('',#4059,1.);
#4059 = DIRECTION('',(1.,0.));
#4060 = ( GEOMETRIC_REPRESENTATION_CONTEXT(2)
PARAMETRIC_REPRESENTATION_CONTEXT() REPRESENTATION_CONTEXT('2D SPACE',''
  ) );
#4061 = PCURVE('',#3413,#4062);
#4062 = DEFINITIONAL_REPRESENTATION('',(#4063),#4067);
#4063 = LINE('',#4064,#4065);
#4064 = CARTESIAN_POINT('',(0.,0.));
#4065 = VECTOR('',#4066,1.);
#4066 = DIRECTION('',(0.,1.));
#4067 = ( GEOMETRIC_REPRESENTATION_CONTEXT(2)
PARAMETRIC_REPRESENTATION_CONTEXT() REPRESENTATION_CONTEXT('2D SPACE',''
  ) );
#4068 = ORIENTED_EDGE('',*,*,#3425,.T.);
#4069 = ORIENTED_EDGE('',*,*,#3629,.F.);
#4070 = ORIENTED_EDGE('',*,*,#3581,.F.);
#4071 = ORIENTED_EDGE('',*,*,#4072,.T.);
#4072 = EDGE_CURVE('',#3554,#4073,#4075,.T.);
#4073 = VERTEX_POINT('',#4074);
#4074 = CARTESIAN_POINT('',(-15.25,8.,1.6));
#4075 = SURFACE_CURVE('',#4076,(#4080,#4087),.PCURVE_S1.);
#4076 = LINE('',#4077,#4078);
#4077 = CARTESIAN_POINT('',(-16.05,8.,1.6));
#4078 = VECTOR('',#4079,1.);
#4079 = DIRECTION('',(1.,0.,0.));
#4080 = PCURVE('',#2768,#4081);
#4081 = DEFINITIONAL_REPRESENTATION('',(#4082),#4086);
#4082 = LINE('',#4083,#4084);
#4083 = CARTESIAN_POINT('',(0.,41.8));
#4084 = VECTOR('',#4085,1.);
#4085 = DIRECTION('',(1.,0.));
#4086 = ( GEOMETRIC_REPRESENTATION_CONTEXT(2)
PARAMETRIC_REPRESENTATION_CONTEXT() REPRESENTATION_CONTEXT('2D SPACE',''
  ) );
#4087 = PCURVE('',#3569,#4088);
#4088 = DEFINITIONAL_REPRESENTATION('',(#4089),#4093);
#4089 = LINE('',#4090,#4091);
#4090 = CARTESIAN_POINT('',(0.,0.));
#4091 = VECTOR('',#4092,1.);
#4092 = DIRECTION('',(0.,1.));
#4093 = ( GEOMETRIC_REPRESENTATION_CONTEXT(2)
PARAMETRIC_REPRESENTATION_CONTEXT() REPRESENTATION_CONTEXT('2D SPACE',''
  ) );
#4094 = ORIENTED_EDGE('',*,*,#4095,.F.);
#4095 = EDGE_CURVE('',#4096,#4073,#4098,.T.);
#4096 = VERTEX_POINT('',#4097);
#4097 = CARTESIAN_POINT('',(-15.25,-32.,1.6));
#4098 = SURFACE_CURVE('',#4099,(#4103,#4110),.PCURVE_S1.);
#4099 = LINE('',#4100,#4101);
#4100 = CARTESIAN_POINT('',(-15.25,-32.,1.6));
#4101 = VECTOR('',#4102,1.);
#4102 = DIRECTION('',(0.,1.,0.));
#4103 = PCURVE('',#2768,#4104);
#4104 = DEFINITIONAL_REPRESENTATION('',(#4105),#4109);
#4105 = LINE('',#4106,#4107);
#4106 = CARTESIAN_POINT('',(0.8,1.8));
#4107 = VECTOR('',#4108,1.);
#4108 = DIRECTION('',(0.,1.));
#4109 = ( GEOMETRIC_REPRESENTATION_CONTEXT(2)
PARAMETRIC_REPRESENTATION_CONTEXT() REPRESENTATION_CONTEXT('2D SPACE',''
  ) );
#4110 = PCURVE('',#4111,#4116);
#4111 = PLANE('',#4112);
#4112 = AXIS2_PLACEMENT_3D('',#4113,#4114,#4115);
#4113 = CARTESIAN_POINT('',(-15.25,-32.,1.6));
#4114 = DIRECTION('',(1.,0.,0.));
#4115 = DIRECTION('',(0.,0.,1.));
#4116 = DEFINITIONAL_REPRESENTATION('',(#4117),#4121);
#4117 = LINE('',#4118,#4119);
#4118 = CARTESIAN_POINT('',(0.,0.));
#4119 = VECTOR('',#4120,1.);
#4120 = DIRECTION('',(0.,-1.));
#4121 = ( GEOMETRIC_REPRESENTATION_CONTEXT(2)
PARAMETRIC_REPRESENTATION_CONTEXT() REPRESENTATION_CONTEXT('2D SPACE',''
  ) );
#4122 = ORIENTED_EDGE('',*,*,#4123,.F.);
#4123 = EDGE_CURVE('',#3475,#4096,#4124,.T.);
#4124 = SURFACE_CURVE('',#4125,(#4129,#4136),.PCURVE_S1.);
#4125 = LINE('',#4126,#4127);
#4126 = CARTESIAN_POINT('',(-16.05,-32.,1.6));
#4127 = VECTOR('',#4128,1.);
#4128 = DIRECTION('',(1.,0.,0.));
#4129 = PCURVE('',#2768,#4130);
#4130 = DEFINITIONAL_REPRESENTATION('',(#4131),#4135);
#4131 = LINE('',#4132,#4133);
#4132 = CARTESIAN_POINT('',(0.,1.8));
#4133 = VECTOR('',#4134,1.);
#4134 = DIRECTION('',(1.,0.));
#4135 = ( GEOMETRIC_REPRESENTATION_CONTEXT(2)
PARAMETRIC_REPRESENTATION_CONTEXT() REPRESENTATION_CONTEXT('2D SPACE',''
  ) );
#4136 = PCURVE('',#3513,#4137);
#4137 = DEFINITIONAL_REPRESENTATION('',(#4138),#4142);
#4138 = LINE('',#4139,#4140);
#4139 = CARTESIAN_POINT('',(0.,0.));
#4140 = VECTOR('',#4141,1.);
#4141 = DIRECTION('',(0.,1.));
#4142 = ( GEOMETRIC_REPRESENTATION_CONTEXT(2)
PARAMETRIC_REPRESENTATION_CONTEXT() REPRESENTATION_CONTEXT('2D SPACE',''
  ) );
#4143 = FACE_BOUND('',#4144,.T.);
#4144 = EDGE_LOOP('',(#4145,#4175,#4203,#4231));
#4145 = ORIENTED_EDGE('',*,*,#4146,.T.);
#4146 = EDGE_CURVE('',#4147,#4149,#4151,.T.);
#4147 = VERTEX_POINT('',#4148);
#4148 = CARTESIAN_POINT('',(-15.05,-32.3,1.6));
#4149 = VERTEX_POINT('',#4150);
#4150 = CARTESIAN_POINT('',(-15.05,-27.3,1.6));
#4151 = SURFACE_CURVE('',#4152,(#4156,#4163),.PCURVE_S1.);
#4152 = LINE('',#4153,#4154);
#4153 = CARTESIAN_POINT('',(-15.05,-32.3,1.6));
#4154 = VECTOR('',#4155,1.);
#4155 = DIRECTION('',(0.,1.,0.));
#4156 = PCURVE('',#2768,#4157);
#4157 = DEFINITIONAL_REPRESENTATION('',(#4158),#4162);
#4158 = LINE('',#4159,#4160);
#4159 = CARTESIAN_POINT('',(1.,1.5));
#4160 = VECTOR('',#4161,1.);
#4161 = DIRECTION('',(0.,1.));
#4162 = ( GEOMETRIC_REPRESENTATION_CONTEXT(2)
PARAMETRIC_REPRESENTATION_CONTEXT() REPRESENTATION_CONTEXT('2D SPACE',''
  ) );
#4163 = PCURVE('',#4164,#4169);
#4164 = PLANE('',#4165);
#4165 = AXIS2_PLACEMENT_3D('',#4166,#4167,#4168);
#4166 = CARTESIAN_POINT('',(-15.05,-32.3,1.6));
#4167 = DIRECTION('',(1.,0.,0.));
#4168 = DIRECTION('',(0.,0.,1.));
#4169 = DEFINITIONAL_REPRESENTATION('',(#4170),#4174);
#4170 = LINE('',#4171,#4172);
#4171 = CARTESIAN_POINT('',(0.,0.));
#4172 = VECTOR('',#4173,1.);
#4173 = DIRECTION('',(0.,-1.));
#4174 = ( GEOMETRIC_REPRESENTATION_CONTEXT(2)
PARAMETRIC_REPRESENTATION_CONTEXT() REPRESENTATION_CONTEXT('2D SPACE',''
  ) );
#4175 = ORIENTED_EDGE('',*,*,#4176,.T.);
#4176 = EDGE_CURVE('',#4149,#4177,#4179,.T.);
#4177 = VERTEX_POINT('',#4178);
#4178 = CARTESIAN_POINT('',(-12.65,-27.3,1.6));
#4179 = SURFACE_CURVE('',#4180,(#4184,#4191),.PCURVE_S1.);
#4180 = LINE('',#4181,#4182);
#4181 = CARTESIAN_POINT('',(-15.05,-27.3,1.6));
#4182 = VECTOR('',#4183,1.);
#4183 = DIRECTION('',(1.,0.,0.));
#4184 = PCURVE('',#2768,#4185);
#4185 = DEFINITIONAL_REPRESENTATION('',(#4186),#4190);
#4186 = LINE('',#4187,#4188);
#4187 = CARTESIAN_POINT('',(1.,6.5));
#4188 = VECTOR('',#4189,1.);
#4189 = DIRECTION('',(1.,0.));
#4190 = ( GEOMETRIC_REPRESENTATION_CONTEXT(2)
PARAMETRIC_REPRESENTATION_CONTEXT() REPRESENTATION_CONTEXT('2D SPACE',''
  ) );
#4191 = PCURVE('',#4192,#4197);
#4192 = PLANE('',#4193);
#4193 = AXIS2_PLACEMENT_3D('',#4194,#4195,#4196);
#4194 = CARTESIAN_POINT('',(-15.05,-27.3,1.6));
#4195 = DIRECTION('',(0.,1.,0.));
#4196 = DIRECTION('',(0.,0.,1.));
#4197 = DEFINITIONAL_REPRESENTATION('',(#4198),#4202);
#4198 = LINE('',#4199,#4200);
#4199 = CARTESIAN_POINT('',(0.,0.));
#4200 = VECTOR('',#4201,1.);
#4201 = DIRECTION('',(0.,1.));
#4202 = ( GEOMETRIC_REPRESENTATION_CONTEXT(2)
PARAMETRIC_REPRESENTATION_CONTEXT() REPRESENTATION_CONTEXT('2D SPACE',''
  ) );
#4203 = ORIENTED_EDGE('',*,*,#4204,.F.);
#4204 = EDGE_CURVE('',#4205,#4177,#4207,.T.);
#4205 = VERTEX_POINT('',#4206);
#4206 = CARTESIAN_POINT('',(-12.65,-32.3,1.6));
#4207 = SURFACE_CURVE('',#4208,(#4212,#4219),.PCURVE_S1.);
#4208 = LINE('',#4209,#4210);
#4209 = CARTESIAN_POINT('',(-12.65,-32.3,1.6));
#4210 = VECTOR('',#4211,1.);
#4211 = DIRECTION('',(0.,1.,0.));
#4212 = PCURVE('',#2768,#4213);
#4213 = DEFINITIONAL_REPRESENTATION('',(#4214),#4218);
#4214 = LINE('',#4215,#4216);
#4215 = CARTESIAN_POINT('',(3.4,1.5));
#4216 = VECTOR('',#4217,1.);
#4217 = DIRECTION('',(0.,1.));
#4218 = ( GEOMETRIC_REPRESENTATION_CONTEXT(2)
PARAMETRIC_REPRESENTATION_CONTEXT() REPRESENTATION_CONTEXT('2D SPACE',''
  ) );
#4219 = PCURVE('',#4220,#4225);
#4220 = PLANE('',#4221);
#4221 = AXIS2_PLACEMENT_3D('',#4222,#4223,#4224);
#4222 = CARTESIAN_POINT('',(-12.65,-32.3,1.6));
#4223 = DIRECTION('',(1.,0.,0.));
#4224 = DIRECTION('',(0.,0.,1.));
#4225 = DEFINITIONAL_REPRESENTATION('',(#4226),#4230);
#4226 = LINE('',#4227,#4228);
#4227 = CARTESIAN_POINT('',(0.,0.));
#4228 = VECTOR('',#4229,1.);
#4229 = DIRECTION('',(0.,-1.));
#4230 = ( GEOMETRIC_REPRESENTATION_CONTEXT(2)
PARAMETRIC_REPRESENTATION_CONTEXT() REPRESENTATION_CONTEXT('2D SPACE',''
  ) );
#4231 = ORIENTED_EDGE('',*,*,#4232,.F.);
#4232 = EDGE_CURVE('',#4147,#4205,#4233,.T.);
#4233 = SURFACE_CURVE('',#4234,(#4238,#4245),.PCURVE_S1.);
#4234 = LINE('',#4235,#4236);
#4235 = CARTESIAN_POINT('',(-15.05,-32.3,1.6));
#4236 = VECTOR('',#4237,1.);
#4237 = DIRECTION('',(1.,0.,0.));
#4238 = PCURVE('',#2768,#4239);
#4239 = DEFINITIONAL_REPRESENTATION('',(#4240),#4244);
#4240 = LINE('',#4241,#4242);
#4241 = CARTESIAN_POINT('',(1.,1.5));
#4242 = VECTOR('',#4243,1.);
#4243 = DIRECTION('',(1.,0.));
#4244 = ( GEOMETRIC_REPRESENTATION_CONTEXT(2)
PARAMETRIC_REPRESENTATION_CONTEXT() REPRESENTATION_CONTEXT('2D SPACE',''
  ) );
#4245 = PCURVE('',#4246,#4251);
#4246 = PLANE('',#4247);
#4247 = AXIS2_PLACEMENT_3D('',#4248,#4249,#4250);
#4248 = CARTESIAN_POINT('',(-15.05,-32.3,1.6));
#4249 = DIRECTION('',(0.,1.,0.));
#4250 = DIRECTION('',(0.,0.,1.));
#4251 = DEFINITIONAL_REPRESENTATION('',(#4252),#4256);
#4252 = LINE('',#4253,#4254);
#4253 = CARTESIAN_POINT('',(0.,0.));
#4254 = VECTOR('',#4255,1.);
#4255 = DIRECTION('',(0.,1.));
#4256 = ( GEOMETRIC_REPRESENTATION_CONTEXT(2)
PARAMETRIC_REPRESENTATION_CONTEXT() REPRESENTATION_CONTEXT('2D SPACE',''
  ) );
#4257 = FACE_BOUND('',#4258,.T.);
#4258 = EDGE_LOOP('',(#4259,#4289,#4317,#4345));
#4259 = ORIENTED_EDGE('',*,*,#4260,.T.);
#4260 = EDGE_CURVE('',#4261,#4263,#4265,.T.);
#4261 = VERTEX_POINT('',#4262);
#4262 = CARTESIAN_POINT('',(12.65,-32.3,1.6));
#4263 = VERTEX_POINT('',#4264);
#4264 = CARTESIAN_POINT('',(12.65,-27.3,1.6));
#4265 = SURFACE_CURVE('',#4266,(#4270,#4277),.PCURVE_S1.);
#4266 = LINE('',#4267,#4268);
#4267 = CARTESIAN_POINT('',(12.65,-32.3,1.6));
#4268 = VECTOR('',#4269,1.);
#4269 = DIRECTION('',(0.,1.,0.));
#4270 = PCURVE('',#2768,#4271);
#4271 = DEFINITIONAL_REPRESENTATION('',(#4272),#4276);
#4272 = LINE('',#4273,#4274);
#4273 = CARTESIAN_POINT('',(28.7,1.5));
#4274 = VECTOR('',#4275,1.);
#4275 = DIRECTION('',(0.,1.));
#4276 = ( GEOMETRIC_REPRESENTATION_CONTEXT(2)
PARAMETRIC_REPRESENTATION_CONTEXT() REPRESENTATION_CONTEXT('2D SPACE',''
  ) );
#4277 = PCURVE('',#4278,#4283);
#4278 = PLANE('',#4279);
#4279 = AXIS2_PLACEMENT_3D('',#4280,#4281,#4282);
#4280 = CARTESIAN_POINT('',(12.65,-32.3,1.6));
#4281 = DIRECTION('',(1.,0.,0.));
#4282 = DIRECTION('',(0.,0.,1.));
#4283 = DEFINITIONAL_REPRESENTATION('',(#4284),#4288);
#4284 = LINE('',#4285,#4286);
#4285 = CARTESIAN_POINT('',(0.,0.));
#4286 = VECTOR('',#4287,1.);
#4287 = DIRECTION('',(0.,-1.));
#4288 = ( GEOMETRIC_REPRESENTATION_CONTEXT(2)
PARAMETRIC_REPRESENTATION_CONTEXT() REPRESENTATION_CONTEXT('2D SPACE',''
  ) );
#4289 = ORIENTED_EDGE('',*,*,#4290,.T.);
#4290 = EDGE_CURVE('',#4263,#4291,#4293,.T.);
#4291 = VERTEX_POINT('',#4292);
#4292 = CARTESIAN_POINT('',(15.05,-27.3,1.6));
#4293 = SURFACE_CURVE('',#4294,(#4298,#4305),.PCURVE_S1.);
#4294 = LINE('',#4295,#4296);
#4295 = CARTESIAN_POINT('',(12.65,-27.3,1.6));
#4296 = VECTOR('',#4297,1.);
#4297 = DIRECTION('',(1.,0.,0.));
#4298 = PCURVE('',#2768,#4299);
#4299 = DEFINITIONAL_REPRESENTATION('',(#4300),#4304);
#4300 = LINE('',#4301,#4302);
#4301 = CARTESIAN_POINT('',(28.7,6.5));
#4302 = VECTOR('',#4303,1.);
#4303 = DIRECTION('',(1.,0.));
#4304 = ( GEOMETRIC_REPRESENTATION_CONTEXT(2)
PARAMETRIC_REPRESENTATION_CONTEXT() REPRESENTATION_CONTEXT('2D SPACE',''
  ) );
#4305 = PCURVE('',#4306,#4311);
#4306 = PLANE('',#4307);
#4307 = AXIS2_PLACEMENT_3D('',#4308,#4309,#4310);
#4308 = CARTESIAN_POINT('',(12.65,-27.3,1.6));
#4309 = DIRECTION('',(0.,1.,0.));
#4310 = DIRECTION('',(0.,0.,1.));
#4311 = DEFINITIONAL_REPRESENTATION('',(#4312),#4316);
#4312 = LINE('',#4313,#4314);
#4313 = CARTESIAN_POINT('',(0.,0.));
#4314 = VECTOR('',#4315,1.);
#4315 = DIRECTION('',(0.,1.));
#4316 = ( GEOMETRIC_REPRESENTATION_CONTEXT(2)
PARAMETRIC_REPRESENTATION_CONTEXT() REPRESENTATION_CONTEXT('2D SPACE',''
  ) );
#4317 = ORIENTED_EDGE('',*,*,#4318,.F.);
#4318 = EDGE_CURVE('',#4319,#4291,#4321,.T.);
#4319 = VERTEX_POINT('',#4320);
#4320 = CARTESIAN_POINT('',(15.05,-32.3,1.6));
#4321 = SURFACE_CURVE('',#4322,(#4326,#4333),.PCURVE_S1.);
#4322 = LINE('',#4323,#4324);
#4323 = CARTESIAN_POINT('',(15.05,-32.3,1.6));
#4324 = VECTOR('',#4325,1.);
#4325 = DIRECTION('',(0.,1.,0.));
#4326 = PCURVE('',#2768,#4327);
#4327 = DEFINITIONAL_REPRESENTATION('',(#4328),#4332);
#4328 = LINE('',#4329,#4330);
#4329 = CARTESIAN_POINT('',(31.1,1.5));
#4330 = VECTOR('',#4331,1.);
#4331 = DIRECTION('',(0.,1.));
#4332 = ( GEOMETRIC_REPRESENTATION_CONTEXT(2)
PARAMETRIC_REPRESENTATION_CONTEXT() REPRESENTATION_CONTEXT('2D SPACE',''
  ) );
#4333 = PCURVE('',#4334,#4339);
#4334 = PLANE('',#4335);
#4335 = AXIS2_PLACEMENT_3D('',#4336,#4337,#4338);
#4336 = CARTESIAN_POINT('',(15.05,-32.3,1.6));
#4337 = DIRECTION('',(1.,0.,0.));
#4338 = DIRECTION('',(0.,0.,1.));
#4339 = DEFINITIONAL_REPRESENTATION('',(#4340),#4344);
#4340 = LINE('',#4341,#4342);
#4341 = CARTESIAN_POINT('',(0.,0.));
#4342 = VECTOR('',#4343,1.);
#4343 = DIRECTION('',(0.,-1.));
#4344 = ( GEOMETRIC_REPRESENTATION_CONTEXT(2)
PARAMETRIC_REPRESENTATION_CONTEXT() REPRESENTATION_CONTEXT('2D SPACE',''
  ) );
#4345 = ORIENTED_EDGE('',*,*,#4346,.F.);
#4346 = EDGE_CURVE('',#4261,#4319,#4347,.T.);
#4347 = SURFACE_CURVE('',#4348,(#4352,#4359),.PCURVE_S1.);
#4348 = LINE('',#4349,#4350);
#4349 = CARTESIAN_POINT('',(12.65,-32.3,1.6));
#4350 = VECTOR('',#4351,1.);
#4351 = DIRECTION('',(1.,0.,0.));
#4352 = PCURVE('',#2768,#4353);
#4353 = DEFINITIONAL_REPRESENTATION('',(#4354),#4358);
#4354 = LINE('',#4355,#4356);
#4355 = CARTESIAN_POINT('',(28.7,1.5));
#4356 = VECTOR('',#4357,1.);
#4357 = DIRECTION('',(1.,0.));
#4358 = ( GEOMETRIC_REPRESENTATION_CONTEXT(2)
PARAMETRIC_REPRESENTATION_CONTEXT() REPRESENTATION_CONTEXT('2D SPACE',''
  ) );
#4359 = PCURVE('',#4360,#4365);
#4360 = PLANE('',#4361);
#4361 = AXIS2_PLACEMENT_3D('',#4362,#4363,#4364);
#4362 = CARTESIAN_POINT('',(12.65,-32.3,1.6));
#4363 = DIRECTION('',(0.,1.,0.));
#4364 = DIRECTION('',(0.,0.,1.));
#4365 = DEFINITIONAL_REPRESENTATION('',(#4366),#4370);
#4366 = LINE('',#4367,#4368);
#4367 = CARTESIAN_POINT('',(0.,0.));
#4368 = VECTOR('',#4369,1.);
#4369 = DIRECTION('',(0.,1.));
#4370 = ( GEOMETRIC_REPRESENTATION_CONTEXT(2)
PARAMETRIC_REPRESENTATION_CONTEXT() REPRESENTATION_CONTEXT('2D SPACE',''
  ) );
#4371 = FACE_BOUND('',#4372,.T.);
#4372 = EDGE_LOOP('',(#4373,#4403,#4431,#4459));
#4373 = ORIENTED_EDGE('',*,*,#4374,.T.);
#4374 = EDGE_CURVE('',#4375,#4377,#4379,.T.);
#4375 = VERTEX_POINT('',#4376);
#4376 = CARTESIAN_POINT('',(-15.05,27.3,1.6));
#4377 = VERTEX_POINT('',#4378);
#4378 = CARTESIAN_POINT('',(-15.05,32.3,1.6));
#4379 = SURFACE_CURVE('',#4380,(#4384,#4391),.PCURVE_S1.);
#4380 = LINE('',#4381,#4382);
#4381 = CARTESIAN_POINT('',(-15.05,27.3,1.6));
#4382 = VECTOR('',#4383,1.);
#4383 = DIRECTION('',(0.,1.,0.));
#4384 = PCURVE('',#2768,#4385);
#4385 = DEFINITIONAL_REPRESENTATION('',(#4386),#4390);
#4386 = LINE('',#4387,#4388);
#4387 = CARTESIAN_POINT('',(1.,61.1));
#4388 = VECTOR('',#4389,1.);
#4389 = DIRECTION('',(0.,1.));
#4390 = ( GEOMETRIC_REPRESENTATION_CONTEXT(2)
PARAMETRIC_REPRESENTATION_CONTEXT() REPRESENTATION_CONTEXT('2D SPACE',''
  ) );
#4391 = PCURVE('',#4392,#4397);
#4392 = PLANE('',#4393);
#4393 = AXIS2_PLACEMENT_3D('',#4394,#4395,#4396);
#4394 = CARTESIAN_POINT('',(-15.05,27.3,1.6));
#4395 = DIRECTION('',(1.,0.,0.));
#4396 = DIRECTION('',(0.,0.,1.));
#4397 = DEFINITIONAL_REPRESENTATION('',(#4398),#4402);
#4398 = LINE('',#4399,#4400);
#4399 = CARTESIAN_POINT('',(0.,0.));
#4400 = VECTOR('',#4401,1.);
#4401 = DIRECTION('',(0.,-1.));
#4402 = ( GEOMETRIC_REPRESENTATION_CONTEXT(2)
PARAMETRIC_REPRESENTATION_CONTEXT() REPRESENTATION_CONTEXT('2D SPACE',''
  ) );
#4403 = ORIENTED_EDGE('',*,*,#4404,.T.);
#4404 = EDGE_CURVE('',#4377,#4405,#4407,.T.);
#4405 = VERTEX_POINT('',#4406);
#4406 = CARTESIAN_POINT('',(-12.65,32.3,1.6));
#4407 = SURFACE_CURVE('',#4408,(#4412,#4419),.PCURVE_S1.);
#4408 = LINE('',#4409,#4410);
#4409 = CARTESIAN_POINT('',(-15.05,32.3,1.6));
#4410 = VECTOR('',#4411,1.);
#4411 = DIRECTION('',(1.,0.,0.));
#4412 = PCURVE('',#2768,#4413);
#4413 = DEFINITIONAL_REPRESENTATION('',(#4414),#4418);
#4414 = LINE('',#4415,#4416);
#4415 = CARTESIAN_POINT('',(1.,66.1));
#4416 = VECTOR('',#4417,1.);
#4417 = DIRECTION('',(1.,0.));
#4418 = ( GEOMETRIC_REPRESENTATION_CONTEXT(2)
PARAMETRIC_REPRESENTATION_CONTEXT() REPRESENTATION_CONTEXT('2D SPACE',''
  ) );
#4419 = PCURVE('',#4420,#4425);
#4420 = PLANE('',#4421);
#4421 = AXIS2_PLACEMENT_3D('',#4422,#4423,#4424);
#4422 = CARTESIAN_POINT('',(-15.05,32.3,1.6));
#4423 = DIRECTION('',(0.,1.,0.));
#4424 = DIRECTION('',(0.,0.,1.));
#4425 = DEFINITIONAL_REPRESENTATION('',(#4426),#4430);
#4426 = LINE('',#4427,#4428);
#4427 = CARTESIAN_POINT('',(0.,0.));
#4428 = VECTOR('',#4429,1.);
#4429 = DIRECTION('',(0.,1.));
#4430 = ( GEOMETRIC_REPRESENTATION_CONTEXT(2)
PARAMETRIC_REPRESENTATION_CONTEXT() REPRESENTATION_CONTEXT('2D SPACE',''
  ) );
#4431 = ORIENTED_EDGE('',*,*,#4432,.F.);
#4432 = EDGE_CURVE('',#4433,#4405,#4435,.T.);
#4433 = VERTEX_POINT('',#4434);
#4434 = CARTESIAN_POINT('',(-12.65,27.3,1.6));
#4435 = SURFACE_CURVE('',#4436,(#4440,#4447),.PCURVE_S1.);
#4436 = LINE('',#4437,#4438);
#4437 = CARTESIAN_POINT('',(-12.65,27.3,1.6));
#4438 = VECTOR('',#4439,1.);
#4439 = DIRECTION('',(0.,1.,0.));
#4440 = PCURVE('',#2768,#4441);
#4441 = DEFINITIONAL_REPRESENTATION('',(#4442),#4446);
#4442 = LINE('',#4443,#4444);
#4443 = CARTESIAN_POINT('',(3.4,61.1));
#4444 = VECTOR('',#4445,1.);
#4445 = DIRECTION('',(0.,1.));
#4446 = ( GEOMETRIC_REPRESENTATION_CONTEXT(2)
PARAMETRIC_REPRESENTATION_CONTEXT() REPRESENTATION_CONTEXT('2D SPACE',''
  ) );
#4447 = PCURVE('',#4448,#4453);
#4448 = PLANE('',#4449);
#4449 = AXIS2_PLACEMENT_3D('',#4450,#4451,#4452);
#4450 = CARTESIAN_POINT('',(-12.65,27.3,1.6));
#4451 = DIRECTION('',(1.,0.,0.));
#4452 = DIRECTION('',(0.,0.,1.));
#4453 = DEFINITIONAL_REPRESENTATION('',(#4454),#4458);
#4454 = LINE('',#4455,#4456);
#4455 = CARTESIAN_POINT('',(0.,0.));
#4456 = VECTOR('',#4457,1.);
#4457 = DIRECTION('',(0.,-1.));
#4458 = ( GEOMETRIC_REPRESENTATION_CONTEXT(2)
PARAMETRIC_REPRESENTATION_CONTEXT() REPRESENTATION_CONTEXT('2D SPACE',''
  ) );
#4459 = ORIENTED_EDGE('',*,*,#4460,.F.);
#4460 = EDGE_CURVE('',#4375,#4433,#4461,.T.);
#4461 = SURFACE_CURVE('',#4462,(#4466,#4473),.PCURVE_S1.);
#4462 = LINE('',#4463,#4464);
#4463 = CARTESIAN_POINT('',(-15.05,27.3,1.6));
#4464 = VECTOR('',#4465,1.);
#4465 = DIRECTION('',(1.,0.,0.));
#4466 = PCURVE('',#2768,#4467);
#4467 = DEFINITIONAL_REPRESENTATION('',(#4468),#4472);
#4468 = LINE('',#4469,#4470);
#4469 = CARTESIAN_POINT('',(1.,61.1));
#4470 = VECTOR('',#4471,1.);
#4471 = DIRECTION('',(1.,0.));
#4472 = ( GEOMETRIC_REPRESENTATION_CONTEXT(2)
PARAMETRIC_REPRESENTATION_CONTEXT() REPRESENTATION_CONTEXT('2D SPACE',''
  ) );
#4473 = PCURVE('',#4474,#4479);
#4474 = PLANE('',#4475);
#4475 = AXIS2_PLACEMENT_3D('',#4476,#4477,#4478);
#4476 = CARTESIAN_POINT('',(-15.05,27.3,1.6));
#4477 = DIRECTION('',(0.,1.,0.));
#4478 = DIRECTION('',(0.,0.,1.));
#4479 = DEFINITIONAL_REPRESENTATION('',(#4480),#4484);
#4480 = LINE('',#4481,#4482);
#4481 = CARTESIAN_POINT('',(0.,0.));
#4482 = VECTOR('',#4483,1.);
#4483 = DIRECTION('',(0.,1.));
#4484 = ( GEOMETRIC_REPRESENTATION_CONTEXT(2)
PARAMETRIC_REPRESENTATION_CONTEXT() REPRESENTATION_CONTEXT('2D SPACE',''
  ) );
#4485 = FACE_BOUND('',#4486,.T.);
#4486 = EDGE_LOOP('',(#4487,#4488,#4489,#4490));
#4487 = ORIENTED_EDGE('',*,*,#2755,.T.);
#4488 = ORIENTED_EDGE('',*,*,#2854,.T.);
#4489 = ORIENTED_EDGE('',*,*,#2879,.F.);
#4490 = ORIENTED_EDGE('',*,*,#2807,.F.);
#4491 = FACE_BOUND('',#4492,.T.);
#4492 = EDGE_LOOP('',(#4493,#4494,#4495,#4496));
#4493 = ORIENTED_EDGE('',*,*,#2948,.T.);
#4494 = ORIENTED_EDGE('',*,*,#3042,.T.);
#4495 = ORIENTED_EDGE('',*,*,#3067,.F.);
#4496 = ORIENTED_EDGE('',*,*,#2995,.F.);
#4497 = FACE_BOUND('',#4498,.T.);
#4498 = EDGE_LOOP('',(#4499,#4529,#4557,#4585));
#4499 = ORIENTED_EDGE('',*,*,#4500,.T.);
#4500 = EDGE_CURVE('',#4501,#4503,#4505,.T.);
#4501 = VERTEX_POINT('',#4502);
#4502 = CARTESIAN_POINT('',(12.65,27.3,1.6));
#4503 = VERTEX_POINT('',#4504);
#4504 = CARTESIAN_POINT('',(12.65,32.3,1.6));
#4505 = SURFACE_CURVE('',#4506,(#4510,#4517),.PCURVE_S1.);
#4506 = LINE('',#4507,#4508);
#4507 = CARTESIAN_POINT('',(12.65,27.3,1.6));
#4508 = VECTOR('',#4509,1.);
#4509 = DIRECTION('',(0.,1.,0.));
#4510 = PCURVE('',#2768,#4511);
#4511 = DEFINITIONAL_REPRESENTATION('',(#4512),#4516);
#4512 = LINE('',#4513,#4514);
#4513 = CARTESIAN_POINT('',(28.7,61.1));
#4514 = VECTOR('',#4515,1.);
#4515 = DIRECTION('',(0.,1.));
#4516 = ( GEOMETRIC_REPRESENTATION_CONTEXT(2)
PARAMETRIC_REPRESENTATION_CONTEXT() REPRESENTATION_CONTEXT('2D SPACE',''
  ) );
#4517 = PCURVE('',#4518,#4523);
#4518 = PLANE('',#4519);
#4519 = AXIS2_PLACEMENT_3D('',#4520,#4521,#4522);
#4520 = CARTESIAN_POINT('',(12.65,27.3,1.6));
#4521 = DIRECTION('',(1.,0.,0.));
#4522 = DIRECTION('',(0.,0.,1.));
#4523 = DEFINITIONAL_REPRESENTATION('',(#4524),#4528);
#4524 = LINE('',#4525,#4526);
#4525 = CARTESIAN_POINT('',(0.,0.));
#4526 = VECTOR('',#4527,1.);
#4527 = DIRECTION('',(0.,-1.));
#4528 = ( GEOMETRIC_REPRESENTATION_CONTEXT(2)
PARAMETRIC_REPRESENTATION_CONTEXT() REPRESENTATION_CONTEXT('2D SPACE',''
  ) );
#4529 = ORIENTED_EDGE('',*,*,#4530,.T.);
#4530 = EDGE_CURVE('',#4503,#4531,#4533,.T.);
#4531 = VERTEX_POINT('',#4532);
#4532 = CARTESIAN_POINT('',(15.05,32.3,1.6));
#4533 = SURFACE_CURVE('',#4534,(#4538,#4545),.PCURVE_S1.);
#4534 = LINE('',#4535,#4536);
#4535 = CARTESIAN_POINT('',(12.65,32.3,1.6));
#4536 = VECTOR('',#4537,1.);
#4537 = DIRECTION('',(1.,0.,0.));
#4538 = PCURVE('',#2768,#4539);
#4539 = DEFINITIONAL_REPRESENTATION('',(#4540),#4544);
#4540 = LINE('',#4541,#4542);
#4541 = CARTESIAN_POINT('',(28.7,66.1));
#4542 = VECTOR('',#4543,1.);
#4543 = DIRECTION('',(1.,0.));
#4544 = ( GEOMETRIC_REPRESENTATION_CONTEXT(2)
PARAMETRIC_REPRESENTATION_CONTEXT() REPRESENTATION_CONTEXT('2D SPACE',''
  ) );
#4545 = PCURVE('',#4546,#4551);
#4546 = PLANE('',#4547);
#4547 = AXIS2_PLACEMENT_3D('',#4548,#4549,#4550);
#4548 = CARTESIAN_POINT('',(12.65,32.3,1.6));
#4549 = DIRECTION('',(0.,1.,0.));
#4550 = DIRECTION('',(0.,0.,1.));
#4551 = DEFINITIONAL_REPRESENTATION('',(#4552),#4556);
#4552 = LINE('',#4553,#4554);
#4553 = CARTESIAN_POINT('',(0.,0.));
#4554 = VECTOR('',#4555,1.);
#4555 = DIRECTION('',(0.,1.));
#4556 = ( GEOMETRIC_REPRESENTATION_CONTEXT(2)
PARAMETRIC_REPRESENTATION_CONTEXT() REPRESENTATION_CONTEXT('2D SPACE',''
  ) );
#4557 = ORIENTED_EDGE('',*,*,#4558,.F.);
#4558 = EDGE_CURVE('',#4559,#4531,#4561,.T.);
#4559 = VERTEX_POINT('',#4560);
#4560 = CARTESIAN_POINT('',(15.05,27.3,1.6));
#4561 = SURFACE_CURVE('',#4562,(#4566,#4573),.PCURVE_S1.);
#4562 = LINE('',#4563,#4564);
#4563 = CARTESIAN_POINT('',(15.05,27.3,1.6));
#4564 = VECTOR('',#4565,1.);
#4565 = DIRECTION('',(0.,1.,0.));
#4566 = PCURVE('',#2768,#4567);
#4567 = DEFINITIONAL_REPRESENTATION('',(#4568),#4572);
#4568 = LINE('',#4569,#4570);
#4569 = CARTESIAN_POINT('',(31.1,61.1));
#4570 = VECTOR('',#4571,1.);
#4571 = DIRECTION('',(0.,1.));
#4572 = ( GEOMETRIC_REPRESENTATION_CONTEXT(2)
PARAMETRIC_REPRESENTATION_CONTEXT() REPRESENTATION_CONTEXT('2D SPACE',''
  ) );
#4573 = PCURVE('',#4574,#4579);
#4574 = PLANE('',#4575);
#4575 = AXIS2_PLACEMENT_3D('',#4576,#4577,#4578);
#4576 = CARTESIAN_POINT('',(15.05,27.3,1.6));
#4577 = DIRECTION('',(1.,0.,0.));
#4578 = DIRECTION('',(0.,0.,1.));
#4579 = DEFINITIONAL_REPRESENTATION('',(#4580),#4584);
#4580 = LINE('',#4581,#4582);
#4581 = CARTESIAN_POINT('',(0.,0.));
#4582 = VECTOR('',#4583,1.);
#4583 = DIRECTION('',(0.,-1.));
#4584 = ( GEOMETRIC_REPRESENTATION_CONTEXT(2)
PARAMETRIC_REPRESENTATION_CONTEXT() REPRESENTATION_CONTEXT('2D SPACE',''
  ) );
#4585 = ORIENTED_EDGE('',*,*,#4586,.F.);
#4586 = EDGE_CURVE('',#4501,#4559,#4587,.T.);
#4587 = SURFACE_CURVE('',#4588,(#4592,#4599),.PCURVE_S1.);
#4588 = LINE('',#4589,#4590);
#4589 = CARTESIAN_POINT('',(12.65,27.3,1.6));
#4590 = VECTOR('',#4591,1.);
#4591 = DIRECTION('',(1.,0.,0.));
#4592 = PCURVE('',#2768,#4593);
#4593 = DEFINITIONAL_REPRESENTATION('',(#4594),#4598);
#4594 = LINE('',#4595,#4596);
#4595 = CARTESIAN_POINT('',(28.7,61.1));
#4596 = VECTOR('',#4597,1.);
#4597 = DIRECTION('',(1.,0.));
#4598 = ( GEOMETRIC_REPRESENTATION_CONTEXT(2)
PARAMETRIC_REPRESENTATION_CONTEXT() REPRESENTATION_CONTEXT('2D SPACE',''
  ) );
#4599 = PCURVE('',#4600,#4605);
#4600 = PLANE('',#4601);
#4601 = AXIS2_PLACEMENT_3D('',#4602,#4603,#4604);
#4602 = CARTESIAN_POINT('',(12.65,27.3,1.6));
#4603 = DIRECTION('',(0.,1.,0.));
#4604 = DIRECTION('',(0.,0.,1.));
#4605 = DEFINITIONAL_REPRESENTATION('',(#4606),#4610);
#4606 = LINE('',#4607,#4608);
#4607 = CARTESIAN_POINT('',(0.,0.));
#4608 = VECTOR('',#4609,1.);
#4609 = DIRECTION('',(0.,1.));
#4610 = ( GEOMETRIC_REPRESENTATION_CONTEXT(2)
PARAMETRIC_REPRESENTATION_CONTEXT() REPRESENTATION_CONTEXT('2D SPACE',''
  ) );
#4611 = ADVANCED_FACE('',(#4612),#3257,.F.);
#4612 = FACE_BOUND('',#4613,.F.);
#4613 = EDGE_LOOP('',(#4614,#4615,#4616,#4639));
#4614 = ORIENTED_EDGE('',*,*,#3241,.F.);
#4615 = ORIENTED_EDGE('',*,*,#3923,.T.);
#4616 = ORIENTED_EDGE('',*,*,#4617,.T.);
#4617 = EDGE_CURVE('',#3924,#4618,#4620,.T.);
#4618 = VERTEX_POINT('',#4619);
#4619 = CARTESIAN_POINT('',(-12.75,-33.,2.8));
#4620 = SURFACE_CURVE('',#4621,(#4625,#4632),.PCURVE_S1.);
#4621 = LINE('',#4622,#4623);
#4622 = CARTESIAN_POINT('',(-12.75,-33.,1.6));
#4623 = VECTOR('',#4624,1.);
#4624 = DIRECTION('',(0.,0.,1.));
#4625 = PCURVE('',#3257,#4626);
#4626 = DEFINITIONAL_REPRESENTATION('',(#4627),#4631);
#4627 = LINE('',#4628,#4629);
#4628 = CARTESIAN_POINT('',(0.,-0.8));
#4629 = VECTOR('',#4630,1.);
#4630 = DIRECTION('',(1.,0.));
#4631 = ( GEOMETRIC_REPRESENTATION_CONTEXT(2)
PARAMETRIC_REPRESENTATION_CONTEXT() REPRESENTATION_CONTEXT('2D SPACE',''
  ) );
#4632 = PCURVE('',#3962,#4633);
#4633 = DEFINITIONAL_REPRESENTATION('',(#4634),#4638);
#4634 = LINE('',#4635,#4636);
#4635 = CARTESIAN_POINT('',(0.,0.));
#4636 = VECTOR('',#4637,1.);
#4637 = DIRECTION('',(1.,0.));
#4638 = ( GEOMETRIC_REPRESENTATION_CONTEXT(2)
PARAMETRIC_REPRESENTATION_CONTEXT() REPRESENTATION_CONTEXT('2D SPACE',''
  ) );
#4639 = ORIENTED_EDGE('',*,*,#4640,.F.);
#4640 = EDGE_CURVE('',#3214,#4618,#4641,.T.);
#4641 = SURFACE_CURVE('',#4642,(#4646,#4653),.PCURVE_S1.);
#4642 = LINE('',#4643,#4644);
#4643 = CARTESIAN_POINT('',(-12.75,-33.8,2.8));
#4644 = VECTOR('',#4645,1.);
#4645 = DIRECTION('',(0.,1.,0.));
#4646 = PCURVE('',#3257,#4647);
#4647 = DEFINITIONAL_REPRESENTATION('',(#4648),#4652);
#4648 = LINE('',#4649,#4650);
#4649 = CARTESIAN_POINT('',(1.2,0.));
#4650 = VECTOR('',#4651,1.);
#4651 = DIRECTION('',(0.,-1.));
#4652 = ( GEOMETRIC_REPRESENTATION_CONTEXT(2)
PARAMETRIC_REPRESENTATION_CONTEXT() REPRESENTATION_CONTEXT('2D SPACE',''
  ) );
#4653 = PCURVE('',#3229,#4654);
#4654 = DEFINITIONAL_REPRESENTATION('',(#4655),#4659);
#4655 = LINE('',#4656,#4657);
#4656 = CARTESIAN_POINT('',(0.,0.));
#4657 = VECTOR('',#4658,1.);
#4658 = DIRECTION('',(0.,1.));
#4659 = ( GEOMETRIC_REPRESENTATION_CONTEXT(2)
PARAMETRIC_REPRESENTATION_CONTEXT() REPRESENTATION_CONTEXT('2D SPACE',''
  ) );
#4660 = ADVANCED_FACE('',(#4661),#3229,.T.);
#4661 = FACE_BOUND('',#4662,.T.);
#4662 = EDGE_LOOP('',(#4663,#4664,#4665,#4688));
#4663 = ORIENTED_EDGE('',*,*,#4640,.F.);
#4664 = ORIENTED_EDGE('',*,*,#3213,.T.);
#4665 = ORIENTED_EDGE('',*,*,#4666,.T.);
#4666 = EDGE_CURVE('',#3186,#4667,#4669,.T.);
#4667 = VERTEX_POINT('',#4668);
#4668 = CARTESIAN_POINT('',(12.75,-33.,2.8));
#4669 = SURFACE_CURVE('',#4670,(#4674,#4681),.PCURVE_S1.);
#4670 = LINE('',#4671,#4672);
#4671 = CARTESIAN_POINT('',(12.75,-33.8,2.8));
#4672 = VECTOR('',#4673,1.);
#4673 = DIRECTION('',(0.,1.,0.));
#4674 = PCURVE('',#3229,#4675);
#4675 = DEFINITIONAL_REPRESENTATION('',(#4676),#4680);
#4676 = LINE('',#4677,#4678);
#4677 = CARTESIAN_POINT('',(25.5,0.));
#4678 = VECTOR('',#4679,1.);
#4679 = DIRECTION('',(0.,1.));
#4680 = ( GEOMETRIC_REPRESENTATION_CONTEXT(2)
PARAMETRIC_REPRESENTATION_CONTEXT() REPRESENTATION_CONTEXT('2D SPACE',''
  ) );
#4681 = PCURVE('',#3201,#4682);
#4682 = DEFINITIONAL_REPRESENTATION('',(#4683),#4687);
#4683 = LINE('',#4684,#4685);
#4684 = CARTESIAN_POINT('',(1.2,0.));
#4685 = VECTOR('',#4686,1.);
#4686 = DIRECTION('',(0.,-1.));
#4687 = ( GEOMETRIC_REPRESENTATION_CONTEXT(2)
PARAMETRIC_REPRESENTATION_CONTEXT() REPRESENTATION_CONTEXT('2D SPACE',''
  ) );
#4688 = ORIENTED_EDGE('',*,*,#4689,.F.);
#4689 = EDGE_CURVE('',#4618,#4667,#4690,.T.);
#4690 = SURFACE_CURVE('',#4691,(#4695,#4702),.PCURVE_S1.);
#4691 = LINE('',#4692,#4693);
#4692 = CARTESIAN_POINT('',(-12.75,-33.,2.8));
#4693 = VECTOR('',#4694,1.);
#4694 = DIRECTION('',(1.,0.,0.));
#4695 = PCURVE('',#3229,#4696);
#4696 = DEFINITIONAL_REPRESENTATION('',(#4697),#4701);
#4697 = LINE('',#4698,#4699);
#4698 = CARTESIAN_POINT('',(0.,0.8));
#4699 = VECTOR('',#4700,1.);
#4700 = DIRECTION('',(1.,0.));
#4701 = ( GEOMETRIC_REPRESENTATION_CONTEXT(2)
PARAMETRIC_REPRESENTATION_CONTEXT() REPRESENTATION_CONTEXT('2D SPACE',''
  ) );
#4702 = PCURVE('',#3962,#4703);
#4703 = DEFINITIONAL_REPRESENTATION('',(#4704),#4708);
#4704 = LINE('',#4705,#4706);
#4705 = CARTESIAN_POINT('',(1.2,0.));
#4706 = VECTOR('',#4707,1.);
#4707 = DIRECTION('',(0.,1.));
#4708 = ( GEOMETRIC_REPRESENTATION_CONTEXT(2)
PARAMETRIC_REPRESENTATION_CONTEXT() REPRESENTATION_CONTEXT('2D SPACE',''
  ) );
#4709 = ADVANCED_FACE('',(#4710),#3201,.T.);
#4710 = FACE_BOUND('',#4711,.T.);
#4711 = EDGE_LOOP('',(#4712,#4713,#4714,#4735));
#4712 = ORIENTED_EDGE('',*,*,#3185,.F.);
#4713 = ORIENTED_EDGE('',*,*,#3974,.T.);
#4714 = ORIENTED_EDGE('',*,*,#4715,.T.);
#4715 = EDGE_CURVE('',#3947,#4667,#4716,.T.);
#4716 = SURFACE_CURVE('',#4717,(#4721,#4728),.PCURVE_S1.);
#4717 = LINE('',#4718,#4719);
#4718 = CARTESIAN_POINT('',(12.75,-33.,1.6));
#4719 = VECTOR('',#4720,1.);
#4720 = DIRECTION('',(0.,0.,1.));
#4721 = PCURVE('',#3201,#4722);
#4722 = DEFINITIONAL_REPRESENTATION('',(#4723),#4727);
#4723 = LINE('',#4724,#4725);
#4724 = CARTESIAN_POINT('',(0.,-0.8));
#4725 = VECTOR('',#4726,1.);
#4726 = DIRECTION('',(1.,0.));
#4727 = ( GEOMETRIC_REPRESENTATION_CONTEXT(2)
PARAMETRIC_REPRESENTATION_CONTEXT() REPRESENTATION_CONTEXT('2D SPACE',''
  ) );
#4728 = PCURVE('',#3962,#4729);
#4729 = DEFINITIONAL_REPRESENTATION('',(#4730),#4734);
#4730 = LINE('',#4731,#4732);
#4731 = CARTESIAN_POINT('',(0.,25.5));
#4732 = VECTOR('',#4733,1.);
#4733 = DIRECTION('',(1.,0.));
#4734 = ( GEOMETRIC_REPRESENTATION_CONTEXT(2)
PARAMETRIC_REPRESENTATION_CONTEXT() REPRESENTATION_CONTEXT('2D SPACE',''
  ) );
#4735 = ORIENTED_EDGE('',*,*,#4666,.F.);
#4736 = ADVANCED_FACE('',(#4737),#3413,.T.);
#4737 = FACE_BOUND('',#4738,.T.);
#4738 = EDGE_LOOP('',(#4739,#4740,#4763,#4784));
#4739 = ORIENTED_EDGE('',*,*,#4048,.F.);
#4740 = ORIENTED_EDGE('',*,*,#4741,.T.);
#4741 = EDGE_CURVE('',#4021,#4742,#4744,.T.);
#4742 = VERTEX_POINT('',#4743);
#4743 = CARTESIAN_POINT('',(15.25,8.,2.8));
#4744 = SURFACE_CURVE('',#4745,(#4749,#4756),.PCURVE_S1.);
#4745 = LINE('',#4746,#4747);
#4746 = CARTESIAN_POINT('',(15.25,8.,1.6));
#4747 = VECTOR('',#4748,1.);
#4748 = DIRECTION('',(0.,0.,1.));
#4749 = PCURVE('',#3413,#4750);
#4750 = DEFINITIONAL_REPRESENTATION('',(#4751),#4755);
#4751 = LINE('',#4752,#4753);
#4752 = CARTESIAN_POINT('',(0.,0.));
#4753 = VECTOR('',#4754,1.);
#4754 = DIRECTION('',(1.,0.));
#4755 = ( GEOMETRIC_REPRESENTATION_CONTEXT(2)
PARAMETRIC_REPRESENTATION_CONTEXT() REPRESENTATION_CONTEXT('2D SPACE',''
  ) );
#4756 = PCURVE('',#4036,#4757);
#4757 = DEFINITIONAL_REPRESENTATION('',(#4758),#4762);
#4758 = LINE('',#4759,#4760);
#4759 = CARTESIAN_POINT('',(0.,-40.));
#4760 = VECTOR('',#4761,1.);
#4761 = DIRECTION('',(1.,0.));
#4762 = ( GEOMETRIC_REPRESENTATION_CONTEXT(2)
PARAMETRIC_REPRESENTATION_CONTEXT() REPRESENTATION_CONTEXT('2D SPACE',''
  ) );
#4763 = ORIENTED_EDGE('',*,*,#4764,.T.);
#4764 = EDGE_CURVE('',#4742,#3370,#4765,.T.);
#4765 = SURFACE_CURVE('',#4766,(#4770,#4777),.PCURVE_S1.);
#4766 = LINE('',#4767,#4768);
#4767 = CARTESIAN_POINT('',(15.25,8.,2.8));
#4768 = VECTOR('',#4769,1.);
#4769 = DIRECTION('',(1.,0.,0.));
#4770 = PCURVE('',#3413,#4771);
#4771 = DEFINITIONAL_REPRESENTATION('',(#4772),#4776);
#4772 = LINE('',#4773,#4774);
#4773 = CARTESIAN_POINT('',(1.2,0.));
#4774 = VECTOR('',#4775,1.);
#4775 = DIRECTION('',(0.,1.));
#4776 = ( GEOMETRIC_REPRESENTATION_CONTEXT(2)
PARAMETRIC_REPRESENTATION_CONTEXT() REPRESENTATION_CONTEXT('2D SPACE',''
  ) );
#4777 = PCURVE('',#3385,#4778);
#4778 = DEFINITIONAL_REPRESENTATION('',(#4779),#4783);
#4779 = LINE('',#4780,#4781);
#4780 = CARTESIAN_POINT('',(0.,40.));
#4781 = VECTOR('',#4782,1.);
#4782 = DIRECTION('',(1.,0.));
#4783 = ( GEOMETRIC_REPRESENTATION_CONTEXT(2)
PARAMETRIC_REPRESENTATION_CONTEXT() REPRESENTATION_CONTEXT('2D SPACE',''
  ) );
#4784 = ORIENTED_EDGE('',*,*,#3397,.F.);
#4785 = ADVANCED_FACE('',(#4786),#3385,.T.);
#4786 = FACE_BOUND('',#4787,.T.);
#4787 = EDGE_LOOP('',(#4788,#4811,#4832,#4833));
#4788 = ORIENTED_EDGE('',*,*,#4789,.F.);
#4789 = EDGE_CURVE('',#4790,#4742,#4792,.T.);
#4790 = VERTEX_POINT('',#4791);
#4791 = CARTESIAN_POINT('',(15.25,-32.,2.8));
#4792 = SURFACE_CURVE('',#4793,(#4797,#4804),.PCURVE_S1.);
#4793 = LINE('',#4794,#4795);
#4794 = CARTESIAN_POINT('',(15.25,-32.,2.8));
#4795 = VECTOR('',#4796,1.);
#4796 = DIRECTION('',(0.,1.,0.));
#4797 = PCURVE('',#3385,#4798);
#4798 = DEFINITIONAL_REPRESENTATION('',(#4799),#4803);
#4799 = LINE('',#4800,#4801);
#4800 = CARTESIAN_POINT('',(0.,0.));
#4801 = VECTOR('',#4802,1.);
#4802 = DIRECTION('',(0.,1.));
#4803 = ( GEOMETRIC_REPRESENTATION_CONTEXT(2)
PARAMETRIC_REPRESENTATION_CONTEXT() REPRESENTATION_CONTEXT('2D SPACE',''
  ) );
#4804 = PCURVE('',#4036,#4805);
#4805 = DEFINITIONAL_REPRESENTATION('',(#4806),#4810);
#4806 = LINE('',#4807,#4808);
#4807 = CARTESIAN_POINT('',(1.2,0.));
#4808 = VECTOR('',#4809,1.);
#4809 = DIRECTION('',(0.,-1.));
#4810 = ( GEOMETRIC_REPRESENTATION_CONTEXT(2)
PARAMETRIC_REPRESENTATION_CONTEXT() REPRESENTATION_CONTEXT('2D SPACE',''
  ) );
#4811 = ORIENTED_EDGE('',*,*,#4812,.T.);
#4812 = EDGE_CURVE('',#4790,#3342,#4813,.T.);
#4813 = SURFACE_CURVE('',#4814,(#4818,#4825),.PCURVE_S1.);
#4814 = LINE('',#4815,#4816);
#4815 = CARTESIAN_POINT('',(15.25,-32.,2.8));
#4816 = VECTOR('',#4817,1.);
#4817 = DIRECTION('',(1.,0.,0.));
#4818 = PCURVE('',#3385,#4819);
#4819 = DEFINITIONAL_REPRESENTATION('',(#4820),#4824);
#4820 = LINE('',#4821,#4822);
#4821 = CARTESIAN_POINT('',(0.,0.));
#4822 = VECTOR('',#4823,1.);
#4823 = DIRECTION('',(1.,0.));
#4824 = ( GEOMETRIC_REPRESENTATION_CONTEXT(2)
PARAMETRIC_REPRESENTATION_CONTEXT() REPRESENTATION_CONTEXT('2D SPACE',''
  ) );
#4825 = PCURVE('',#3357,#4826);
#4826 = DEFINITIONAL_REPRESENTATION('',(#4827),#4831);
#4827 = LINE('',#4828,#4829);
#4828 = CARTESIAN_POINT('',(1.2,0.));
#4829 = VECTOR('',#4830,1.);
#4830 = DIRECTION('',(0.,1.));
#4831 = ( GEOMETRIC_REPRESENTATION_CONTEXT(2)
PARAMETRIC_REPRESENTATION_CONTEXT() REPRESENTATION_CONTEXT('2D SPACE',''
  ) );
#4832 = ORIENTED_EDGE('',*,*,#3369,.T.);
#4833 = ORIENTED_EDGE('',*,*,#4764,.F.);
#4834 = ADVANCED_FACE('',(#4835),#3357,.F.);
#4835 = FACE_BOUND('',#4836,.F.);
#4836 = EDGE_LOOP('',(#4837,#4838,#4859,#4860));
#4837 = ORIENTED_EDGE('',*,*,#3997,.F.);
#4838 = ORIENTED_EDGE('',*,*,#4839,.T.);
#4839 = EDGE_CURVE('',#3998,#4790,#4840,.T.);
#4840 = SURFACE_CURVE('',#4841,(#4845,#4852),.PCURVE_S1.);
#4841 = LINE('',#4842,#4843);
#4842 = CARTESIAN_POINT('',(15.25,-32.,1.6));
#4843 = VECTOR('',#4844,1.);
#4844 = DIRECTION('',(0.,0.,1.));
#4845 = PCURVE('',#3357,#4846);
#4846 = DEFINITIONAL_REPRESENTATION('',(#4847),#4851);
#4847 = LINE('',#4848,#4849);
#4848 = CARTESIAN_POINT('',(0.,0.));
#4849 = VECTOR('',#4850,1.);
#4850 = DIRECTION('',(1.,0.));
#4851 = ( GEOMETRIC_REPRESENTATION_CONTEXT(2)
PARAMETRIC_REPRESENTATION_CONTEXT() REPRESENTATION_CONTEXT('2D SPACE',''
  ) );
#4852 = PCURVE('',#4036,#4853);
#4853 = DEFINITIONAL_REPRESENTATION('',(#4854),#4858);
#4854 = LINE('',#4855,#4856);
#4855 = CARTESIAN_POINT('',(0.,0.));
#4856 = VECTOR('',#4857,1.);
#4857 = DIRECTION('',(1.,0.));
#4858 = ( GEOMETRIC_REPRESENTATION_CONTEXT(2)
PARAMETRIC_REPRESENTATION_CONTEXT() REPRESENTATION_CONTEXT('2D SPACE',''
  ) );
#4859 = ORIENTED_EDGE('',*,*,#4812,.T.);
#4860 = ORIENTED_EDGE('',*,*,#3341,.F.);
#4861 = ADVANCED_FACE('',(#4862),#3569,.T.);
#4862 = FACE_BOUND('',#4863,.T.);
#4863 = EDGE_LOOP('',(#4864,#4865,#4866,#4889));
#4864 = ORIENTED_EDGE('',*,*,#4072,.F.);
#4865 = ORIENTED_EDGE('',*,*,#3553,.T.);
#4866 = ORIENTED_EDGE('',*,*,#4867,.T.);
#4867 = EDGE_CURVE('',#3526,#4868,#4870,.T.);
#4868 = VERTEX_POINT('',#4869);
#4869 = CARTESIAN_POINT('',(-15.25,8.,2.8));
#4870 = SURFACE_CURVE('',#4871,(#4875,#4882),.PCURVE_S1.);
#4871 = LINE('',#4872,#4873);
#4872 = CARTESIAN_POINT('',(-16.05,8.,2.8));
#4873 = VECTOR('',#4874,1.);
#4874 = DIRECTION('',(1.,0.,0.));
#4875 = PCURVE('',#3569,#4876);
#4876 = DEFINITIONAL_REPRESENTATION('',(#4877),#4881);
#4877 = LINE('',#4878,#4879);
#4878 = CARTESIAN_POINT('',(1.2,0.));
#4879 = VECTOR('',#4880,1.);
#4880 = DIRECTION('',(0.,1.));
#4881 = ( GEOMETRIC_REPRESENTATION_CONTEXT(2)
PARAMETRIC_REPRESENTATION_CONTEXT() REPRESENTATION_CONTEXT('2D SPACE',''
  ) );
#4882 = PCURVE('',#3541,#4883);
#4883 = DEFINITIONAL_REPRESENTATION('',(#4884),#4888);
#4884 = LINE('',#4885,#4886);
#4885 = CARTESIAN_POINT('',(0.,40.));
#4886 = VECTOR('',#4887,1.);
#4887 = DIRECTION('',(1.,0.));
#4888 = ( GEOMETRIC_REPRESENTATION_CONTEXT(2)
PARAMETRIC_REPRESENTATION_CONTEXT() REPRESENTATION_CONTEXT('2D SPACE',''
  ) );
#4889 = ORIENTED_EDGE('',*,*,#4890,.F.);
#4890 = EDGE_CURVE('',#4073,#4868,#4891,.T.);
#4891 = SURFACE_CURVE('',#4892,(#4896,#4903),.PCURVE_S1.);
#4892 = LINE('',#4893,#4894);
#4893 = CARTESIAN_POINT('',(-15.25,8.,1.6));
#4894 = VECTOR('',#4895,1.);
#4895 = DIRECTION('',(0.,0.,1.));
#4896 = PCURVE('',#3569,#4897);
#4897 = DEFINITIONAL_REPRESENTATION('',(#4898),#4902);
#4898 = LINE('',#4899,#4900);
#4899 = CARTESIAN_POINT('',(0.,0.8));
#4900 = VECTOR('',#4901,1.);
#4901 = DIRECTION('',(1.,0.));
#4902 = ( GEOMETRIC_REPRESENTATION_CONTEXT(2)
PARAMETRIC_REPRESENTATION_CONTEXT() REPRESENTATION_CONTEXT('2D SPACE',''
  ) );
#4903 = PCURVE('',#4111,#4904);
#4904 = DEFINITIONAL_REPRESENTATION('',(#4905),#4909);
#4905 = LINE('',#4906,#4907);
#4906 = CARTESIAN_POINT('',(0.,-40.));
#4907 = VECTOR('',#4908,1.);
#4908 = DIRECTION('',(1.,0.));
#4909 = ( GEOMETRIC_REPRESENTATION_CONTEXT(2)
PARAMETRIC_REPRESENTATION_CONTEXT() REPRESENTATION_CONTEXT('2D SPACE',''
  ) );
#4910 = ADVANCED_FACE('',(#4911),#3541,.T.);
#4911 = FACE_BOUND('',#4912,.T.);
#4912 = EDGE_LOOP('',(#4913,#4914,#4937,#4958));
#4913 = ORIENTED_EDGE('',*,*,#3525,.F.);
#4914 = ORIENTED_EDGE('',*,*,#4915,.T.);
#4915 = EDGE_CURVE('',#3498,#4916,#4918,.T.);
#4916 = VERTEX_POINT('',#4917);
#4917 = CARTESIAN_POINT('',(-15.25,-32.,2.8));
#4918 = SURFACE_CURVE('',#4919,(#4923,#4930),.PCURVE_S1.);
#4919 = LINE('',#4920,#4921);
#4920 = CARTESIAN_POINT('',(-16.05,-32.,2.8));
#4921 = VECTOR('',#4922,1.);
#4922 = DIRECTION('',(1.,0.,0.));
#4923 = PCURVE('',#3541,#4924);
#4924 = DEFINITIONAL_REPRESENTATION('',(#4925),#4929);
#4925 = LINE('',#4926,#4927);
#4926 = CARTESIAN_POINT('',(0.,0.));
#4927 = VECTOR('',#4928,1.);
#4928 = DIRECTION('',(1.,0.));
#4929 = ( GEOMETRIC_REPRESENTATION_CONTEXT(2)
PARAMETRIC_REPRESENTATION_CONTEXT() REPRESENTATION_CONTEXT('2D SPACE',''
  ) );
#4930 = PCURVE('',#3513,#4931);
#4931 = DEFINITIONAL_REPRESENTATION('',(#4932),#4936);
#4932 = LINE('',#4933,#4934);
#4933 = CARTESIAN_POINT('',(1.2,0.));
#4934 = VECTOR('',#4935,1.);
#4935 = DIRECTION('',(0.,1.));
#4936 = ( GEOMETRIC_REPRESENTATION_CONTEXT(2)
PARAMETRIC_REPRESENTATION_CONTEXT() REPRESENTATION_CONTEXT('2D SPACE',''
  ) );
#4937 = ORIENTED_EDGE('',*,*,#4938,.T.);
#4938 = EDGE_CURVE('',#4916,#4868,#4939,.T.);
#4939 = SURFACE_CURVE('',#4940,(#4944,#4951),.PCURVE_S1.);
#4940 = LINE('',#4941,#4942);
#4941 = CARTESIAN_POINT('',(-15.25,-32.,2.8));
#4942 = VECTOR('',#4943,1.);
#4943 = DIRECTION('',(0.,1.,0.));
#4944 = PCURVE('',#3541,#4945);
#4945 = DEFINITIONAL_REPRESENTATION('',(#4946),#4950);
#4946 = LINE('',#4947,#4948);
#4947 = CARTESIAN_POINT('',(0.8,0.));
#4948 = VECTOR('',#4949,1.);
#4949 = DIRECTION('',(0.,1.));
#4950 = ( GEOMETRIC_REPRESENTATION_CONTEXT(2)
PARAMETRIC_REPRESENTATION_CONTEXT() REPRESENTATION_CONTEXT('2D SPACE',''
  ) );
#4951 = PCURVE('',#4111,#4952);
#4952 = DEFINITIONAL_REPRESENTATION('',(#4953),#4957);
#4953 = LINE('',#4954,#4955);
#4954 = CARTESIAN_POINT('',(1.2,0.));
#4955 = VECTOR('',#4956,1.);
#4956 = DIRECTION('',(0.,-1.));
#4957 = ( GEOMETRIC_REPRESENTATION_CONTEXT(2)
PARAMETRIC_REPRESENTATION_CONTEXT() REPRESENTATION_CONTEXT('2D SPACE',''
  ) );
#4958 = ORIENTED_EDGE('',*,*,#4867,.F.);
#4959 = ADVANCED_FACE('',(#4960),#3513,.F.);
#4960 = FACE_BOUND('',#4961,.F.);
#4961 = EDGE_LOOP('',(#4962,#4963,#4964,#4965));
#4962 = ORIENTED_EDGE('',*,*,#4123,.F.);
#4963 = ORIENTED_EDGE('',*,*,#3497,.T.);
#4964 = ORIENTED_EDGE('',*,*,#4915,.T.);
#4965 = ORIENTED_EDGE('',*,*,#4966,.F.);
#4966 = EDGE_CURVE('',#4096,#4916,#4967,.T.);
#4967 = SURFACE_CURVE('',#4968,(#4972,#4979),.PCURVE_S1.);
#4968 = LINE('',#4969,#4970);
#4969 = CARTESIAN_POINT('',(-15.25,-32.,1.6));
#4970 = VECTOR('',#4971,1.);
#4971 = DIRECTION('',(0.,0.,1.));
#4972 = PCURVE('',#3513,#4973);
#4973 = DEFINITIONAL_REPRESENTATION('',(#4974),#4978);
#4974 = LINE('',#4975,#4976);
#4975 = CARTESIAN_POINT('',(0.,0.8));
#4976 = VECTOR('',#4977,1.);
#4977 = DIRECTION('',(1.,0.));
#4978 = ( GEOMETRIC_REPRESENTATION_CONTEXT(2)
PARAMETRIC_REPRESENTATION_CONTEXT() REPRESENTATION_CONTEXT('2D SPACE',''
  ) );
#4979 = PCURVE('',#4111,#4980);
#4980 = DEFINITIONAL_REPRESENTATION('',(#4981),#4985);
#4981 = LINE('',#4982,#4983);
#4982 = CARTESIAN_POINT('',(0.,0.));
#4983 = VECTOR('',#4984,1.);
#4984 = DIRECTION('',(1.,0.));
#4985 = ( GEOMETRIC_REPRESENTATION_CONTEXT(2)
PARAMETRIC_REPRESENTATION_CONTEXT() REPRESENTATION_CONTEXT('2D SPACE',''
  ) );
#4986 = ADVANCED_FACE('',(#4987),#3745,.T.);
#4987 = FACE_BOUND('',#4988,.T.);
#4988 = EDGE_LOOP('',(#4989,#4990,#4991,#4992));
#4989 = ORIENTED_EDGE('',*,*,#3729,.F.);
#4990 = ORIENTED_EDGE('',*,*,#3881,.T.);
#4991 = ORIENTED_EDGE('',*,*,#3854,.T.);
#4992 = ORIENTED_EDGE('',*,*,#3805,.F.);
#4993 = ADVANCED_FACE('',(#4994),#4111,.T.);
#4994 = FACE_BOUND('',#4995,.T.);
#4995 = EDGE_LOOP('',(#4996,#4997,#4998,#4999));
#4996 = ORIENTED_EDGE('',*,*,#4966,.F.);
#4997 = ORIENTED_EDGE('',*,*,#4095,.T.);
#4998 = ORIENTED_EDGE('',*,*,#4890,.T.);
#4999 = ORIENTED_EDGE('',*,*,#4938,.F.);
#5000 = ADVANCED_FACE('',(#5001),#4036,.F.);
#5001 = FACE_BOUND('',#5002,.F.);
#5002 = EDGE_LOOP('',(#5003,#5004,#5005,#5006));
#5003 = ORIENTED_EDGE('',*,*,#4839,.F.);
#5004 = ORIENTED_EDGE('',*,*,#4020,.T.);
#5005 = ORIENTED_EDGE('',*,*,#4741,.T.);
#5006 = ORIENTED_EDGE('',*,*,#4789,.F.);
#5007 = ADVANCED_FACE('',(#5008),#3962,.T.);
#5008 = FACE_BOUND('',#5009,.T.);
#5009 = EDGE_LOOP('',(#5010,#5011,#5012,#5013));
#5010 = ORIENTED_EDGE('',*,*,#3946,.F.);
#5011 = ORIENTED_EDGE('',*,*,#4617,.T.);
#5012 = ORIENTED_EDGE('',*,*,#4689,.T.);
#5013 = ORIENTED_EDGE('',*,*,#4715,.F.);
#5014 = ADVANCED_FACE('',(#5015),#4164,.F.);
#5015 = FACE_BOUND('',#5016,.F.);
#5016 = EDGE_LOOP('',(#5017,#5040,#5041,#5064));
#5017 = ORIENTED_EDGE('',*,*,#5018,.F.);
#5018 = EDGE_CURVE('',#4147,#5019,#5021,.T.);
#5019 = VERTEX_POINT('',#5020);
#5020 = CARTESIAN_POINT('',(-15.05,-32.3,2.5));
#5021 = SURFACE_CURVE('',#5022,(#5026,#5033),.PCURVE_S1.);
#5022 = LINE('',#5023,#5024);
#5023 = CARTESIAN_POINT('',(-15.05,-32.3,1.6));
#5024 = VECTOR('',#5025,1.);
#5025 = DIRECTION('',(0.,0.,1.));
#5026 = PCURVE('',#4164,#5027);
#5027 = DEFINITIONAL_REPRESENTATION('',(#5028),#5032);
#5028 = LINE('',#5029,#5030);
#5029 = CARTESIAN_POINT('',(0.,0.));
#5030 = VECTOR('',#5031,1.);
#5031 = DIRECTION('',(1.,0.));
#5032 = ( GEOMETRIC_REPRESENTATION_CONTEXT(2)
PARAMETRIC_REPRESENTATION_CONTEXT() REPRESENTATION_CONTEXT('2D SPACE',''
  ) );
#5033 = PCURVE('',#4246,#5034);
#5034 = DEFINITIONAL_REPRESENTATION('',(#5035),#5039);
#5035 = LINE('',#5036,#5037);
#5036 = CARTESIAN_POINT('',(0.,0.));
#5037 = VECTOR('',#5038,1.);
#5038 = DIRECTION('',(1.,0.));
#5039 = ( GEOMETRIC_REPRESENTATION_CONTEXT(2)
PARAMETRIC_REPRESENTATION_CONTEXT() REPRESENTATION_CONTEXT('2D SPACE',''
  ) );
#5040 = ORIENTED_EDGE('',*,*,#4146,.T.);
#5041 = ORIENTED_EDGE('',*,*,#5042,.T.);
#5042 = EDGE_CURVE('',#4149,#5043,#5045,.T.);
#5043 = VERTEX_POINT('',#5044);
#5044 = CARTESIAN_POINT('',(-15.05,-27.3,2.5));
#5045 = SURFACE_CURVE('',#5046,(#5050,#5057),.PCURVE_S1.);
#5046 = LINE('',#5047,#5048);
#5047 = CARTESIAN_POINT('',(-15.05,-27.3,1.6));
#5048 = VECTOR('',#5049,1.);
#5049 = DIRECTION('',(0.,0.,1.));
#5050 = PCURVE('',#4164,#5051);
#5051 = DEFINITIONAL_REPRESENTATION('',(#5052),#5056);
#5052 = LINE('',#5053,#5054);
#5053 = CARTESIAN_POINT('',(0.,-5.));
#5054 = VECTOR('',#5055,1.);
#5055 = DIRECTION('',(1.,0.));
#5056 = ( GEOMETRIC_REPRESENTATION_CONTEXT(2)
PARAMETRIC_REPRESENTATION_CONTEXT() REPRESENTATION_CONTEXT('2D SPACE',''
  ) );
#5057 = PCURVE('',#4192,#5058);
#5058 = DEFINITIONAL_REPRESENTATION('',(#5059),#5063);
#5059 = LINE('',#5060,#5061);
#5060 = CARTESIAN_POINT('',(0.,0.));
#5061 = VECTOR('',#5062,1.);
#5062 = DIRECTION('',(1.,0.));
#5063 = ( GEOMETRIC_REPRESENTATION_CONTEXT(2)
PARAMETRIC_REPRESENTATION_CONTEXT() REPRESENTATION_CONTEXT('2D SPACE',''
  ) );
#5064 = ORIENTED_EDGE('',*,*,#5065,.F.);
#5065 = EDGE_CURVE('',#5019,#5043,#5066,.T.);
#5066 = SURFACE_CURVE('',#5067,(#5071,#5078),.PCURVE_S1.);
#5067 = LINE('',#5068,#5069);
#5068 = CARTESIAN_POINT('',(-15.05,-32.3,2.5));
#5069 = VECTOR('',#5070,1.);
#5070 = DIRECTION('',(0.,1.,0.));
#5071 = PCURVE('',#4164,#5072);
#5072 = DEFINITIONAL_REPRESENTATION('',(#5073),#5077);
#5073 = LINE('',#5074,#5075);
#5074 = CARTESIAN_POINT('',(0.9,0.));
#5075 = VECTOR('',#5076,1.);
#5076 = DIRECTION('',(0.,-1.));
#5077 = ( GEOMETRIC_REPRESENTATION_CONTEXT(2)
PARAMETRIC_REPRESENTATION_CONTEXT() REPRESENTATION_CONTEXT('2D SPACE',''
  ) );
#5078 = PCURVE('',#5079,#5084);
#5079 = PLANE('',#5080);
#5080 = AXIS2_PLACEMENT_3D('',#5081,#5082,#5083);
#5081 = CARTESIAN_POINT('',(-15.05,-32.3,2.5));
#5082 = DIRECTION('',(0.,0.,1.));
#5083 = DIRECTION('',(1.,0.,0.));
#5084 = DEFINITIONAL_REPRESENTATION('',(#5085),#5089);
#5085 = LINE('',#5086,#5087);
#5086 = CARTESIAN_POINT('',(0.,0.));
#5087 = VECTOR('',#5088,1.);
#5088 = DIRECTION('',(0.,1.));
#5089 = ( GEOMETRIC_REPRESENTATION_CONTEXT(2)
PARAMETRIC_REPRESENTATION_CONTEXT() REPRESENTATION_CONTEXT('2D SPACE',''
  ) );
#5090 = ADVANCED_FACE('',(#5091),#4192,.T.);
#5091 = FACE_BOUND('',#5092,.T.);
#5092 = EDGE_LOOP('',(#5093,#5094,#5095,#5118));
#5093 = ORIENTED_EDGE('',*,*,#4176,.F.);
#5094 = ORIENTED_EDGE('',*,*,#5042,.T.);
#5095 = ORIENTED_EDGE('',*,*,#5096,.T.);
#5096 = EDGE_CURVE('',#5043,#5097,#5099,.T.);
#5097 = VERTEX_POINT('',#5098);
#5098 = CARTESIAN_POINT('',(-12.65,-27.3,2.5));
#5099 = SURFACE_CURVE('',#5100,(#5104,#5111),.PCURVE_S1.);
#5100 = LINE('',#5101,#5102);
#5101 = CARTESIAN_POINT('',(-15.05,-27.3,2.5));
#5102 = VECTOR('',#5103,1.);
#5103 = DIRECTION('',(1.,0.,0.));
#5104 = PCURVE('',#4192,#5105);
#5105 = DEFINITIONAL_REPRESENTATION('',(#5106),#5110);
#5106 = LINE('',#5107,#5108);
#5107 = CARTESIAN_POINT('',(0.9,0.));
#5108 = VECTOR('',#5109,1.);
#5109 = DIRECTION('',(0.,1.));
#5110 = ( GEOMETRIC_REPRESENTATION_CONTEXT(2)
PARAMETRIC_REPRESENTATION_CONTEXT() REPRESENTATION_CONTEXT('2D SPACE',''
  ) );
#5111 = PCURVE('',#5079,#5112);
#5112 = DEFINITIONAL_REPRESENTATION('',(#5113),#5117);
#5113 = LINE('',#5114,#5115);
#5114 = CARTESIAN_POINT('',(0.,5.));
#5115 = VECTOR('',#5116,1.);
#5116 = DIRECTION('',(1.,0.));
#5117 = ( GEOMETRIC_REPRESENTATION_CONTEXT(2)
PARAMETRIC_REPRESENTATION_CONTEXT() REPRESENTATION_CONTEXT('2D SPACE',''
  ) );
#5118 = ORIENTED_EDGE('',*,*,#5119,.F.);
#5119 = EDGE_CURVE('',#4177,#5097,#5120,.T.);
#5120 = SURFACE_CURVE('',#5121,(#5125,#5132),.PCURVE_S1.);
#5121 = LINE('',#5122,#5123);
#5122 = CARTESIAN_POINT('',(-12.65,-27.3,1.6));
#5123 = VECTOR('',#5124,1.);
#5124 = DIRECTION('',(0.,0.,1.));
#5125 = PCURVE('',#4192,#5126);
#5126 = DEFINITIONAL_REPRESENTATION('',(#5127),#5131);
#5127 = LINE('',#5128,#5129);
#5128 = CARTESIAN_POINT('',(0.,2.4));
#5129 = VECTOR('',#5130,1.);
#5130 = DIRECTION('',(1.,0.));
#5131 = ( GEOMETRIC_REPRESENTATION_CONTEXT(2)
PARAMETRIC_REPRESENTATION_CONTEXT() REPRESENTATION_CONTEXT('2D SPACE',''
  ) );
#5132 = PCURVE('',#4220,#5133);
#5133 = DEFINITIONAL_REPRESENTATION('',(#5134),#5138);
#5134 = LINE('',#5135,#5136);
#5135 = CARTESIAN_POINT('',(0.,-5.));
#5136 = VECTOR('',#5137,1.);
#5137 = DIRECTION('',(1.,0.));
#5138 = ( GEOMETRIC_REPRESENTATION_CONTEXT(2)
PARAMETRIC_REPRESENTATION_CONTEXT() REPRESENTATION_CONTEXT('2D SPACE',''
  ) );
#5139 = ADVANCED_FACE('',(#5140),#4246,.F.);
#5140 = FACE_BOUND('',#5141,.F.);
#5141 = EDGE_LOOP('',(#5142,#5143,#5144,#5167));
#5142 = ORIENTED_EDGE('',*,*,#4232,.F.);
#5143 = ORIENTED_EDGE('',*,*,#5018,.T.);
#5144 = ORIENTED_EDGE('',*,*,#5145,.T.);
#5145 = EDGE_CURVE('',#5019,#5146,#5148,.T.);
#5146 = VERTEX_POINT('',#5147);
#5147 = CARTESIAN_POINT('',(-12.65,-32.3,2.5));
#5148 = SURFACE_CURVE('',#5149,(#5153,#5160),.PCURVE_S1.);
#5149 = LINE('',#5150,#5151);
#5150 = CARTESIAN_POINT('',(-15.05,-32.3,2.5));
#5151 = VECTOR('',#5152,1.);
#5152 = DIRECTION('',(1.,0.,0.));
#5153 = PCURVE('',#4246,#5154);
#5154 = DEFINITIONAL_REPRESENTATION('',(#5155),#5159);
#5155 = LINE('',#5156,#5157);
#5156 = CARTESIAN_POINT('',(0.9,0.));
#5157 = VECTOR('',#5158,1.);
#5158 = DIRECTION('',(0.,1.));
#5159 = ( GEOMETRIC_REPRESENTATION_CONTEXT(2)
PARAMETRIC_REPRESENTATION_CONTEXT() REPRESENTATION_CONTEXT('2D SPACE',''
  ) );
#5160 = PCURVE('',#5079,#5161);
#5161 = DEFINITIONAL_REPRESENTATION('',(#5162),#5166);
#5162 = LINE('',#5163,#5164);
#5163 = CARTESIAN_POINT('',(0.,0.));
#5164 = VECTOR('',#5165,1.);
#5165 = DIRECTION('',(1.,0.));
#5166 = ( GEOMETRIC_REPRESENTATION_CONTEXT(2)
PARAMETRIC_REPRESENTATION_CONTEXT() REPRESENTATION_CONTEXT('2D SPACE',''
  ) );
#5167 = ORIENTED_EDGE('',*,*,#5168,.F.);
#5168 = EDGE_CURVE('',#4205,#5146,#5169,.T.);
#5169 = SURFACE_CURVE('',#5170,(#5174,#5181),.PCURVE_S1.);
#5170 = LINE('',#5171,#5172);
#5171 = CARTESIAN_POINT('',(-12.65,-32.3,1.6));
#5172 = VECTOR('',#5173,1.);
#5173 = DIRECTION('',(0.,0.,1.));
#5174 = PCURVE('',#4246,#5175);
#5175 = DEFINITIONAL_REPRESENTATION('',(#5176),#5180);
#5176 = LINE('',#5177,#5178);
#5177 = CARTESIAN_POINT('',(0.,2.4));
#5178 = VECTOR('',#5179,1.);
#5179 = DIRECTION('',(1.,0.));
#5180 = ( GEOMETRIC_REPRESENTATION_CONTEXT(2)
PARAMETRIC_REPRESENTATION_CONTEXT() REPRESENTATION_CONTEXT('2D SPACE',''
  ) );
#5181 = PCURVE('',#4220,#5182);
#5182 = DEFINITIONAL_REPRESENTATION('',(#5183),#5187);
#5183 = LINE('',#5184,#5185);
#5184 = CARTESIAN_POINT('',(0.,0.));
#5185 = VECTOR('',#5186,1.);
#5186 = DIRECTION('',(1.,0.));
#5187 = ( GEOMETRIC_REPRESENTATION_CONTEXT(2)
PARAMETRIC_REPRESENTATION_CONTEXT() REPRESENTATION_CONTEXT('2D SPACE',''
  ) );
#5188 = ADVANCED_FACE('',(#5189),#4220,.T.);
#5189 = FACE_BOUND('',#5190,.T.);
#5190 = EDGE_LOOP('',(#5191,#5192,#5193,#5194));
#5191 = ORIENTED_EDGE('',*,*,#5168,.F.);
#5192 = ORIENTED_EDGE('',*,*,#4204,.T.);
#5193 = ORIENTED_EDGE('',*,*,#5119,.T.);
#5194 = ORIENTED_EDGE('',*,*,#5195,.F.);
#5195 = EDGE_CURVE('',#5146,#5097,#5196,.T.);
#5196 = SURFACE_CURVE('',#5197,(#5201,#5208),.PCURVE_S1.);
#5197 = LINE('',#5198,#5199);
#5198 = CARTESIAN_POINT('',(-12.65,-32.3,2.5));
#5199 = VECTOR('',#5200,1.);
#5200 = DIRECTION('',(0.,1.,0.));
#5201 = PCURVE('',#4220,#5202);
#5202 = DEFINITIONAL_REPRESENTATION('',(#5203),#5207);
#5203 = LINE('',#5204,#5205);
#5204 = CARTESIAN_POINT('',(0.9,0.));
#5205 = VECTOR('',#5206,1.);
#5206 = DIRECTION('',(0.,-1.));
#5207 = ( GEOMETRIC_REPRESENTATION_CONTEXT(2)
PARAMETRIC_REPRESENTATION_CONTEXT() REPRESENTATION_CONTEXT('2D SPACE',''
  ) );
#5208 = PCURVE('',#5079,#5209);
#5209 = DEFINITIONAL_REPRESENTATION('',(#5210),#5214);
#5210 = LINE('',#5211,#5212);
#5211 = CARTESIAN_POINT('',(2.4,0.));
#5212 = VECTOR('',#5213,1.);
#5213 = DIRECTION('',(0.,1.));
#5214 = ( GEOMETRIC_REPRESENTATION_CONTEXT(2)
PARAMETRIC_REPRESENTATION_CONTEXT() REPRESENTATION_CONTEXT('2D SPACE',''
  ) );
#5215 = ADVANCED_FACE('',(#5216),#4278,.F.);
#5216 = FACE_BOUND('',#5217,.F.);
#5217 = EDGE_LOOP('',(#5218,#5241,#5242,#5265));
#5218 = ORIENTED_EDGE('',*,*,#5219,.F.);
#5219 = EDGE_CURVE('',#4261,#5220,#5222,.T.);
#5220 = VERTEX_POINT('',#5221);
#5221 = CARTESIAN_POINT('',(12.65,-32.3,2.5));
#5222 = SURFACE_CURVE('',#5223,(#5227,#5234),.PCURVE_S1.);
#5223 = LINE('',#5224,#5225);
#5224 = CARTESIAN_POINT('',(12.65,-32.3,1.6));
#5225 = VECTOR('',#5226,1.);
#5226 = DIRECTION('',(0.,0.,1.));
#5227 = PCURVE('',#4278,#5228);
#5228 = DEFINITIONAL_REPRESENTATION('',(#5229),#5233);
#5229 = LINE('',#5230,#5231);
#5230 = CARTESIAN_POINT('',(0.,0.));
#5231 = VECTOR('',#5232,1.);
#5232 = DIRECTION('',(1.,0.));
#5233 = ( GEOMETRIC_REPRESENTATION_CONTEXT(2)
PARAMETRIC_REPRESENTATION_CONTEXT() REPRESENTATION_CONTEXT('2D SPACE',''
  ) );
#5234 = PCURVE('',#4360,#5235);
#5235 = DEFINITIONAL_REPRESENTATION('',(#5236),#5240);
#5236 = LINE('',#5237,#5238);
#5237 = CARTESIAN_POINT('',(0.,0.));
#5238 = VECTOR('',#5239,1.);
#5239 = DIRECTION('',(1.,0.));
#5240 = ( GEOMETRIC_REPRESENTATION_CONTEXT(2)
PARAMETRIC_REPRESENTATION_CONTEXT() REPRESENTATION_CONTEXT('2D SPACE',''
  ) );
#5241 = ORIENTED_EDGE('',*,*,#4260,.T.);
#5242 = ORIENTED_EDGE('',*,*,#5243,.T.);
#5243 = EDGE_CURVE('',#4263,#5244,#5246,.T.);
#5244 = VERTEX_POINT('',#5245);
#5245 = CARTESIAN_POINT('',(12.65,-27.3,2.5));
#5246 = SURFACE_CURVE('',#5247,(#5251,#5258),.PCURVE_S1.);
#5247 = LINE('',#5248,#5249);
#5248 = CARTESIAN_POINT('',(12.65,-27.3,1.6));
#5249 = VECTOR('',#5250,1.);
#5250 = DIRECTION('',(0.,0.,1.));
#5251 = PCURVE('',#4278,#5252);
#5252 = DEFINITIONAL_REPRESENTATION('',(#5253),#5257);
#5253 = LINE('',#5254,#5255);
#5254 = CARTESIAN_POINT('',(0.,-5.));
#5255 = VECTOR('',#5256,1.);
#5256 = DIRECTION('',(1.,0.));
#5257 = ( GEOMETRIC_REPRESENTATION_CONTEXT(2)
PARAMETRIC_REPRESENTATION_CONTEXT() REPRESENTATION_CONTEXT('2D SPACE',''
  ) );
#5258 = PCURVE('',#4306,#5259);
#5259 = DEFINITIONAL_REPRESENTATION('',(#5260),#5264);
#5260 = LINE('',#5261,#5262);
#5261 = CARTESIAN_POINT('',(0.,0.));
#5262 = VECTOR('',#5263,1.);
#5263 = DIRECTION('',(1.,0.));
#5264 = ( GEOMETRIC_REPRESENTATION_CONTEXT(2)
PARAMETRIC_REPRESENTATION_CONTEXT() REPRESENTATION_CONTEXT('2D SPACE',''
  ) );
#5265 = ORIENTED_EDGE('',*,*,#5266,.F.);
#5266 = EDGE_CURVE('',#5220,#5244,#5267,.T.);
#5267 = SURFACE_CURVE('',#5268,(#5272,#5279),.PCURVE_S1.);
#5268 = LINE('',#5269,#5270);
#5269 = CARTESIAN_POINT('',(12.65,-32.3,2.5));
#5270 = VECTOR('',#5271,1.);
#5271 = DIRECTION('',(0.,1.,0.));
#5272 = PCURVE('',#4278,#5273);
#5273 = DEFINITIONAL_REPRESENTATION('',(#5274),#5278);
#5274 = LINE('',#5275,#5276);
#5275 = CARTESIAN_POINT('',(0.9,0.));
#5276 = VECTOR('',#5277,1.);
#5277 = DIRECTION('',(0.,-1.));
#5278 = ( GEOMETRIC_REPRESENTATION_CONTEXT(2)
PARAMETRIC_REPRESENTATION_CONTEXT() REPRESENTATION_CONTEXT('2D SPACE',''
  ) );
#5279 = PCURVE('',#5280,#5285);
#5280 = PLANE('',#5281);
#5281 = AXIS2_PLACEMENT_3D('',#5282,#5283,#5284);
#5282 = CARTESIAN_POINT('',(12.65,-32.3,2.5));
#5283 = DIRECTION('',(0.,0.,1.));
#5284 = DIRECTION('',(1.,0.,0.));
#5285 = DEFINITIONAL_REPRESENTATION('',(#5286),#5290);
#5286 = LINE('',#5287,#5288);
#5287 = CARTESIAN_POINT('',(0.,0.));
#5288 = VECTOR('',#5289,1.);
#5289 = DIRECTION('',(0.,1.));
#5290 = ( GEOMETRIC_REPRESENTATION_CONTEXT(2)
PARAMETRIC_REPRESENTATION_CONTEXT() REPRESENTATION_CONTEXT('2D SPACE',''
  ) );
#5291 = ADVANCED_FACE('',(#5292),#4306,.T.);
#5292 = FACE_BOUND('',#5293,.T.);
#5293 = EDGE_LOOP('',(#5294,#5295,#5296,#5319));
#5294 = ORIENTED_EDGE('',*,*,#4290,.F.);
#5295 = ORIENTED_EDGE('',*,*,#5243,.T.);
#5296 = ORIENTED_EDGE('',*,*,#5297,.T.);
#5297 = EDGE_CURVE('',#5244,#5298,#5300,.T.);
#5298 = VERTEX_POINT('',#5299);
#5299 = CARTESIAN_POINT('',(15.05,-27.3,2.5));
#5300 = SURFACE_CURVE('',#5301,(#5305,#5312),.PCURVE_S1.);
#5301 = LINE('',#5302,#5303);
#5302 = CARTESIAN_POINT('',(12.65,-27.3,2.5));
#5303 = VECTOR('',#5304,1.);
#5304 = DIRECTION('',(1.,0.,0.));
#5305 = PCURVE('',#4306,#5306);
#5306 = DEFINITIONAL_REPRESENTATION('',(#5307),#5311);
#5307 = LINE('',#5308,#5309);
#5308 = CARTESIAN_POINT('',(0.9,0.));
#5309 = VECTOR('',#5310,1.);
#5310 = DIRECTION('',(0.,1.));
#5311 = ( GEOMETRIC_REPRESENTATION_CONTEXT(2)
PARAMETRIC_REPRESENTATION_CONTEXT() REPRESENTATION_CONTEXT('2D SPACE',''
  ) );
#5312 = PCURVE('',#5280,#5313);
#5313 = DEFINITIONAL_REPRESENTATION('',(#5314),#5318);
#5314 = LINE('',#5315,#5316);
#5315 = CARTESIAN_POINT('',(0.,5.));
#5316 = VECTOR('',#5317,1.);
#5317 = DIRECTION('',(1.,0.));
#5318 = ( GEOMETRIC_REPRESENTATION_CONTEXT(2)
PARAMETRIC_REPRESENTATION_CONTEXT() REPRESENTATION_CONTEXT('2D SPACE',''
  ) );
#5319 = ORIENTED_EDGE('',*,*,#5320,.F.);
#5320 = EDGE_CURVE('',#4291,#5298,#5321,.T.);
#5321 = SURFACE_CURVE('',#5322,(#5326,#5333),.PCURVE_S1.);
#5322 = LINE('',#5323,#5324);
#5323 = CARTESIAN_POINT('',(15.05,-27.3,1.6));
#5324 = VECTOR('',#5325,1.);
#5325 = DIRECTION('',(0.,0.,1.));
#5326 = PCURVE('',#4306,#5327);
#5327 = DEFINITIONAL_REPRESENTATION('',(#5328),#5332);
#5328 = LINE('',#5329,#5330);
#5329 = CARTESIAN_POINT('',(0.,2.4));
#5330 = VECTOR('',#5331,1.);
#5331 = DIRECTION('',(1.,0.));
#5332 = ( GEOMETRIC_REPRESENTATION_CONTEXT(2)
PARAMETRIC_REPRESENTATION_CONTEXT() REPRESENTATION_CONTEXT('2D SPACE',''
  ) );
#5333 = PCURVE('',#4334,#5334);
#5334 = DEFINITIONAL_REPRESENTATION('',(#5335),#5339);
#5335 = LINE('',#5336,#5337);
#5336 = CARTESIAN_POINT('',(0.,-5.));
#5337 = VECTOR('',#5338,1.);
#5338 = DIRECTION('',(1.,0.));
#5339 = ( GEOMETRIC_REPRESENTATION_CONTEXT(2)
PARAMETRIC_REPRESENTATION_CONTEXT() REPRESENTATION_CONTEXT('2D SPACE',''
  ) );
#5340 = ADVANCED_FACE('',(#5341),#4360,.F.);
#5341 = FACE_BOUND('',#5342,.F.);
#5342 = EDGE_LOOP('',(#5343,#5344,#5345,#5368));
#5343 = ORIENTED_EDGE('',*,*,#4346,.F.);
#5344 = ORIENTED_EDGE('',*,*,#5219,.T.);
#5345 = ORIENTED_EDGE('',*,*,#5346,.T.);
#5346 = EDGE_CURVE('',#5220,#5347,#5349,.T.);
#5347 = VERTEX_POINT('',#5348);
#5348 = CARTESIAN_POINT('',(15.05,-32.3,2.5));
#5349 = SURFACE_CURVE('',#5350,(#5354,#5361),.PCURVE_S1.);
#5350 = LINE('',#5351,#5352);
#5351 = CARTESIAN_POINT('',(12.65,-32.3,2.5));
#5352 = VECTOR('',#5353,1.);
#5353 = DIRECTION('',(1.,0.,0.));
#5354 = PCURVE('',#4360,#5355);
#5355 = DEFINITIONAL_REPRESENTATION('',(#5356),#5360);
#5356 = LINE('',#5357,#5358);
#5357 = CARTESIAN_POINT('',(0.9,0.));
#5358 = VECTOR('',#5359,1.);
#5359 = DIRECTION('',(0.,1.));
#5360 = ( GEOMETRIC_REPRESENTATION_CONTEXT(2)
PARAMETRIC_REPRESENTATION_CONTEXT() REPRESENTATION_CONTEXT('2D SPACE',''
  ) );
#5361 = PCURVE('',#5280,#5362);
#5362 = DEFINITIONAL_REPRESENTATION('',(#5363),#5367);
#5363 = LINE('',#5364,#5365);
#5364 = CARTESIAN_POINT('',(0.,0.));
#5365 = VECTOR('',#5366,1.);
#5366 = DIRECTION('',(1.,0.));
#5367 = ( GEOMETRIC_REPRESENTATION_CONTEXT(2)
PARAMETRIC_REPRESENTATION_CONTEXT() REPRESENTATION_CONTEXT('2D SPACE',''
  ) );
#5368 = ORIENTED_EDGE('',*,*,#5369,.F.);
#5369 = EDGE_CURVE('',#4319,#5347,#5370,.T.);
#5370 = SURFACE_CURVE('',#5371,(#5375,#5382),.PCURVE_S1.);
#5371 = LINE('',#5372,#5373);
#5372 = CARTESIAN_POINT('',(15.05,-32.3,1.6));
#5373 = VECTOR('',#5374,1.);
#5374 = DIRECTION('',(0.,0.,1.));
#5375 = PCURVE('',#4360,#5376);
#5376 = DEFINITIONAL_REPRESENTATION('',(#5377),#5381);
#5377 = LINE('',#5378,#5379);
#5378 = CARTESIAN_POINT('',(0.,2.4));
#5379 = VECTOR('',#5380,1.);
#5380 = DIRECTION('',(1.,0.));
#5381 = ( GEOMETRIC_REPRESENTATION_CONTEXT(2)
PARAMETRIC_REPRESENTATION_CONTEXT() REPRESENTATION_CONTEXT('2D SPACE',''
  ) );
#5382 = PCURVE('',#4334,#5383);
#5383 = DEFINITIONAL_REPRESENTATION('',(#5384),#5388);
#5384 = LINE('',#5385,#5386);
#5385 = CARTESIAN_POINT('',(0.,0.));
#5386 = VECTOR('',#5387,1.);
#5387 = DIRECTION('',(1.,0.));
#5388 = ( GEOMETRIC_REPRESENTATION_CONTEXT(2)
PARAMETRIC_REPRESENTATION_CONTEXT() REPRESENTATION_CONTEXT('2D SPACE',''
  ) );
#5389 = ADVANCED_FACE('',(#5390),#4334,.T.);
#5390 = FACE_BOUND('',#5391,.T.);
#5391 = EDGE_LOOP('',(#5392,#5393,#5394,#5395));
#5392 = ORIENTED_EDGE('',*,*,#5369,.F.);
#5393 = ORIENTED_EDGE('',*,*,#4318,.T.);
#5394 = ORIENTED_EDGE('',*,*,#5320,.T.);
#5395 = ORIENTED_EDGE('',*,*,#5396,.F.);
#5396 = EDGE_CURVE('',#5347,#5298,#5397,.T.);
#5397 = SURFACE_CURVE('',#5398,(#5402,#5409),.PCURVE_S1.);
#5398 = LINE('',#5399,#5400);
#5399 = CARTESIAN_POINT('',(15.05,-32.3,2.5));
#5400 = VECTOR('',#5401,1.);
#5401 = DIRECTION('',(0.,1.,0.));
#5402 = PCURVE('',#4334,#5403);
#5403 = DEFINITIONAL_REPRESENTATION('',(#5404),#5408);
#5404 = LINE('',#5405,#5406);
#5405 = CARTESIAN_POINT('',(0.9,0.));
#5406 = VECTOR('',#5407,1.);
#5407 = DIRECTION('',(0.,-1.));
#5408 = ( GEOMETRIC_REPRESENTATION_CONTEXT(2)
PARAMETRIC_REPRESENTATION_CONTEXT() REPRESENTATION_CONTEXT('2D SPACE',''
  ) );
#5409 = PCURVE('',#5280,#5410);
#5410 = DEFINITIONAL_REPRESENTATION('',(#5411),#5415);
#5411 = LINE('',#5412,#5413);
#5412 = CARTESIAN_POINT('',(2.4,0.));
#5413 = VECTOR('',#5414,1.);
#5414 = DIRECTION('',(0.,1.));
#5415 = ( GEOMETRIC_REPRESENTATION_CONTEXT(2)
PARAMETRIC_REPRESENTATION_CONTEXT() REPRESENTATION_CONTEXT('2D SPACE',''
  ) );
#5416 = ADVANCED_FACE('',(#5417),#4392,.F.);
#5417 = FACE_BOUND('',#5418,.F.);
#5418 = EDGE_LOOP('',(#5419,#5442,#5443,#5466));
#5419 = ORIENTED_EDGE('',*,*,#5420,.F.);
#5420 = EDGE_CURVE('',#4375,#5421,#5423,.T.);
#5421 = VERTEX_POINT('',#5422);
#5422 = CARTESIAN_POINT('',(-15.05,27.3,2.5));
#5423 = SURFACE_CURVE('',#5424,(#5428,#5435),.PCURVE_S1.);
#5424 = LINE('',#5425,#5426);
#5425 = CARTESIAN_POINT('',(-15.05,27.3,1.6));
#5426 = VECTOR('',#5427,1.);
#5427 = DIRECTION('',(0.,0.,1.));
#5428 = PCURVE('',#4392,#5429);
#5429 = DEFINITIONAL_REPRESENTATION('',(#5430),#5434);
#5430 = LINE('',#5431,#5432);
#5431 = CARTESIAN_POINT('',(0.,0.));
#5432 = VECTOR('',#5433,1.);
#5433 = DIRECTION('',(1.,0.));
#5434 = ( GEOMETRIC_REPRESENTATION_CONTEXT(2)
PARAMETRIC_REPRESENTATION_CONTEXT() REPRESENTATION_CONTEXT('2D SPACE',''
  ) );
#5435 = PCURVE('',#4474,#5436);
#5436 = DEFINITIONAL_REPRESENTATION('',(#5437),#5441);
#5437 = LINE('',#5438,#5439);
#5438 = CARTESIAN_POINT('',(0.,0.));
#5439 = VECTOR('',#5440,1.);
#5440 = DIRECTION('',(1.,0.));
#5441 = ( GEOMETRIC_REPRESENTATION_CONTEXT(2)
PARAMETRIC_REPRESENTATION_CONTEXT() REPRESENTATION_CONTEXT('2D SPACE',''
  ) );
#5442 = ORIENTED_EDGE('',*,*,#4374,.T.);
#5443 = ORIENTED_EDGE('',*,*,#5444,.T.);
#5444 = EDGE_CURVE('',#4377,#5445,#5447,.T.);
#5445 = VERTEX_POINT('',#5446);
#5446 = CARTESIAN_POINT('',(-15.05,32.3,2.5));
#5447 = SURFACE_CURVE('',#5448,(#5452,#5459),.PCURVE_S1.);
#5448 = LINE('',#5449,#5450);
#5449 = CARTESIAN_POINT('',(-15.05,32.3,1.6));
#5450 = VECTOR('',#5451,1.);
#5451 = DIRECTION('',(0.,0.,1.));
#5452 = PCURVE('',#4392,#5453);
#5453 = DEFINITIONAL_REPRESENTATION('',(#5454),#5458);
#5454 = LINE('',#5455,#5456);
#5455 = CARTESIAN_POINT('',(0.,-5.));
#5456 = VECTOR('',#5457,1.);
#5457 = DIRECTION('',(1.,0.));
#5458 = ( GEOMETRIC_REPRESENTATION_CONTEXT(2)
PARAMETRIC_REPRESENTATION_CONTEXT() REPRESENTATION_CONTEXT('2D SPACE',''
  ) );
#5459 = PCURVE('',#4420,#5460);
#5460 = DEFINITIONAL_REPRESENTATION('',(#5461),#5465);
#5461 = LINE('',#5462,#5463);
#5462 = CARTESIAN_POINT('',(0.,0.));
#5463 = VECTOR('',#5464,1.);
#5464 = DIRECTION('',(1.,0.));
#5465 = ( GEOMETRIC_REPRESENTATION_CONTEXT(2)
PARAMETRIC_REPRESENTATION_CONTEXT() REPRESENTATION_CONTEXT('2D SPACE',''
  ) );
#5466 = ORIENTED_EDGE('',*,*,#5467,.F.);
#5467 = EDGE_CURVE('',#5421,#5445,#5468,.T.);
#5468 = SURFACE_CURVE('',#5469,(#5473,#5480),.PCURVE_S1.);
#5469 = LINE('',#5470,#5471);
#5470 = CARTESIAN_POINT('',(-15.05,27.3,2.5));
#5471 = VECTOR('',#5472,1.);
#5472 = DIRECTION('',(0.,1.,0.));
#5473 = PCURVE('',#4392,#5474);
#5474 = DEFINITIONAL_REPRESENTATION('',(#5475),#5479);
#5475 = LINE('',#5476,#5477);
#5476 = CARTESIAN_POINT('',(0.9,0.));
#5477 = VECTOR('',#5478,1.);
#5478 = DIRECTION('',(0.,-1.));
#5479 = ( GEOMETRIC_REPRESENTATION_CONTEXT(2)
PARAMETRIC_REPRESENTATION_CONTEXT() REPRESENTATION_CONTEXT('2D SPACE',''
  ) );
#5480 = PCURVE('',#5481,#5486);
#5481 = PLANE('',#5482);
#5482 = AXIS2_PLACEMENT_3D('',#5483,#5484,#5485);
#5483 = CARTESIAN_POINT('',(-15.05,27.3,2.5));
#5484 = DIRECTION('',(0.,0.,1.));
#5485 = DIRECTION('',(1.,0.,0.));
#5486 = DEFINITIONAL_REPRESENTATION('',(#5487),#5491);
#5487 = LINE('',#5488,#5489);
#5488 = CARTESIAN_POINT('',(0.,0.));
#5489 = VECTOR('',#5490,1.);
#5490 = DIRECTION('',(0.,1.));
#5491 = ( GEOMETRIC_REPRESENTATION_CONTEXT(2)
PARAMETRIC_REPRESENTATION_CONTEXT() REPRESENTATION_CONTEXT('2D SPACE',''
  ) );
#5492 = ADVANCED_FACE('',(#5493),#4420,.T.);
#5493 = FACE_BOUND('',#5494,.T.);
#5494 = EDGE_LOOP('',(#5495,#5496,#5497,#5520));
#5495 = ORIENTED_EDGE('',*,*,#4404,.F.);
#5496 = ORIENTED_EDGE('',*,*,#5444,.T.);
#5497 = ORIENTED_EDGE('',*,*,#5498,.T.);
#5498 = EDGE_CURVE('',#5445,#5499,#5501,.T.);
#5499 = VERTEX_POINT('',#5500);
#5500 = CARTESIAN_POINT('',(-12.65,32.3,2.5));
#5501 = SURFACE_CURVE('',#5502,(#5506,#5513),.PCURVE_S1.);
#5502 = LINE('',#5503,#5504);
#5503 = CARTESIAN_POINT('',(-15.05,32.3,2.5));
#5504 = VECTOR('',#5505,1.);
#5505 = DIRECTION('',(1.,0.,0.));
#5506 = PCURVE('',#4420,#5507);
#5507 = DEFINITIONAL_REPRESENTATION('',(#5508),#5512);
#5508 = LINE('',#5509,#5510);
#5509 = CARTESIAN_POINT('',(0.9,0.));
#5510 = VECTOR('',#5511,1.);
#5511 = DIRECTION('',(0.,1.));
#5512 = ( GEOMETRIC_REPRESENTATION_CONTEXT(2)
PARAMETRIC_REPRESENTATION_CONTEXT() REPRESENTATION_CONTEXT('2D SPACE',''
  ) );
#5513 = PCURVE('',#5481,#5514);
#5514 = DEFINITIONAL_REPRESENTATION('',(#5515),#5519);
#5515 = LINE('',#5516,#5517);
#5516 = CARTESIAN_POINT('',(0.,5.));
#5517 = VECTOR('',#5518,1.);
#5518 = DIRECTION('',(1.,0.));
#5519 = ( GEOMETRIC_REPRESENTATION_CONTEXT(2)
PARAMETRIC_REPRESENTATION_CONTEXT() REPRESENTATION_CONTEXT('2D SPACE',''
  ) );
#5520 = ORIENTED_EDGE('',*,*,#5521,.F.);
#5521 = EDGE_CURVE('',#4405,#5499,#5522,.T.);
#5522 = SURFACE_CURVE('',#5523,(#5527,#5534),.PCURVE_S1.);
#5523 = LINE('',#5524,#5525);
#5524 = CARTESIAN_POINT('',(-12.65,32.3,1.6));
#5525 = VECTOR('',#5526,1.);
#5526 = DIRECTION('',(0.,0.,1.));
#5527 = PCURVE('',#4420,#5528);
#5528 = DEFINITIONAL_REPRESENTATION('',(#5529),#5533);
#5529 = LINE('',#5530,#5531);
#5530 = CARTESIAN_POINT('',(0.,2.4));
#5531 = VECTOR('',#5532,1.);
#5532 = DIRECTION('',(1.,0.));
#5533 = ( GEOMETRIC_REPRESENTATION_CONTEXT(2)
PARAMETRIC_REPRESENTATION_CONTEXT() REPRESENTATION_CONTEXT('2D SPACE',''
  ) );
#5534 = PCURVE('',#4448,#5535);
#5535 = DEFINITIONAL_REPRESENTATION('',(#5536),#5540);
#5536 = LINE('',#5537,#5538);
#5537 = CARTESIAN_POINT('',(0.,-5.));
#5538 = VECTOR('',#5539,1.);
#5539 = DIRECTION('',(1.,0.));
#5540 = ( GEOMETRIC_REPRESENTATION_CONTEXT(2)
PARAMETRIC_REPRESENTATION_CONTEXT() REPRESENTATION_CONTEXT('2D SPACE',''
  ) );
#5541 = ADVANCED_FACE('',(#5542),#4474,.F.);
#5542 = FACE_BOUND('',#5543,.F.);
#5543 = EDGE_LOOP('',(#5544,#5545,#5546,#5569));
#5544 = ORIENTED_EDGE('',*,*,#4460,.F.);
#5545 = ORIENTED_EDGE('',*,*,#5420,.T.);
#5546 = ORIENTED_EDGE('',*,*,#5547,.T.);
#5547 = EDGE_CURVE('',#5421,#5548,#5550,.T.);
#5548 = VERTEX_POINT('',#5549);
#5549 = CARTESIAN_POINT('',(-12.65,27.3,2.5));
#5550 = SURFACE_CURVE('',#5551,(#5555,#5562),.PCURVE_S1.);
#5551 = LINE('',#5552,#5553);
#5552 = CARTESIAN_POINT('',(-15.05,27.3,2.5));
#5553 = VECTOR('',#5554,1.);
#5554 = DIRECTION('',(1.,0.,0.));
#5555 = PCURVE('',#4474,#5556);
#5556 = DEFINITIONAL_REPRESENTATION('',(#5557),#5561);
#5557 = LINE('',#5558,#5559);
#5558 = CARTESIAN_POINT('',(0.9,0.));
#5559 = VECTOR('',#5560,1.);
#5560 = DIRECTION('',(0.,1.));
#5561 = ( GEOMETRIC_REPRESENTATION_CONTEXT(2)
PARAMETRIC_REPRESENTATION_CONTEXT() REPRESENTATION_CONTEXT('2D SPACE',''
  ) );
#5562 = PCURVE('',#5481,#5563);
#5563 = DEFINITIONAL_REPRESENTATION('',(#5564),#5568);
#5564 = LINE('',#5565,#5566);
#5565 = CARTESIAN_POINT('',(0.,0.));
#5566 = VECTOR('',#5567,1.);
#5567 = DIRECTION('',(1.,0.));
#5568 = ( GEOMETRIC_REPRESENTATION_CONTEXT(2)
PARAMETRIC_REPRESENTATION_CONTEXT() REPRESENTATION_CONTEXT('2D SPACE',''
  ) );
#5569 = ORIENTED_EDGE('',*,*,#5570,.F.);
#5570 = EDGE_CURVE('',#4433,#5548,#5571,.T.);
#5571 = SURFACE_CURVE('',#5572,(#5576,#5583),.PCURVE_S1.);
#5572 = LINE('',#5573,#5574);
#5573 = CARTESIAN_POINT('',(-12.65,27.3,1.6));
#5574 = VECTOR('',#5575,1.);
#5575 = DIRECTION('',(0.,0.,1.));
#5576 = PCURVE('',#4474,#5577);
#5577 = DEFINITIONAL_REPRESENTATION('',(#5578),#5582);
#5578 = LINE('',#5579,#5580);
#5579 = CARTESIAN_POINT('',(0.,2.4));
#5580 = VECTOR('',#5581,1.);
#5581 = DIRECTION('',(1.,0.));
#5582 = ( GEOMETRIC_REPRESENTATION_CONTEXT(2)
PARAMETRIC_REPRESENTATION_CONTEXT() REPRESENTATION_CONTEXT('2D SPACE',''
  ) );
#5583 = PCURVE('',#4448,#5584);
#5584 = DEFINITIONAL_REPRESENTATION('',(#5585),#5589);
#5585 = LINE('',#5586,#5587);
#5586 = CARTESIAN_POINT('',(0.,0.));
#5587 = VECTOR('',#5588,1.);
#5588 = DIRECTION('',(1.,0.));
#5589 = ( GEOMETRIC_REPRESENTATION_CONTEXT(2)
PARAMETRIC_REPRESENTATION_CONTEXT() REPRESENTATION_CONTEXT('2D SPACE',''
  ) );
#5590 = ADVANCED_FACE('',(#5591),#4448,.T.);
#5591 = FACE_BOUND('',#5592,.T.);
#5592 = EDGE_LOOP('',(#5593,#5594,#5595,#5596));
#5593 = ORIENTED_EDGE('',*,*,#5570,.F.);
#5594 = ORIENTED_EDGE('',*,*,#4432,.T.);
#5595 = ORIENTED_EDGE('',*,*,#5521,.T.);
#5596 = ORIENTED_EDGE('',*,*,#5597,.F.);
#5597 = EDGE_CURVE('',#5548,#5499,#5598,.T.);
#5598 = SURFACE_CURVE('',#5599,(#5603,#5610),.PCURVE_S1.);
#5599 = LINE('',#5600,#5601);
#5600 = CARTESIAN_POINT('',(-12.65,27.3,2.5));
#5601 = VECTOR('',#5602,1.);
#5602 = DIRECTION('',(0.,1.,0.));
#5603 = PCURVE('',#4448,#5604);
#5604 = DEFINITIONAL_REPRESENTATION('',(#5605),#5609);
#5605 = LINE('',#5606,#5607);
#5606 = CARTESIAN_POINT('',(0.9,0.));
#5607 = VECTOR('',#5608,1.);
#5608 = DIRECTION('',(0.,-1.));
#5609 = ( GEOMETRIC_REPRESENTATION_CONTEXT(2)
PARAMETRIC_REPRESENTATION_CONTEXT() REPRESENTATION_CONTEXT('2D SPACE',''
  ) );
#5610 = PCURVE('',#5481,#5611);
#5611 = DEFINITIONAL_REPRESENTATION('',(#5612),#5616);
#5612 = LINE('',#5613,#5614);
#5613 = CARTESIAN_POINT('',(2.4,0.));
#5614 = VECTOR('',#5615,1.);
#5615 = DIRECTION('',(0.,1.));
#5616 = ( GEOMETRIC_REPRESENTATION_CONTEXT(2)
PARAMETRIC_REPRESENTATION_CONTEXT() REPRESENTATION_CONTEXT('2D SPACE',''
  ) );
#5617 = ADVANCED_FACE('',(#5618),#4518,.F.);
#5618 = FACE_BOUND('',#5619,.F.);
#5619 = EDGE_LOOP('',(#5620,#5643,#5644,#5667));
#5620 = ORIENTED_EDGE('',*,*,#5621,.F.);
#5621 = EDGE_CURVE('',#4501,#5622,#5624,.T.);
#5622 = VERTEX_POINT('',#5623);
#5623 = CARTESIAN_POINT('',(12.65,27.3,2.5));
#5624 = SURFACE_CURVE('',#5625,(#5629,#5636),.PCURVE_S1.);
#5625 = LINE('',#5626,#5627);
#5626 = CARTESIAN_POINT('',(12.65,27.3,1.6));
#5627 = VECTOR('',#5628,1.);
#5628 = DIRECTION('',(0.,0.,1.));
#5629 = PCURVE('',#4518,#5630);
#5630 = DEFINITIONAL_REPRESENTATION('',(#5631),#5635);
#5631 = LINE('',#5632,#5633);
#5632 = CARTESIAN_POINT('',(0.,0.));
#5633 = VECTOR('',#5634,1.);
#5634 = DIRECTION('',(1.,0.));
#5635 = ( GEOMETRIC_REPRESENTATION_CONTEXT(2)
PARAMETRIC_REPRESENTATION_CONTEXT() REPRESENTATION_CONTEXT('2D SPACE',''
  ) );
#5636 = PCURVE('',#4600,#5637);
#5637 = DEFINITIONAL_REPRESENTATION('',(#5638),#5642);
#5638 = LINE('',#5639,#5640);
#5639 = CARTESIAN_POINT('',(0.,0.));
#5640 = VECTOR('',#5641,1.);
#5641 = DIRECTION('',(1.,0.));
#5642 = ( GEOMETRIC_REPRESENTATION_CONTEXT(2)
PARAMETRIC_REPRESENTATION_CONTEXT() REPRESENTATION_CONTEXT('2D SPACE',''
  ) );
#5643 = ORIENTED_EDGE('',*,*,#4500,.T.);
#5644 = ORIENTED_EDGE('',*,*,#5645,.T.);
#5645 = EDGE_CURVE('',#4503,#5646,#5648,.T.);
#5646 = VERTEX_POINT('',#5647);
#5647 = CARTESIAN_POINT('',(12.65,32.3,2.5));
#5648 = SURFACE_CURVE('',#5649,(#5653,#5660),.PCURVE_S1.);
#5649 = LINE('',#5650,#5651);
#5650 = CARTESIAN_POINT('',(12.65,32.3,1.6));
#5651 = VECTOR('',#5652,1.);
#5652 = DIRECTION('',(0.,0.,1.));
#5653 = PCURVE('',#4518,#5654);
#5654 = DEFINITIONAL_REPRESENTATION('',(#5655),#5659);
#5655 = LINE('',#5656,#5657);
#5656 = CARTESIAN_POINT('',(0.,-5.));
#5657 = VECTOR('',#5658,1.);
#5658 = DIRECTION('',(1.,0.));
#5659 = ( GEOMETRIC_REPRESENTATION_CONTEXT(2)
PARAMETRIC_REPRESENTATION_CONTEXT() REPRESENTATION_CONTEXT('2D SPACE',''
  ) );
#5660 = PCURVE('',#4546,#5661);
#5661 = DEFINITIONAL_REPRESENTATION('',(#5662),#5666);
#5662 = LINE('',#5663,#5664);
#5663 = CARTESIAN_POINT('',(0.,0.));
#5664 = VECTOR('',#5665,1.);
#5665 = DIRECTION('',(1.,0.));
#5666 = ( GEOMETRIC_REPRESENTATION_CONTEXT(2)
PARAMETRIC_REPRESENTATION_CONTEXT() REPRESENTATION_CONTEXT('2D SPACE',''
  ) );
#5667 = ORIENTED_EDGE('',*,*,#5668,.F.);
#5668 = EDGE_CURVE('',#5622,#5646,#5669,.T.);
#5669 = SURFACE_CURVE('',#5670,(#5674,#5681),.PCURVE_S1.);
#5670 = LINE('',#5671,#5672);
#5671 = CARTESIAN_POINT('',(12.65,27.3,2.5));
#5672 = VECTOR('',#5673,1.);
#5673 = DIRECTION('',(0.,1.,0.));
#5674 = PCURVE('',#4518,#5675);
#5675 = DEFINITIONAL_REPRESENTATION('',(#5676),#5680);
#5676 = LINE('',#5677,#5678);
#5677 = CARTESIAN_POINT('',(0.9,0.));
#5678 = VECTOR('',#5679,1.);
#5679 = DIRECTION('',(0.,-1.));
#5680 = ( GEOMETRIC_REPRESENTATION_CONTEXT(2)
PARAMETRIC_REPRESENTATION_CONTEXT() REPRESENTATION_CONTEXT('2D SPACE',''
  ) );
#5681 = PCURVE('',#5682,#5687);
#5682 = PLANE('',#5683);
#5683 = AXIS2_PLACEMENT_3D('',#5684,#5685,#5686);
#5684 = CARTESIAN_POINT('',(12.65,27.3,2.5));
#5685 = DIRECTION('',(0.,0.,1.));
#5686 = DIRECTION('',(1.,0.,0.));
#5687 = DEFINITIONAL_REPRESENTATION('',(#5688),#5692);
#5688 = LINE('',#5689,#5690);
#5689 = CARTESIAN_POINT('',(0.,0.));
#5690 = VECTOR('',#5691,1.);
#5691 = DIRECTION('',(0.,1.));
#5692 = ( GEOMETRIC_REPRESENTATION_CONTEXT(2)
PARAMETRIC_REPRESENTATION_CONTEXT() REPRESENTATION_CONTEXT('2D SPACE',''
  ) );
#5693 = ADVANCED_FACE('',(#5694),#4546,.T.);
#5694 = FACE_BOUND('',#5695,.T.);
#5695 = EDGE_LOOP('',(#5696,#5697,#5698,#5721));
#5696 = ORIENTED_EDGE('',*,*,#4530,.F.);
#5697 = ORIENTED_EDGE('',*,*,#5645,.T.);
#5698 = ORIENTED_EDGE('',*,*,#5699,.T.);
#5699 = EDGE_CURVE('',#5646,#5700,#5702,.T.);
#5700 = VERTEX_POINT('',#5701);
#5701 = CARTESIAN_POINT('',(15.05,32.3,2.5));
#5702 = SURFACE_CURVE('',#5703,(#5707,#5714),.PCURVE_S1.);
#5703 = LINE('',#5704,#5705);
#5704 = CARTESIAN_POINT('',(12.65,32.3,2.5));
#5705 = VECTOR('',#5706,1.);
#5706 = DIRECTION('',(1.,0.,0.));
#5707 = PCURVE('',#4546,#5708);
#5708 = DEFINITIONAL_REPRESENTATION('',(#5709),#5713);
#5709 = LINE('',#5710,#5711);
#5710 = CARTESIAN_POINT('',(0.9,0.));
#5711 = VECTOR('',#5712,1.);
#5712 = DIRECTION('',(0.,1.));
#5713 = ( GEOMETRIC_REPRESENTATION_CONTEXT(2)
PARAMETRIC_REPRESENTATION_CONTEXT() REPRESENTATION_CONTEXT('2D SPACE',''
  ) );
#5714 = PCURVE('',#5682,#5715);
#5715 = DEFINITIONAL_REPRESENTATION('',(#5716),#5720);
#5716 = LINE('',#5717,#5718);
#5717 = CARTESIAN_POINT('',(0.,5.));
#5718 = VECTOR('',#5719,1.);
#5719 = DIRECTION('',(1.,0.));
#5720 = ( GEOMETRIC_REPRESENTATION_CONTEXT(2)
PARAMETRIC_REPRESENTATION_CONTEXT() REPRESENTATION_CONTEXT('2D SPACE',''
  ) );
#5721 = ORIENTED_EDGE('',*,*,#5722,.F.);
#5722 = EDGE_CURVE('',#4531,#5700,#5723,.T.);
#5723 = SURFACE_CURVE('',#5724,(#5728,#5735),.PCURVE_S1.);
#5724 = LINE('',#5725,#5726);
#5725 = CARTESIAN_POINT('',(15.05,32.3,1.6));
#5726 = VECTOR('',#5727,1.);
#5727 = DIRECTION('',(0.,0.,1.));
#5728 = PCURVE('',#4546,#5729);
#5729 = DEFINITIONAL_REPRESENTATION('',(#5730),#5734);
#5730 = LINE('',#5731,#5732);
#5731 = CARTESIAN_POINT('',(0.,2.4));
#5732 = VECTOR('',#5733,1.);
#5733 = DIRECTION('',(1.,0.));
#5734 = ( GEOMETRIC_REPRESENTATION_CONTEXT(2)
PARAMETRIC_REPRESENTATION_CONTEXT() REPRESENTATION_CONTEXT('2D SPACE',''
  ) );
#5735 = PCURVE('',#4574,#5736);
#5736 = DEFINITIONAL_REPRESENTATION('',(#5737),#5741);
#5737 = LINE('',#5738,#5739);
#5738 = CARTESIAN_POINT('',(0.,-5.));
#5739 = VECTOR('',#5740,1.);
#5740 = DIRECTION('',(1.,0.));
#5741 = ( GEOMETRIC_REPRESENTATION_CONTEXT(2)
PARAMETRIC_REPRESENTATION_CONTEXT() REPRESENTATION_CONTEXT('2D SPACE',''
  ) );
#5742 = ADVANCED_FACE('',(#5743),#4600,.F.);
#5743 = FACE_BOUND('',#5744,.F.);
#5744 = EDGE_LOOP('',(#5745,#5746,#5747,#5770));
#5745 = ORIENTED_EDGE('',*,*,#4586,.F.);
#5746 = ORIENTED_EDGE('',*,*,#5621,.T.);
#5747 = ORIENTED_EDGE('',*,*,#5748,.T.);
#5748 = EDGE_CURVE('',#5622,#5749,#5751,.T.);
#5749 = VERTEX_POINT('',#5750);
#5750 = CARTESIAN_POINT('',(15.05,27.3,2.5));
#5751 = SURFACE_CURVE('',#5752,(#5756,#5763),.PCURVE_S1.);
#5752 = LINE('',#5753,#5754);
#5753 = CARTESIAN_POINT('',(12.65,27.3,2.5));
#5754 = VECTOR('',#5755,1.);
#5755 = DIRECTION('',(1.,0.,0.));
#5756 = PCURVE('',#4600,#5757);
#5757 = DEFINITIONAL_REPRESENTATION('',(#5758),#5762);
#5758 = LINE('',#5759,#5760);
#5759 = CARTESIAN_POINT('',(0.9,0.));
#5760 = VECTOR('',#5761,1.);
#5761 = DIRECTION('',(0.,1.));
#5762 = ( GEOMETRIC_REPRESENTATION_CONTEXT(2)
PARAMETRIC_REPRESENTATION_CONTEXT() REPRESENTATION_CONTEXT('2D SPACE',''
  ) );
#5763 = PCURVE('',#5682,#5764);
#5764 = DEFINITIONAL_REPRESENTATION('',(#5765),#5769);
#5765 = LINE('',#5766,#5767);
#5766 = CARTESIAN_POINT('',(0.,0.));
#5767 = VECTOR('',#5768,1.);
#5768 = DIRECTION('',(1.,0.));
#5769 = ( GEOMETRIC_REPRESENTATION_CONTEXT(2)
PARAMETRIC_REPRESENTATION_CONTEXT() REPRESENTATION_CONTEXT('2D SPACE',''
  ) );
#5770 = ORIENTED_EDGE('',*,*,#5771,.F.);
#5771 = EDGE_CURVE('',#4559,#5749,#5772,.T.);
#5772 = SURFACE_CURVE('',#5773,(#5777,#5784),.PCURVE_S1.);
#5773 = LINE('',#5774,#5775);
#5774 = CARTESIAN_POINT('',(15.05,27.3,1.6));
#5775 = VECTOR('',#5776,1.);
#5776 = DIRECTION('',(0.,0.,1.));
#5777 = PCURVE('',#4600,#5778);
#5778 = DEFINITIONAL_REPRESENTATION('',(#5779),#5783);
#5779 = LINE('',#5780,#5781);
#5780 = CARTESIAN_POINT('',(0.,2.4));
#5781 = VECTOR('',#5782,1.);
#5782 = DIRECTION('',(1.,0.));
#5783 = ( GEOMETRIC_REPRESENTATION_CONTEXT(2)
PARAMETRIC_REPRESENTATION_CONTEXT() REPRESENTATION_CONTEXT('2D SPACE',''
  ) );
#5784 = PCURVE('',#4574,#5785);
#5785 = DEFINITIONAL_REPRESENTATION('',(#5786),#5790);
#5786 = LINE('',#5787,#5788);
#5787 = CARTESIAN_POINT('',(0.,0.));
#5788 = VECTOR('',#5789,1.);
#5789 = DIRECTION('',(1.,0.));
#5790 = ( GEOMETRIC_REPRESENTATION_CONTEXT(2)
PARAMETRIC_REPRESENTATION_CONTEXT() REPRESENTATION_CONTEXT('2D SPACE',''
  ) );
#5791 = ADVANCED_FACE('',(#5792),#4574,.T.);
#5792 = FACE_BOUND('',#5793,.T.);
#5793 = EDGE_LOOP('',(#5794,#5795,#5796,#5797));
#5794 = ORIENTED_EDGE('',*,*,#5771,.F.);
#5795 = ORIENTED_EDGE('',*,*,#4558,.T.);
#5796 = ORIENTED_EDGE('',*,*,#5722,.T.);
#5797 = ORIENTED_EDGE('',*,*,#5798,.F.);
#5798 = EDGE_CURVE('',#5749,#5700,#5799,.T.);
#5799 = SURFACE_CURVE('',#5800,(#5804,#5811),.PCURVE_S1.);
#5800 = LINE('',#5801,#5802);
#5801 = CARTESIAN_POINT('',(15.05,27.3,2.5));
#5802 = VECTOR('',#5803,1.);
#5803 = DIRECTION('',(0.,1.,0.));
#5804 = PCURVE('',#4574,#5805);
#5805 = DEFINITIONAL_REPRESENTATION('',(#5806),#5810);
#5806 = LINE('',#5807,#5808);
#5807 = CARTESIAN_POINT('',(0.9,0.));
#5808 = VECTOR('',#5809,1.);
#5809 = DIRECTION('',(0.,-1.));
#5810 = ( GEOMETRIC_REPRESENTATION_CONTEXT(2)
PARAMETRIC_REPRESENTATION_CONTEXT() REPRESENTATION_CONTEXT('2D SPACE',''
  ) );
#5811 = PCURVE('',#5682,#5812);
#5812 = DEFINITIONAL_REPRESENTATION('',(#5813),#5817);
#5813 = LINE('',#5814,#5815);
#5814 = CARTESIAN_POINT('',(2.4,0.));
#5815 = VECTOR('',#5816,1.);
#5816 = DIRECTION('',(0.,1.));
#5817 = ( GEOMETRIC_REPRESENTATION_CONTEXT(2)
PARAMETRIC_REPRESENTATION_CONTEXT() REPRESENTATION_CONTEXT('2D SPACE',''
  ) );
#5818 = ADVANCED_FACE('',(#5819),#5079,.T.);
#5819 = FACE_BOUND('',#5820,.T.);
#5820 = EDGE_LOOP('',(#5821,#5822,#5823,#5824));
#5821 = ORIENTED_EDGE('',*,*,#5065,.F.);
#5822 = ORIENTED_EDGE('',*,*,#5145,.T.);
#5823 = ORIENTED_EDGE('',*,*,#5195,.T.);
#5824 = ORIENTED_EDGE('',*,*,#5096,.F.);
#5825 = ADVANCED_FACE('',(#5826),#5280,.T.);
#5826 = FACE_BOUND('',#5827,.T.);
#5827 = EDGE_LOOP('',(#5828,#5829,#5830,#5831));
#5828 = ORIENTED_EDGE('',*,*,#5266,.F.);
#5829 = ORIENTED_EDGE('',*,*,#5346,.T.);
#5830 = ORIENTED_EDGE('',*,*,#5396,.T.);
#5831 = ORIENTED_EDGE('',*,*,#5297,.F.);
#5832 = ADVANCED_FACE('',(#5833),#5481,.T.);
#5833 = FACE_BOUND('',#5834,.T.);
#5834 = EDGE_LOOP('',(#5835,#5836,#5837,#5838));
#5835 = ORIENTED_EDGE('',*,*,#5467,.F.);
#5836 = ORIENTED_EDGE('',*,*,#5547,.T.);
#5837 = ORIENTED_EDGE('',*,*,#5597,.T.);
#5838 = ORIENTED_EDGE('',*,*,#5498,.F.);
#5839 = ADVANCED_FACE('',(#5840),#5682,.T.);
#5840 = FACE_BOUND('',#5841,.T.);
#5841 = EDGE_LOOP('',(#5842,#5843,#5844,#5845));
#5842 = ORIENTED_EDGE('',*,*,#5668,.F.);
#5843 = ORIENTED_EDGE('',*,*,#5748,.T.);
#5844 = ORIENTED_EDGE('',*,*,#5798,.T.);
#5845 = ORIENTED_EDGE('',*,*,#5699,.F.);
#5846 = MANIFOLD_SOLID_BREP('',#5847);
#5847 = CLOSED_SHELL('',(#5848,#5968,#6068,#6115,#6162,#6169));
#5848 = ADVANCED_FACE('',(#5849),#5863,.F.);
#5849 = FACE_BOUND('',#5850,.F.);
#5850 = EDGE_LOOP('',(#5851,#5886,#5914,#5942));
#5851 = ORIENTED_EDGE('',*,*,#5852,.F.);
#5852 = EDGE_CURVE('',#5853,#5855,#5857,.T.);
#5853 = VERTEX_POINT('',#5854);
#5854 = CARTESIAN_POINT('',(-9.,30.5,2.));
#5855 = VERTEX_POINT('',#5856);
#5856 = CARTESIAN_POINT('',(-9.,30.5,4.6));
#5857 = SURFACE_CURVE('',#5858,(#5862,#5874),.PCURVE_S1.);
#5858 = LINE('',#5859,#5860);
#5859 = CARTESIAN_POINT('',(-9.,30.5,2.));
#5860 = VECTOR('',#5861,1.);
#5861 = DIRECTION('',(0.,0.,1.));
#5862 = PCURVE('',#5863,#5868);
#5863 = PLANE('',#5864);
#5864 = AXIS2_PLACEMENT_3D('',#5865,#5866,#5867);
#5865 = CARTESIAN_POINT('',(-9.,30.5,2.));
#5866 = DIRECTION('',(1.,0.,0.));
#5867 = DIRECTION('',(0.,0.,1.));
#5868 = DEFINITIONAL_REPRESENTATION('',(#5869),#5873);
#5869 = LINE('',#5870,#5871);
#5870 = CARTESIAN_POINT('',(0.,0.));
#5871 = VECTOR('',#5872,1.);
#5872 = DIRECTION('',(1.,0.));
#5873 = ( GEOMETRIC_REPRESENTATION_CONTEXT(2)
PARAMETRIC_REPRESENTATION_CONTEXT() REPRESENTATION_CONTEXT('2D SPACE',''
  ) );
#5874 = PCURVE('',#5875,#5880);
#5875 = PLANE('',#5876);
#5876 = AXIS2_PLACEMENT_3D('',#5877,#5878,#5879);
#5877 = CARTESIAN_POINT('',(-9.,30.5,2.));
#5878 = DIRECTION('',(0.,1.,0.));
#5879 = DIRECTION('',(0.,0.,1.));
#5880 = DEFINITIONAL_REPRESENTATION('',(#5881),#5885);
#5881 = LINE('',#5882,#5883);
#5882 = CARTESIAN_POINT('',(0.,0.));
#5883 = VECTOR('',#5884,1.);
#5884 = DIRECTION('',(1.,0.));
#5885 = ( GEOMETRIC_REPRESENTATION_CONTEXT(2)
PARAMETRIC_REPRESENTATION_CONTEXT() REPRESENTATION_CONTEXT('2D SPACE',''
  ) );
#5886 = ORIENTED_EDGE('',*,*,#5887,.T.);
#5887 = EDGE_CURVE('',#5853,#5888,#5890,.T.);
#5888 = VERTEX_POINT('',#5889);
#5889 = CARTESIAN_POINT('',(-9.,33.1,2.));
#5890 = SURFACE_CURVE('',#5891,(#5895,#5902),.PCURVE_S1.);
#5891 = LINE('',#5892,#5893);
#5892 = CARTESIAN_POINT('',(-9.,30.5,2.));
#5893 = VECTOR('',#5894,1.);
#5894 = DIRECTION('',(0.,1.,0.));
#5895 = PCURVE('',#5863,#5896);
#5896 = DEFINITIONAL_REPRESENTATION('',(#5897),#5901);
#5897 = LINE('',#5898,#5899);
#5898 = CARTESIAN_POINT('',(0.,0.));
#5899 = VECTOR('',#5900,1.);
#5900 = DIRECTION('',(0.,-1.));
#5901 = ( GEOMETRIC_REPRESENTATION_CONTEXT(2)
PARAMETRIC_REPRESENTATION_CONTEXT() REPRESENTATION_CONTEXT('2D SPACE',''
  ) );
#5902 = PCURVE('',#5903,#5908);
#5903 = PLANE('',#5904);
#5904 = AXIS2_PLACEMENT_3D('',#5905,#5906,#5907);
#5905 = CARTESIAN_POINT('',(-9.,30.5,2.));
#5906 = DIRECTION('',(0.,0.,1.));
#5907 = DIRECTION('',(1.,0.,0.));
#5908 = DEFINITIONAL_REPRESENTATION('',(#5909),#5913);
#5909 = LINE('',#5910,#5911);
#5910 = CARTESIAN_POINT('',(0.,0.));
#5911 = VECTOR('',#5912,1.);
#5912 = DIRECTION('',(0.,1.));
#5913 = ( GEOMETRIC_REPRESENTATION_CONTEXT(2)
PARAMETRIC_REPRESENTATION_CONTEXT() REPRESENTATION_CONTEXT('2D SPACE',''
  ) );
#5914 = ORIENTED_EDGE('',*,*,#5915,.T.);
#5915 = EDGE_CURVE('',#5888,#5916,#5918,.T.);
#5916 = VERTEX_POINT('',#5917);
#5917 = CARTESIAN_POINT('',(-9.,33.1,4.6));
#5918 = SURFACE_CURVE('',#5919,(#5923,#5930),.PCURVE_S1.);
#5919 = LINE('',#5920,#5921);
#5920 = CARTESIAN_POINT('',(-9.,33.1,2.));
#5921 = VECTOR('',#5922,1.);
#5922 = DIRECTION('',(0.,0.,1.));
#5923 = PCURVE('',#5863,#5924);
#5924 = DEFINITIONAL_REPRESENTATION('',(#5925),#5929);
#5925 = LINE('',#5926,#5927);
#5926 = CARTESIAN_POINT('',(0.,-2.6));
#5927 = VECTOR('',#5928,1.);
#5928 = DIRECTION('',(1.,0.));
#5929 = ( GEOMETRIC_REPRESENTATION_CONTEXT(2)
PARAMETRIC_REPRESENTATION_CONTEXT() REPRESENTATION_CONTEXT('2D SPACE',''
  ) );
#5930 = PCURVE('',#5931,#5936);
#5931 = PLANE('',#5932);
#5932 = AXIS2_PLACEMENT_3D('',#5933,#5934,#5935);
#5933 = CARTESIAN_POINT('',(-9.,33.1,2.));
#5934 = DIRECTION('',(0.,1.,0.));
#5935 = DIRECTION('',(0.,0.,1.));
#5936 = DEFINITIONAL_REPRESENTATION('',(#5937),#5941);
#5937 = LINE('',#5938,#5939);
#5938 = CARTESIAN_POINT('',(0.,0.));
#5939 = VECTOR('',#5940,1.);
#5940 = DIRECTION('',(1.,0.));
#5941 = ( GEOMETRIC_REPRESENTATION_CONTEXT(2)
PARAMETRIC_REPRESENTATION_CONTEXT() REPRESENTATION_CONTEXT('2D SPACE',''
  ) );
#5942 = ORIENTED_EDGE('',*,*,#5943,.F.);
#5943 = EDGE_CURVE('',#5855,#5916,#5944,.T.);
#5944 = SURFACE_CURVE('',#5945,(#5949,#5956),.PCURVE_S1.);
#5945 = LINE('',#5946,#5947);
#5946 = CARTESIAN_POINT('',(-9.,30.5,4.6));
#5947 = VECTOR('',#5948,1.);
#5948 = DIRECTION('',(0.,1.,0.));
#5949 = PCURVE('',#5863,#5950);
#5950 = DEFINITIONAL_REPRESENTATION('',(#5951),#5955);
#5951 = LINE('',#5952,#5953);
#5952 = CARTESIAN_POINT('',(2.6,0.));
#5953 = VECTOR('',#5954,1.);
#5954 = DIRECTION('',(0.,-1.));
#5955 = ( GEOMETRIC_REPRESENTATION_CONTEXT(2)
PARAMETRIC_REPRESENTATION_CONTEXT() REPRESENTATION_CONTEXT('2D SPACE',''
  ) );
#5956 = PCURVE('',#5957,#5962);
#5957 = PLANE('',#5958);
#5958 = AXIS2_PLACEMENT_3D('',#5959,#5960,#5961);
#5959 = CARTESIAN_POINT('',(-9.,30.5,4.6));
#5960 = DIRECTION('',(0.,0.,1.));
#5961 = DIRECTION('',(1.,0.,0.));
#5962 = DEFINITIONAL_REPRESENTATION('',(#5963),#5967);
#5963 = LINE('',#5964,#5965);
#5964 = CARTESIAN_POINT('',(0.,0.));
#5965 = VECTOR('',#5966,1.);
#5966 = DIRECTION('',(0.,1.));
#5967 = ( GEOMETRIC_REPRESENTATION_CONTEXT(2)
PARAMETRIC_REPRESENTATION_CONTEXT() REPRESENTATION_CONTEXT('2D SPACE',''
  ) );
#5968 = ADVANCED_FACE('',(#5969),#5983,.T.);
#5969 = FACE_BOUND('',#5970,.T.);
#5970 = EDGE_LOOP('',(#5971,#6001,#6024,#6047));
#5971 = ORIENTED_EDGE('',*,*,#5972,.F.);
#5972 = EDGE_CURVE('',#5973,#5975,#5977,.T.);
#5973 = VERTEX_POINT('',#5974);
#5974 = CARTESIAN_POINT('',(9.,30.5,2.));
#5975 = VERTEX_POINT('',#5976);
#5976 = CARTESIAN_POINT('',(9.,30.5,4.6));
#5977 = SURFACE_CURVE('',#5978,(#5982,#5994),.PCURVE_S1.);
#5978 = LINE('',#5979,#5980);
#5979 = CARTESIAN_POINT('',(9.,30.5,2.));
#5980 = VECTOR('',#5981,1.);
#5981 = DIRECTION('',(0.,0.,1.));
#5982 = PCURVE('',#5983,#5988);
#5983 = PLANE('',#5984);
#5984 = AXIS2_PLACEMENT_3D('',#5985,#5986,#5987);
#5985 = CARTESIAN_POINT('',(9.,30.5,2.));
#5986 = DIRECTION('',(1.,0.,0.));
#5987 = DIRECTION('',(0.,0.,1.));
#5988 = DEFINITIONAL_REPRESENTATION('',(#5989),#5993);
#5989 = LINE('',#5990,#5991);
#5990 = CARTESIAN_POINT('',(0.,0.));
#5991 = VECTOR('',#5992,1.);
#5992 = DIRECTION('',(1.,0.));
#5993 = ( GEOMETRIC_REPRESENTATION_CONTEXT(2)
PARAMETRIC_REPRESENTATION_CONTEXT() REPRESENTATION_CONTEXT('2D SPACE',''
  ) );
#5994 = PCURVE('',#5875,#5995);
#5995 = DEFINITIONAL_REPRESENTATION('',(#5996),#6000);
#5996 = LINE('',#5997,#5998);
#5997 = CARTESIAN_POINT('',(0.,18.));
#5998 = VECTOR('',#5999,1.);
#5999 = DIRECTION('',(1.,0.));
#6000 = ( GEOMETRIC_REPRESENTATION_CONTEXT(2)
PARAMETRIC_REPRESENTATION_CONTEXT() REPRESENTATION_CONTEXT('2D SPACE',''
  ) );
#6001 = ORIENTED_EDGE('',*,*,#6002,.T.);
#6002 = EDGE_CURVE('',#5973,#6003,#6005,.T.);
#6003 = VERTEX_POINT('',#6004);
#6004 = CARTESIAN_POINT('',(9.,33.1,2.));
#6005 = SURFACE_CURVE('',#6006,(#6010,#6017),.PCURVE_S1.);
#6006 = LINE('',#6007,#6008);
#6007 = CARTESIAN_POINT('',(9.,30.5,2.));
#6008 = VECTOR('',#6009,1.);
#6009 = DIRECTION('',(0.,1.,0.));
#6010 = PCURVE('',#5983,#6011);
#6011 = DEFINITIONAL_REPRESENTATION('',(#6012),#6016);
#6012 = LINE('',#6013,#6014);
#6013 = CARTESIAN_POINT('',(0.,0.));
#6014 = VECTOR('',#6015,1.);
#6015 = DIRECTION('',(0.,-1.));
#6016 = ( GEOMETRIC_REPRESENTATION_CONTEXT(2)
PARAMETRIC_REPRESENTATION_CONTEXT() REPRESENTATION_CONTEXT('2D SPACE',''
  ) );
#6017 = PCURVE('',#5903,#6018);
#6018 = DEFINITIONAL_REPRESENTATION('',(#6019),#6023);
#6019 = LINE('',#6020,#6021);
#6020 = CARTESIAN_POINT('',(18.,0.));
#6021 = VECTOR('',#6022,1.);
#6022 = DIRECTION('',(0.,1.));
#6023 = ( GEOMETRIC_REPRESENTATION_CONTEXT(2)
PARAMETRIC_REPRESENTATION_CONTEXT() REPRESENTATION_CONTEXT('2D SPACE',''
  ) );
#6024 = ORIENTED_EDGE('',*,*,#6025,.T.);
#6025 = EDGE_CURVE('',#6003,#6026,#6028,.T.);
#6026 = VERTEX_POINT('',#6027);
#6027 = CARTESIAN_POINT('',(9.,33.1,4.6));
#6028 = SURFACE_CURVE('',#6029,(#6033,#6040),.PCURVE_S1.);
#6029 = LINE('',#6030,#6031);
#6030 = CARTESIAN_POINT('',(9.,33.1,2.));
#6031 = VECTOR('',#6032,1.);
#6032 = DIRECTION('',(0.,0.,1.));
#6033 = PCURVE('',#5983,#6034);
#6034 = DEFINITIONAL_REPRESENTATION('',(#6035),#6039);
#6035 = LINE('',#6036,#6037);
#6036 = CARTESIAN_POINT('',(0.,-2.6));
#6037 = VECTOR('',#6038,1.);
#6038 = DIRECTION('',(1.,0.));
#6039 = ( GEOMETRIC_REPRESENTATION_CONTEXT(2)
PARAMETRIC_REPRESENTATION_CONTEXT() REPRESENTATION_CONTEXT('2D SPACE',''
  ) );
#6040 = PCURVE('',#5931,#6041);
#6041 = DEFINITIONAL_REPRESENTATION('',(#6042),#6046);
#6042 = LINE('',#6043,#6044);
#6043 = CARTESIAN_POINT('',(0.,18.));
#6044 = VECTOR('',#6045,1.);
#6045 = DIRECTION('',(1.,0.));
#6046 = ( GEOMETRIC_REPRESENTATION_CONTEXT(2)
PARAMETRIC_REPRESENTATION_CONTEXT() REPRESENTATION_CONTEXT('2D SPACE',''
  ) );
#6047 = ORIENTED_EDGE('',*,*,#6048,.F.);
#6048 = EDGE_CURVE('',#5975,#6026,#6049,.T.);
#6049 = SURFACE_CURVE('',#6050,(#6054,#6061),.PCURVE_S1.);
#6050 = LINE('',#6051,#6052);
#6051 = CARTESIAN_POINT('',(9.,30.5,4.6));
#6052 = VECTOR('',#6053,1.);
#6053 = DIRECTION('',(0.,1.,0.));
#6054 = PCURVE('',#5983,#6055);
#6055 = DEFINITIONAL_REPRESENTATION('',(#6056),#6060);
#6056 = LINE('',#6057,#6058);
#6057 = CARTESIAN_POINT('',(2.6,0.));
#6058 = VECTOR('',#6059,1.);
#6059 = DIRECTION('',(0.,-1.));
#6060 = ( GEOMETRIC_REPRESENTATION_CONTEXT(2)
PARAMETRIC_REPRESENTATION_CONTEXT() REPRESENTATION_CONTEXT('2D SPACE',''
  ) );
#6061 = PCURVE('',#5957,#6062);
#6062 = DEFINITIONAL_REPRESENTATION('',(#6063),#6067);
#6063 = LINE('',#6064,#6065);
#6064 = CARTESIAN_POINT('',(18.,0.));
#6065 = VECTOR('',#6066,1.);
#6066 = DIRECTION('',(0.,1.));
#6067 = ( GEOMETRIC_REPRESENTATION_CONTEXT(2)
PARAMETRIC_REPRESENTATION_CONTEXT() REPRESENTATION_CONTEXT('2D SPACE',''
  ) );
#6068 = ADVANCED_FACE('',(#6069),#5875,.F.);
#6069 = FACE_BOUND('',#6070,.F.);
#6070 = EDGE_LOOP('',(#6071,#6092,#6093,#6114));
#6071 = ORIENTED_EDGE('',*,*,#6072,.F.);
#6072 = EDGE_CURVE('',#5853,#5973,#6073,.T.);
#6073 = SURFACE_CURVE('',#6074,(#6078,#6085),.PCURVE_S1.);
#6074 = LINE('',#6075,#6076);
#6075 = CARTESIAN_POINT('',(-9.,30.5,2.));
#6076 = VECTOR('',#6077,1.);
#6077 = DIRECTION('',(1.,0.,0.));
#6078 = PCURVE('',#5875,#6079);
#6079 = DEFINITIONAL_REPRESENTATION('',(#6080),#6084);
#6080 = LINE('',#6081,#6082);
#6081 = CARTESIAN_POINT('',(0.,0.));
#6082 = VECTOR('',#6083,1.);
#6083 = DIRECTION('',(0.,1.));
#6084 = ( GEOMETRIC_REPRESENTATION_CONTEXT(2)
PARAMETRIC_REPRESENTATION_CONTEXT() REPRESENTATION_CONTEXT('2D SPACE',''
  ) );
#6085 = PCURVE('',#5903,#6086);
#6086 = DEFINITIONAL_REPRESENTATION('',(#6087),#6091);
#6087 = LINE('',#6088,#6089);
#6088 = CARTESIAN_POINT('',(0.,0.));
#6089 = VECTOR('',#6090,1.);
#6090 = DIRECTION('',(1.,0.));
#6091 = ( GEOMETRIC_REPRESENTATION_CONTEXT(2)
PARAMETRIC_REPRESENTATION_CONTEXT() REPRESENTATION_CONTEXT('2D SPACE',''
  ) );
#6092 = ORIENTED_EDGE('',*,*,#5852,.T.);
#6093 = ORIENTED_EDGE('',*,*,#6094,.T.);
#6094 = EDGE_CURVE('',#5855,#5975,#6095,.T.);
#6095 = SURFACE_CURVE('',#6096,(#6100,#6107),.PCURVE_S1.);
#6096 = LINE('',#6097,#6098);
#6097 = CARTESIAN_POINT('',(-9.,30.5,4.6));
#6098 = VECTOR('',#6099,1.);
#6099 = DIRECTION('',(1.,0.,0.));
#6100 = PCURVE('',#5875,#6101);
#6101 = DEFINITIONAL_REPRESENTATION('',(#6102),#6106);
#6102 = LINE('',#6103,#6104);
#6103 = CARTESIAN_POINT('',(2.6,0.));
#6104 = VECTOR('',#6105,1.);
#6105 = DIRECTION('',(0.,1.));
#6106 = ( GEOMETRIC_REPRESENTATION_CONTEXT(2)
PARAMETRIC_REPRESENTATION_CONTEXT() REPRESENTATION_CONTEXT('2D SPACE',''
  ) );
#6107 = PCURVE('',#5957,#6108);
#6108 = DEFINITIONAL_REPRESENTATION('',(#6109),#6113);
#6109 = LINE('',#6110,#6111);
#6110 = CARTESIAN_POINT('',(0.,0.));
#6111 = VECTOR('',#6112,1.);
#6112 = DIRECTION('',(1.,0.));
#6113 = ( GEOMETRIC_REPRESENTATION_CONTEXT(2)
PARAMETRIC_REPRESENTATION_CONTEXT() REPRESENTATION_CONTEXT('2D SPACE',''
  ) );
#6114 = ORIENTED_EDGE('',*,*,#5972,.F.);
#6115 = ADVANCED_FACE('',(#6116),#5931,.T.);
#6116 = FACE_BOUND('',#6117,.T.);
#6117 = EDGE_LOOP('',(#6118,#6139,#6140,#6161));
#6118 = ORIENTED_EDGE('',*,*,#6119,.F.);
#6119 = EDGE_CURVE('',#5888,#6003,#6120,.T.);
#6120 = SURFACE_CURVE('',#6121,(#6125,#6132),.PCURVE_S1.);
#6121 = LINE('',#6122,#6123);
#6122 = CARTESIAN_POINT('',(-9.,33.1,2.));
#6123 = VECTOR('',#6124,1.);
#6124 = DIRECTION('',(1.,0.,0.));
#6125 = PCURVE('',#5931,#6126);
#6126 = DEFINITIONAL_REPRESENTATION('',(#6127),#6131);
#6127 = LINE('',#6128,#6129);
#6128 = CARTESIAN_POINT('',(0.,0.));
#6129 = VECTOR('',#6130,1.);
#6130 = DIRECTION('',(0.,1.));
#6131 = ( GEOMETRIC_REPRESENTATION_CONTEXT(2)
PARAMETRIC_REPRESENTATION_CONTEXT() REPRESENTATION_CONTEXT('2D SPACE',''
  ) );
#6132 = PCURVE('',#5903,#6133);
#6133 = DEFINITIONAL_REPRESENTATION('',(#6134),#6138);
#6134 = LINE('',#6135,#6136);
#6135 = CARTESIAN_POINT('',(0.,2.6));
#6136 = VECTOR('',#6137,1.);
#6137 = DIRECTION('',(1.,0.));
#6138 = ( GEOMETRIC_REPRESENTATION_CONTEXT(2)
PARAMETRIC_REPRESENTATION_CONTEXT() REPRESENTATION_CONTEXT('2D SPACE',''
  ) );
#6139 = ORIENTED_EDGE('',*,*,#5915,.T.);
#6140 = ORIENTED_EDGE('',*,*,#6141,.T.);
#6141 = EDGE_CURVE('',#5916,#6026,#6142,.T.);
#6142 = SURFACE_CURVE('',#6143,(#6147,#6154),.PCURVE_S1.);
#6143 = LINE('',#6144,#6145);
#6144 = CARTESIAN_POINT('',(-9.,33.1,4.6));
#6145 = VECTOR('',#6146,1.);
#6146 = DIRECTION('',(1.,0.,0.));
#6147 = PCURVE('',#5931,#6148);
#6148 = DEFINITIONAL_REPRESENTATION('',(#6149),#6153);
#6149 = LINE('',#6150,#6151);
#6150 = CARTESIAN_POINT('',(2.6,0.));
#6151 = VECTOR('',#6152,1.);
#6152 = DIRECTION('',(0.,1.));
#6153 = ( GEOMETRIC_REPRESENTATION_CONTEXT(2)
PARAMETRIC_REPRESENTATION_CONTEXT() REPRESENTATION_CONTEXT('2D SPACE',''
  ) );
#6154 = PCURVE('',#5957,#6155);
#6155 = DEFINITIONAL_REPRESENTATION('',(#6156),#6160);
#6156 = LINE('',#6157,#6158);
#6157 = CARTESIAN_POINT('',(0.,2.6));
#6158 = VECTOR('',#6159,1.);
#6159 = DIRECTION('',(1.,0.));
#6160 = ( GEOMETRIC_REPRESENTATION_CONTEXT(2)
PARAMETRIC_REPRESENTATION_CONTEXT() REPRESENTATION_CONTEXT('2D SPACE',''
  ) );
#6161 = ORIENTED_EDGE('',*,*,#6025,.F.);
#6162 = ADVANCED_FACE('',(#6163),#5903,.F.);
#6163 = FACE_BOUND('',#6164,.F.);
#6164 = EDGE_LOOP('',(#6165,#6166,#6167,#6168));
#6165 = ORIENTED_EDGE('',*,*,#5887,.F.);
#6166 = ORIENTED_EDGE('',*,*,#6072,.T.);
#6167 = ORIENTED_EDGE('',*,*,#6002,.T.);
#6168 = ORIENTED_EDGE('',*,*,#6119,.F.);
#6169 = ADVANCED_FACE('',(#6170),#5957,.T.);
#6170 = FACE_BOUND('',#6171,.T.);
#6171 = EDGE_LOOP('',(#6172,#6173,#6174,#6175));
#6172 = ORIENTED_EDGE('',*,*,#5943,.F.);
#6173 = ORIENTED_EDGE('',*,*,#6094,.T.);
#6174 = ORIENTED_EDGE('',*,*,#6048,.T.);
#6175 = ORIENTED_EDGE('',*,*,#6141,.F.);
#6176 = ( GEOMETRIC_REPRESENTATION_CONTEXT(3)
GLOBAL_UNCERTAINTY_ASSIGNED_CONTEXT((#6180))
GLOBAL_UNIT_ASSIGNED_CONTEXT((#6177,#6178,#6179)) REPRESENTATION_CONTEXT
('Context #1','3D Context with UNIT and UNCERTAINTY') );
#6177 = ( LENGTH_UNIT() NAMED_UNIT(*) SI_UNIT(.MILLI.,.METRE.) );
#6178 = ( NAMED_UNIT(*) PLANE_ANGLE_UNIT() SI_UNIT($,.RADIAN.) );
#6179 = ( NAMED_UNIT(*) SI_UNIT($,.STERADIAN.) SOLID_ANGLE_UNIT() );
#6180 = UNCERTAINTY_MEASURE_WITH_UNIT(LENGTH_MEASURE(1.E-07),#6177,
  'distance_accuracy_value','confusion accuracy');
#6181 = CONTEXT_DEPENDENT_SHAPE_REPRESENTATION(#6182,#6184);
#6182 = ( REPRESENTATION_RELATIONSHIP('','',#86,#63)
REPRESENTATION_RELATIONSHIP_WITH_TRANSFORMATION(#6183)
SHAPE_REPRESENTATION_RELATIONSHIP() );
#6183 = ITEM_DEFINED_TRANSFORMATION('','',#11,#64);
#6184 = PRODUCT_DEFINITION_SHAPE('Placement','Placement of an item',
  #6185);
#6185 = NEXT_ASSEMBLY_USAGE_OCCURRENCE('3','','',#58,#81,$);
#6186 = PRODUCT_RELATED_PRODUCT_CATEGORY('part',$,(#83));
#6187 = SHAPE_DEFINITION_REPRESENTATION(#6188,#6194);
#6188 = PRODUCT_DEFINITION_SHAPE('','',#6189);
#6189 = PRODUCT_DEFINITION('design','',#6190,#6193);
#6190 = PRODUCT_DEFINITION_FORMATION('','',#6191);
#6191 = PRODUCT('aperture_lid','aperture_lid','',(#6192));
#6192 = PRODUCT_CONTEXT('',#2,'mechanical');
#6193 = PRODUCT_DEFINITION_CONTEXT('part definition',#2,'design');
#6194 = SHAPE_REPRESENTATION('',(#11,#6195),#6199);
#6195 = AXIS2_PLACEMENT_3D('',#6196,#6197,#6198);
#6196 = CARTESIAN_POINT('',(0.,0.,0.));
#6197 = DIRECTION('',(0.,0.,1.));
#6198 = DIRECTION('',(1.,0.,-0.));
#6199 = ( GEOMETRIC_REPRESENTATION_CONTEXT(3)
GLOBAL_UNCERTAINTY_ASSIGNED_CONTEXT((#6203))
GLOBAL_UNIT_ASSIGNED_CONTEXT((#6200,#6201,#6202)) REPRESENTATION_CONTEXT
('Context #1','3D Context with UNIT and UNCERTAINTY') );
#6200 = ( LENGTH_UNIT() NAMED_UNIT(*) SI_UNIT(.MILLI.,.METRE.) );
#6201 = ( NAMED_UNIT(*) PLANE_ANGLE_UNIT() SI_UNIT($,.RADIAN.) );
#6202 = ( NAMED_UNIT(*) SI_UNIT($,.STERADIAN.) SOLID_ANGLE_UNIT() );
#6203 = UNCERTAINTY_MEASURE_WITH_UNIT(LENGTH_MEASURE(1.E-07),#6200,
  'distance_accuracy_value','confusion accuracy');
#6204 = CONTEXT_DEPENDENT_SHAPE_REPRESENTATION(#6205,#6207);
#6205 = ( REPRESENTATION_RELATIONSHIP('','',#6194,#32)
REPRESENTATION_RELATIONSHIP_WITH_TRANSFORMATION(#6206)
SHAPE_REPRESENTATION_RELATIONSHIP() );
#6206 = ITEM_DEFINED_TRANSFORMATION('','',#11,#37);
#6207 = PRODUCT_DEFINITION_SHAPE('Placement','Placement of an item',
  #6208);
#6208 = NEXT_ASSEMBLY_USAGE_OCCURRENCE('6','','',#27,#6189,$);
#6209 = PRODUCT_RELATED_PRODUCT_CATEGORY('part',$,(#6191));
#6210 = SHAPE_DEFINITION_REPRESENTATION(#6211,#6217);
#6211 = PRODUCT_DEFINITION_SHAPE('','',#6212);
#6212 = PRODUCT_DEFINITION('design','',#6213,#6216);
#6213 = PRODUCT_DEFINITION_FORMATION('','',#6214);
#6214 = PRODUCT('aperture_lid_part','aperture_lid_part','',(#6215));
#6215 = PRODUCT_CONTEXT('',#2,'mechanical');
#6216 = PRODUCT_DEFINITION_CONTEXT('part definition',#2,'design');
#6217 = ADVANCED_BREP_SHAPE_REPRESENTATION('',(#11,#6218),#11496);
#6218 = MANIFOLD_SOLID_BREP('',#6219);
#6219 = CLOSED_SHELL('',(#6220,#6340,#7292,#7346,#7396,#8168,#8193,#8220
    ,#8245,#8272,#8299,#8326,#8353,#8380,#8407,#8434,#8461,#8488,#8515,
    #8540,#8567,#8594,#8619,#8646,#8673,#8767,#8774,#8801,#8878,#8927,
    #8977,#9026,#9076,#9125,#9179,#9206,#9233,#9282,#9331,#9358,#9432,
    #9479,#9526,#9551,#9558,#9803,#10448,#10495,#10522,#10549,#10576,
    #10603,#10630,#10657,#10664,#10740,#10789,#10838,#10865,#10941,
    #10990,#11039,#11066,#11142,#11191,#11240,#11267,#11343,#11392,
    #11441,#11468,#11475,#11482,#11489));
#6220 = ADVANCED_FACE('',(#6221),#6235,.F.);
#6221 = FACE_BOUND('',#6222,.F.);
#6222 = EDGE_LOOP('',(#6223,#6258,#6286,#6314));
#6223 = ORIENTED_EDGE('',*,*,#6224,.F.);
#6224 = EDGE_CURVE('',#6225,#6227,#6229,.T.);
#6225 = VERTEX_POINT('',#6226);
#6226 = CARTESIAN_POINT('',(-15.45,-35.7,0.));
#6227 = VERTEX_POINT('',#6228);
#6228 = CARTESIAN_POINT('',(15.45,-35.7,0.));
#6229 = SURFACE_CURVE('',#6230,(#6234,#6246),.PCURVE_S1.);
#6230 = LINE('',#6231,#6232);
#6231 = CARTESIAN_POINT('',(-17.95,-35.7,0.));
#6232 = VECTOR('',#6233,1.);
#6233 = DIRECTION('',(1.,0.,0.));
#6234 = PCURVE('',#6235,#6240);
#6235 = PLANE('',#6236);
#6236 = AXIS2_PLACEMENT_3D('',#6237,#6238,#6239);
#6237 = CARTESIAN_POINT('',(-17.95,-35.7,0.));
#6238 = DIRECTION('',(0.,1.,0.));
#6239 = DIRECTION('',(1.,0.,0.));
#6240 = DEFINITIONAL_REPRESENTATION('',(#6241),#6245);
#6241 = LINE('',#6242,#6243);
#6242 = CARTESIAN_POINT('',(0.,0.));
#6243 = VECTOR('',#6244,1.);
#6244 = DIRECTION('',(1.,0.));
#6245 = ( GEOMETRIC_REPRESENTATION_CONTEXT(2)
PARAMETRIC_REPRESENTATION_CONTEXT() REPRESENTATION_CONTEXT('2D SPACE',''
  ) );
#6246 = PCURVE('',#6247,#6252);
#6247 = PLANE('',#6248);
#6248 = AXIS2_PLACEMENT_3D('',#6249,#6250,#6251);
#6249 = CARTESIAN_POINT('',(1.059523184731E-15,-1.059523184731E-15,0.));
#6250 = DIRECTION('',(0.,0.,1.));
#6251 = DIRECTION('',(1.,0.,-0.));
#6252 = DEFINITIONAL_REPRESENTATION('',(#6253),#6257);
#6253 = LINE('',#6254,#6255);
#6254 = CARTESIAN_POINT('',(-17.95,-35.7));
#6255 = VECTOR('',#6256,1.);
#6256 = DIRECTION('',(1.,0.));
#6257 = ( GEOMETRIC_REPRESENTATION_CONTEXT(2)
PARAMETRIC_REPRESENTATION_CONTEXT() REPRESENTATION_CONTEXT('2D SPACE',''
  ) );
#6258 = ORIENTED_EDGE('',*,*,#6259,.T.);
#6259 = EDGE_CURVE('',#6225,#6260,#6262,.T.);
#6260 = VERTEX_POINT('',#6261);
#6261 = CARTESIAN_POINT('',(-15.45,-35.7,1.5));
#6262 = SURFACE_CURVE('',#6263,(#6267,#6274),.PCURVE_S1.);
#6263 = LINE('',#6264,#6265);
#6264 = CARTESIAN_POINT('',(-15.45,-35.7,0.));
#6265 = VECTOR('',#6266,1.);
#6266 = DIRECTION('',(0.,0.,1.));
#6267 = PCURVE('',#6235,#6268);
#6268 = DEFINITIONAL_REPRESENTATION('',(#6269),#6273);
#6269 = LINE('',#6270,#6271);
#6270 = CARTESIAN_POINT('',(2.5,0.));
#6271 = VECTOR('',#6272,1.);
#6272 = DIRECTION('',(0.,-1.));
#6273 = ( GEOMETRIC_REPRESENTATION_CONTEXT(2)
PARAMETRIC_REPRESENTATION_CONTEXT() REPRESENTATION_CONTEXT('2D SPACE',''
  ) );
#6274 = PCURVE('',#6275,#6280);
#6275 = CYLINDRICAL_SURFACE('',#6276,2.5);
#6276 = AXIS2_PLACEMENT_3D('',#6277,#6278,#6279);
#6277 = CARTESIAN_POINT('',(-15.45,-33.2,0.));
#6278 = DIRECTION('',(0.,0.,1.));
#6279 = DIRECTION('',(0.,-1.,0.));
#6280 = DEFINITIONAL_REPRESENTATION('',(#6281),#6285);
#6281 = LINE('',#6282,#6283);
#6282 = CARTESIAN_POINT('',(-0.,0.));
#6283 = VECTOR('',#6284,1.);
#6284 = DIRECTION('',(-0.,1.));
#6285 = ( GEOMETRIC_REPRESENTATION_CONTEXT(2)
PARAMETRIC_REPRESENTATION_CONTEXT() REPRESENTATION_CONTEXT('2D SPACE',''
  ) );
#6286 = ORIENTED_EDGE('',*,*,#6287,.T.);
#6287 = EDGE_CURVE('',#6260,#6288,#6290,.T.);
#6288 = VERTEX_POINT('',#6289);
#6289 = CARTESIAN_POINT('',(15.45,-35.7,1.5));
#6290 = SURFACE_CURVE('',#6291,(#6295,#6302),.PCURVE_S1.);
#6291 = LINE('',#6292,#6293);
#6292 = CARTESIAN_POINT('',(-17.95,-35.7,1.5));
#6293 = VECTOR('',#6294,1.);
#6294 = DIRECTION('',(1.,0.,0.));
#6295 = PCURVE('',#6235,#6296);
#6296 = DEFINITIONAL_REPRESENTATION('',(#6297),#6301);
#6297 = LINE('',#6298,#6299);
#6298 = CARTESIAN_POINT('',(0.,-1.5));
#6299 = VECTOR('',#6300,1.);
#6300 = DIRECTION('',(1.,0.));
#6301 = ( GEOMETRIC_REPRESENTATION_CONTEXT(2)
PARAMETRIC_REPRESENTATION_CONTEXT() REPRESENTATION_CONTEXT('2D SPACE',''
  ) );
#6302 = PCURVE('',#6303,#6308);
#6303 = PLANE('',#6304);
#6304 = AXIS2_PLACEMENT_3D('',#6305,#6306,#6307);
#6305 = CARTESIAN_POINT('',(1.059523184731E-15,-1.059523184731E-15,1.5)
  );
#6306 = DIRECTION('',(0.,0.,1.));
#6307 = DIRECTION('',(1.,0.,-0.));
#6308 = DEFINITIONAL_REPRESENTATION('',(#6309),#6313);
#6309 = LINE('',#6310,#6311);
#6310 = CARTESIAN_POINT('',(-17.95,-35.7));
#6311 = VECTOR('',#6312,1.);
#6312 = DIRECTION('',(1.,0.));
#6313 = ( GEOMETRIC_REPRESENTATION_CONTEXT(2)
PARAMETRIC_REPRESENTATION_CONTEXT() REPRESENTATION_CONTEXT('2D SPACE',''
  ) );
#6314 = ORIENTED_EDGE('',*,*,#6315,.F.);
#6315 = EDGE_CURVE('',#6227,#6288,#6316,.T.);
#6316 = SURFACE_CURVE('',#6317,(#6321,#6328),.PCURVE_S1.);
#6317 = LINE('',#6318,#6319);
#6318 = CARTESIAN_POINT('',(15.45,-35.7,0.));
#6319 = VECTOR('',#6320,1.);
#6320 = DIRECTION('',(0.,0.,1.));
#6321 = PCURVE('',#6235,#6322);
#6322 = DEFINITIONAL_REPRESENTATION('',(#6323),#6327);
#6323 = LINE('',#6324,#6325);
#6324 = CARTESIAN_POINT('',(33.4,0.));
#6325 = VECTOR('',#6326,1.);
#6326 = DIRECTION('',(0.,-1.));
#6327 = ( GEOMETRIC_REPRESENTATION_CONTEXT(2)
PARAMETRIC_REPRESENTATION_CONTEXT() REPRESENTATION_CONTEXT('2D SPACE',''
  ) );
#6328 = PCURVE('',#6329,#6334);
#6329 = CYLINDRICAL_SURFACE('',#6330,2.5);
#6330 = AXIS2_PLACEMENT_3D('',#6331,#6332,#6333);
#6331 = CARTESIAN_POINT('',(15.45,-33.2,0.));
#6332 = DIRECTION('',(0.,0.,1.));
#6333 = DIRECTION('',(0.,-1.,0.));
#6334 = DEFINITIONAL_REPRESENTATION('',(#6335),#6339);
#6335 = LINE('',#6336,#6337);
#6336 = CARTESIAN_POINT('',(0.,0.));
#6337 = VECTOR('',#6338,1.);
#6338 = DIRECTION('',(0.,1.));
#6339 = ( GEOMETRIC_REPRESENTATION_CONTEXT(2)
PARAMETRIC_REPRESENTATION_CONTEXT() REPRESENTATION_CONTEXT('2D SPACE',''
  ) );
#6340 = ADVANCED_FACE('',(#6341,#7000,#7035,#7257),#6247,.F.);
#6341 = FACE_BOUND('',#6342,.F.);
#6342 = EDGE_LOOP('',(#6343,#6371,#6372,#6396,#6424,#6457,#6485,#6514,
    #6542,#6571,#6599,#6628,#6656,#6685,#6713,#6742,#6770,#6799,#6827,
    #6856,#6884,#6917,#6945,#6974));
#6343 = ORIENTED_EDGE('',*,*,#6344,.F.);
#6344 = EDGE_CURVE('',#6225,#6345,#6347,.T.);
#6345 = VERTEX_POINT('',#6346);
#6346 = CARTESIAN_POINT('',(-17.95,-33.2,0.));
#6347 = SURFACE_CURVE('',#6348,(#6353,#6364),.PCURVE_S1.);
#6348 = CIRCLE('',#6349,2.5);
#6349 = AXIS2_PLACEMENT_3D('',#6350,#6351,#6352);
#6350 = CARTESIAN_POINT('',(-15.45,-33.2,0.));
#6351 = DIRECTION('',(-0.,-0.,-1.));
#6352 = DIRECTION('',(0.,-1.,0.));
#6353 = PCURVE('',#6247,#6354);
#6354 = DEFINITIONAL_REPRESENTATION('',(#6355),#6363);
#6355 = ( BOUNDED_CURVE() B_SPLINE_CURVE(2,(#6356,#6357,#6358,#6359,
#6360,#6361,#6362),.UNSPECIFIED.,.T.,.F.) B_SPLINE_CURVE_WITH_KNOTS((1,2
    ,2,2,2,1),(-2.094395102393,0.,2.094395102393,4.188790204786,
6.28318530718,8.377580409573),.UNSPECIFIED.) CURVE()
GEOMETRIC_REPRESENTATION_ITEM() RATIONAL_B_SPLINE_CURVE((1.,0.5,1.,0.5,
1.,0.5,1.)) REPRESENTATION_ITEM('') );
#6356 = CARTESIAN_POINT('',(-15.45,-35.7));
#6357 = CARTESIAN_POINT('',(-19.78012701892,-35.7));
#6358 = CARTESIAN_POINT('',(-17.61506350946,-31.95));
#6359 = CARTESIAN_POINT('',(-15.45,-28.2));
#6360 = CARTESIAN_POINT('',(-13.28493649053,-31.95));
#6361 = CARTESIAN_POINT('',(-11.11987298107,-35.7));
#6362 = CARTESIAN_POINT('',(-15.45,-35.7));
#6363 = ( GEOMETRIC_REPRESENTATION_CONTEXT(2)
PARAMETRIC_REPRESENTATION_CONTEXT() REPRESENTATION_CONTEXT('2D SPACE',''
  ) );
#6364 = PCURVE('',#6275,#6365);
#6365 = DEFINITIONAL_REPRESENTATION('',(#6366),#6370);
#6366 = LINE('',#6367,#6368);
#6367 = CARTESIAN_POINT('',(-0.,0.));
#6368 = VECTOR('',#6369,1.);
#6369 = DIRECTION('',(-1.,0.));
#6370 = ( GEOMETRIC_REPRESENTATION_CONTEXT(2)
PARAMETRIC_REPRESENTATION_CONTEXT() REPRESENTATION_CONTEXT('2D SPACE',''
  ) );
#6371 = ORIENTED_EDGE('',*,*,#6224,.T.);
#6372 = ORIENTED_EDGE('',*,*,#6373,.T.);
#6373 = EDGE_CURVE('',#6227,#6374,#6376,.T.);
#6374 = VERTEX_POINT('',#6375);
#6375 = CARTESIAN_POINT('',(17.95,-33.2,0.));
#6376 = SURFACE_CURVE('',#6377,(#6382,#6389),.PCURVE_S1.);
#6377 = CIRCLE('',#6378,2.5);
#6378 = AXIS2_PLACEMENT_3D('',#6379,#6380,#6381);
#6379 = CARTESIAN_POINT('',(15.45,-33.2,0.));
#6380 = DIRECTION('',(0.,0.,1.));
#6381 = DIRECTION('',(0.,-1.,0.));
#6382 = PCURVE('',#6247,#6383);
#6383 = DEFINITIONAL_REPRESENTATION('',(#6384),#6388);
#6384 = CIRCLE('',#6385,2.5);
#6385 = AXIS2_PLACEMENT_2D('',#6386,#6387);
#6386 = CARTESIAN_POINT('',(15.45,-33.2));
#6387 = DIRECTION('',(0.,-1.));
#6388 = ( GEOMETRIC_REPRESENTATION_CONTEXT(2)
PARAMETRIC_REPRESENTATION_CONTEXT() REPRESENTATION_CONTEXT('2D SPACE',''
  ) );
#6389 = PCURVE('',#6329,#6390);
#6390 = DEFINITIONAL_REPRESENTATION('',(#6391),#6395);
#6391 = LINE('',#6392,#6393);
#6392 = CARTESIAN_POINT('',(0.,0.));
#6393 = VECTOR('',#6394,1.);
#6394 = DIRECTION('',(1.,0.));
#6395 = ( GEOMETRIC_REPRESENTATION_CONTEXT(2)
PARAMETRIC_REPRESENTATION_CONTEXT() REPRESENTATION_CONTEXT('2D SPACE',''
  ) );
#6396 = ORIENTED_EDGE('',*,*,#6397,.T.);
#6397 = EDGE_CURVE('',#6374,#6398,#6400,.T.);
#6398 = VERTEX_POINT('',#6399);
#6399 = CARTESIAN_POINT('',(17.95,-7.621307488659,0.));
#6400 = SURFACE_CURVE('',#6401,(#6405,#6412),.PCURVE_S1.);
#6401 = LINE('',#6402,#6403);
#6402 = CARTESIAN_POINT('',(17.95,-35.7,0.));
#6403 = VECTOR('',#6404,1.);
#6404 = DIRECTION('',(0.,1.,0.));
#6405 = PCURVE('',#6247,#6406);
#6406 = DEFINITIONAL_REPRESENTATION('',(#6407),#6411);
#6407 = LINE('',#6408,#6409);
#6408 = CARTESIAN_POINT('',(17.95,-35.7));
#6409 = VECTOR('',#6410,1.);
#6410 = DIRECTION('',(0.,1.));
#6411 = ( GEOMETRIC_REPRESENTATION_CONTEXT(2)
PARAMETRIC_REPRESENTATION_CONTEXT() REPRESENTATION_CONTEXT('2D SPACE',''
  ) );
#6412 = PCURVE('',#6413,#6418);
#6413 = PLANE('',#6414);
#6414 = AXIS2_PLACEMENT_3D('',#6415,#6416,#6417);
#6415 = CARTESIAN_POINT('',(17.95,-35.7,0.));
#6416 = DIRECTION('',(-1.,0.,0.));
#6417 = DIRECTION('',(0.,1.,0.));
#6418 = DEFINITIONAL_REPRESENTATION('',(#6419),#6423);
#6419 = LINE('',#6420,#6421);
#6420 = CARTESIAN_POINT('',(0.,0.));
#6421 = VECTOR('',#6422,1.);
#6422 = DIRECTION('',(1.,0.));
#6423 = ( GEOMETRIC_REPRESENTATION_CONTEXT(2)
PARAMETRIC_REPRESENTATION_CONTEXT() REPRESENTATION_CONTEXT('2D SPACE',''
  ) );
#6424 = ORIENTED_EDGE('',*,*,#6425,.F.);
#6425 = EDGE_CURVE('',#6426,#6398,#6428,.T.);
#6426 = VERTEX_POINT('',#6427);
#6427 = CARTESIAN_POINT('',(19.7,-9.,0.));
#6428 = SURFACE_CURVE('',#6429,(#6434,#6445),.PCURVE_S1.);
#6429 = CIRCLE('',#6430,1.8);
#6430 = AXIS2_PLACEMENT_3D('',#6431,#6432,#6433);
#6431 = CARTESIAN_POINT('',(19.7,-7.2,0.));
#6432 = DIRECTION('',(-0.,-0.,-1.));
#6433 = DIRECTION('',(0.,-1.,0.));
#6434 = PCURVE('',#6247,#6435);
#6435 = DEFINITIONAL_REPRESENTATION('',(#6436),#6444);
#6436 = ( BOUNDED_CURVE() B_SPLINE_CURVE(2,(#6437,#6438,#6439,#6440,
#6441,#6442,#6443),.UNSPECIFIED.,.T.,.F.) B_SPLINE_CURVE_WITH_KNOTS((1,2
    ,2,2,2,1),(-2.094395102393,0.,2.094395102393,4.188790204786,
6.28318530718,8.377580409573),.UNSPECIFIED.) CURVE()
GEOMETRIC_REPRESENTATION_ITEM() RATIONAL_B_SPLINE_CURVE((1.,0.5,1.,0.5,
1.,0.5,1.)) REPRESENTATION_ITEM('') );
#6437 = CARTESIAN_POINT('',(19.7,-9.));
#6438 = CARTESIAN_POINT('',(16.582308546376,-9.));
#6439 = CARTESIAN_POINT('',(18.141154273188,-6.3));
#6440 = CARTESIAN_POINT('',(19.7,-3.6));
#6441 = CARTESIAN_POINT('',(21.258845726812,-6.3));
#6442 = CARTESIAN_POINT('',(22.817691453624,-9.));
#6443 = CARTESIAN_POINT('',(19.7,-9.));
#6444 = ( GEOMETRIC_REPRESENTATION_CONTEXT(2)
PARAMETRIC_REPRESENTATION_CONTEXT() REPRESENTATION_CONTEXT('2D SPACE',''
  ) );
#6445 = PCURVE('',#6446,#6451);
#6446 = CYLINDRICAL_SURFACE('',#6447,1.8);
#6447 = AXIS2_PLACEMENT_3D('',#6448,#6449,#6450);
#6448 = CARTESIAN_POINT('',(19.7,-7.2,0.));
#6449 = DIRECTION('',(0.,0.,1.));
#6450 = DIRECTION('',(0.,-1.,0.));
#6451 = DEFINITIONAL_REPRESENTATION('',(#6452),#6456);
#6452 = LINE('',#6453,#6454);
#6453 = CARTESIAN_POINT('',(-0.,0.));
#6454 = VECTOR('',#6455,1.);
#6455 = DIRECTION('',(-1.,0.));
#6456 = ( GEOMETRIC_REPRESENTATION_CONTEXT(2)
PARAMETRIC_REPRESENTATION_CONTEXT() REPRESENTATION_CONTEXT('2D SPACE',''
  ) );
#6457 = ORIENTED_EDGE('',*,*,#6458,.T.);
#6458 = EDGE_CURVE('',#6426,#6459,#6461,.T.);
#6459 = VERTEX_POINT('',#6460);
#6460 = CARTESIAN_POINT('',(23.1,-9.,0.));
#6461 = SURFACE_CURVE('',#6462,(#6466,#6473),.PCURVE_S1.);
#6462 = LINE('',#6463,#6464);
#6463 = CARTESIAN_POINT('',(17.9,-9.,0.));
#6464 = VECTOR('',#6465,1.);
#6465 = DIRECTION('',(1.,0.,0.));
#6466 = PCURVE('',#6247,#6467);
#6467 = DEFINITIONAL_REPRESENTATION('',(#6468),#6472);
#6468 = LINE('',#6469,#6470);
#6469 = CARTESIAN_POINT('',(17.9,-9.));
#6470 = VECTOR('',#6471,1.);
#6471 = DIRECTION('',(1.,0.));
#6472 = ( GEOMETRIC_REPRESENTATION_CONTEXT(2)
PARAMETRIC_REPRESENTATION_CONTEXT() REPRESENTATION_CONTEXT('2D SPACE',''
  ) );
#6473 = PCURVE('',#6474,#6479);
#6474 = PLANE('',#6475);
#6475 = AXIS2_PLACEMENT_3D('',#6476,#6477,#6478);
#6476 = CARTESIAN_POINT('',(17.9,-9.,0.));
#6477 = DIRECTION('',(0.,1.,0.));
#6478 = DIRECTION('',(1.,0.,0.));
#6479 = DEFINITIONAL_REPRESENTATION('',(#6480),#6484);
#6480 = LINE('',#6481,#6482);
#6481 = CARTESIAN_POINT('',(0.,0.));
#6482 = VECTOR('',#6483,1.);
#6483 = DIRECTION('',(1.,0.));
#6484 = ( GEOMETRIC_REPRESENTATION_CONTEXT(2)
PARAMETRIC_REPRESENTATION_CONTEXT() REPRESENTATION_CONTEXT('2D SPACE',''
  ) );
#6485 = ORIENTED_EDGE('',*,*,#6486,.T.);
#6486 = EDGE_CURVE('',#6459,#6487,#6489,.T.);
#6487 = VERTEX_POINT('',#6488);
#6488 = CARTESIAN_POINT('',(24.9,-7.2,0.));
#6489 = SURFACE_CURVE('',#6490,(#6495,#6502),.PCURVE_S1.);
#6490 = CIRCLE('',#6491,1.8);
#6491 = AXIS2_PLACEMENT_3D('',#6492,#6493,#6494);
#6492 = CARTESIAN_POINT('',(23.1,-7.2,0.));
#6493 = DIRECTION('',(0.,0.,1.));
#6494 = DIRECTION('',(0.,-1.,0.));
#6495 = PCURVE('',#6247,#6496);
#6496 = DEFINITIONAL_REPRESENTATION('',(#6497),#6501);
#6497 = CIRCLE('',#6498,1.8);
#6498 = AXIS2_PLACEMENT_2D('',#6499,#6500);
#6499 = CARTESIAN_POINT('',(23.1,-7.2));
#6500 = DIRECTION('',(0.,-1.));
#6501 = ( GEOMETRIC_REPRESENTATION_CONTEXT(2)
PARAMETRIC_REPRESENTATION_CONTEXT() REPRESENTATION_CONTEXT('2D SPACE',''
  ) );
#6502 = PCURVE('',#6503,#6508);
#6503 = CYLINDRICAL_SURFACE('',#6504,1.8);
#6504 = AXIS2_PLACEMENT_3D('',#6505,#6506,#6507);
#6505 = CARTESIAN_POINT('',(23.1,-7.2,0.));
#6506 = DIRECTION('',(0.,0.,1.));
#6507 = DIRECTION('',(0.,-1.,0.));
#6508 = DEFINITIONAL_REPRESENTATION('',(#6509),#6513);
#6509 = LINE('',#6510,#6511);
#6510 = CARTESIAN_POINT('',(0.,0.));
#6511 = VECTOR('',#6512,1.);
#6512 = DIRECTION('',(1.,0.));
#6513 = ( GEOMETRIC_REPRESENTATION_CONTEXT(2)
PARAMETRIC_REPRESENTATION_CONTEXT() REPRESENTATION_CONTEXT('2D SPACE',''
  ) );
#6514 = ORIENTED_EDGE('',*,*,#6515,.T.);
#6515 = EDGE_CURVE('',#6487,#6516,#6518,.T.);
#6516 = VERTEX_POINT('',#6517);
#6517 = CARTESIAN_POINT('',(24.9,7.2,0.));
#6518 = SURFACE_CURVE('',#6519,(#6523,#6530),.PCURVE_S1.);
#6519 = LINE('',#6520,#6521);
#6520 = CARTESIAN_POINT('',(24.9,-9.,0.));
#6521 = VECTOR('',#6522,1.);
#6522 = DIRECTION('',(0.,1.,0.));
#6523 = PCURVE('',#6247,#6524);
#6524 = DEFINITIONAL_REPRESENTATION('',(#6525),#6529);
#6525 = LINE('',#6526,#6527);
#6526 = CARTESIAN_POINT('',(24.9,-9.));
#6527 = VECTOR('',#6528,1.);
#6528 = DIRECTION('',(0.,1.));
#6529 = ( GEOMETRIC_REPRESENTATION_CONTEXT(2)
PARAMETRIC_REPRESENTATION_CONTEXT() REPRESENTATION_CONTEXT('2D SPACE',''
  ) );
#6530 = PCURVE('',#6531,#6536);
#6531 = PLANE('',#6532);
#6532 = AXIS2_PLACEMENT_3D('',#6533,#6534,#6535);
#6533 = CARTESIAN_POINT('',(24.9,-9.,0.));
#6534 = DIRECTION('',(-1.,0.,0.));
#6535 = DIRECTION('',(0.,1.,0.));
#6536 = DEFINITIONAL_REPRESENTATION('',(#6537),#6541);
#6537 = LINE('',#6538,#6539);
#6538 = CARTESIAN_POINT('',(0.,0.));
#6539 = VECTOR('',#6540,1.);
#6540 = DIRECTION('',(1.,0.));
#6541 = ( GEOMETRIC_REPRESENTATION_CONTEXT(2)
PARAMETRIC_REPRESENTATION_CONTEXT() REPRESENTATION_CONTEXT('2D SPACE',''
  ) );
#6542 = ORIENTED_EDGE('',*,*,#6543,.T.);
#6543 = EDGE_CURVE('',#6516,#6544,#6546,.T.);
#6544 = VERTEX_POINT('',#6545);
#6545 = CARTESIAN_POINT('',(23.1,9.,0.));
#6546 = SURFACE_CURVE('',#6547,(#6552,#6559),.PCURVE_S1.);
#6547 = CIRCLE('',#6548,1.8);
#6548 = AXIS2_PLACEMENT_3D('',#6549,#6550,#6551);
#6549 = CARTESIAN_POINT('',(23.1,7.2,0.));
#6550 = DIRECTION('',(0.,0.,1.));
#6551 = DIRECTION('',(0.,-1.,0.));
#6552 = PCURVE('',#6247,#6553);
#6553 = DEFINITIONAL_REPRESENTATION('',(#6554),#6558);
#6554 = CIRCLE('',#6555,1.8);
#6555 = AXIS2_PLACEMENT_2D('',#6556,#6557);
#6556 = CARTESIAN_POINT('',(23.1,7.2));
#6557 = DIRECTION('',(0.,-1.));
#6558 = ( GEOMETRIC_REPRESENTATION_CONTEXT(2)
PARAMETRIC_REPRESENTATION_CONTEXT() REPRESENTATION_CONTEXT('2D SPACE',''
  ) );
#6559 = PCURVE('',#6560,#6565);
#6560 = CYLINDRICAL_SURFACE('',#6561,1.8);
#6561 = AXIS2_PLACEMENT_3D('',#6562,#6563,#6564);
#6562 = CARTESIAN_POINT('',(23.1,7.2,0.));
#6563 = DIRECTION('',(0.,0.,1.));
#6564 = DIRECTION('',(1.,0.,-0.));
#6565 = DEFINITIONAL_REPRESENTATION('',(#6566),#6570);
#6566 = LINE('',#6567,#6568);
#6567 = CARTESIAN_POINT('',(-1.570796326795,0.));
#6568 = VECTOR('',#6569,1.);
#6569 = DIRECTION('',(1.,0.));
#6570 = ( GEOMETRIC_REPRESENTATION_CONTEXT(2)
PARAMETRIC_REPRESENTATION_CONTEXT() REPRESENTATION_CONTEXT('2D SPACE',''
  ) );
#6571 = ORIENTED_EDGE('',*,*,#6572,.T.);
#6572 = EDGE_CURVE('',#6544,#6573,#6575,.T.);
#6573 = VERTEX_POINT('',#6574);
#6574 = CARTESIAN_POINT('',(19.7,9.,0.));
#6575 = SURFACE_CURVE('',#6576,(#6580,#6587),.PCURVE_S1.);
#6576 = LINE('',#6577,#6578);
#6577 = CARTESIAN_POINT('',(24.9,9.,0.));
#6578 = VECTOR('',#6579,1.);
#6579 = DIRECTION('',(-1.,0.,0.));
#6580 = PCURVE('',#6247,#6581);
#6581 = DEFINITIONAL_REPRESENTATION('',(#6582),#6586);
#6582 = LINE('',#6583,#6584);
#6583 = CARTESIAN_POINT('',(24.9,9.));
#6584 = VECTOR('',#6585,1.);
#6585 = DIRECTION('',(-1.,0.));
#6586 = ( GEOMETRIC_REPRESENTATION_CONTEXT(2)
PARAMETRIC_REPRESENTATION_CONTEXT() REPRESENTATION_CONTEXT('2D SPACE',''
  ) );
#6587 = PCURVE('',#6588,#6593);
#6588 = PLANE('',#6589);
#6589 = AXIS2_PLACEMENT_3D('',#6590,#6591,#6592);
#6590 = CARTESIAN_POINT('',(24.9,9.,0.));
#6591 = DIRECTION('',(0.,-1.,0.));
#6592 = DIRECTION('',(-1.,0.,0.));
#6593 = DEFINITIONAL_REPRESENTATION('',(#6594),#6598);
#6594 = LINE('',#6595,#6596);
#6595 = CARTESIAN_POINT('',(0.,-0.));
#6596 = VECTOR('',#6597,1.);
#6597 = DIRECTION('',(1.,0.));
#6598 = ( GEOMETRIC_REPRESENTATION_CONTEXT(2)
PARAMETRIC_REPRESENTATION_CONTEXT() REPRESENTATION_CONTEXT('2D SPACE',''
  ) );
#6599 = ORIENTED_EDGE('',*,*,#6600,.T.);
#6600 = EDGE_CURVE('',#6573,#6601,#6603,.T.);
#6601 = VERTEX_POINT('',#6602);
#6602 = CARTESIAN_POINT('',(17.95,7.621307488659,0.));
#6603 = SURFACE_CURVE('',#6604,(#6609,#6616),.PCURVE_S1.);
#6604 = CIRCLE('',#6605,1.8);
#6605 = AXIS2_PLACEMENT_3D('',#6606,#6607,#6608);
#6606 = CARTESIAN_POINT('',(19.7,7.2,0.));
#6607 = DIRECTION('',(0.,0.,1.));
#6608 = DIRECTION('',(0.,-1.,0.));
#6609 = PCURVE('',#6247,#6610);
#6610 = DEFINITIONAL_REPRESENTATION('',(#6611),#6615);
#6611 = CIRCLE('',#6612,1.8);
#6612 = AXIS2_PLACEMENT_2D('',#6613,#6614);
#6613 = CARTESIAN_POINT('',(19.7,7.2));
#6614 = DIRECTION('',(0.,-1.));
#6615 = ( GEOMETRIC_REPRESENTATION_CONTEXT(2)
PARAMETRIC_REPRESENTATION_CONTEXT() REPRESENTATION_CONTEXT('2D SPACE',''
  ) );
#6616 = PCURVE('',#6617,#6622);
#6617 = CYLINDRICAL_SURFACE('',#6618,1.8);
#6618 = AXIS2_PLACEMENT_3D('',#6619,#6620,#6621);
#6619 = CARTESIAN_POINT('',(19.7,7.2,0.));
#6620 = DIRECTION('',(0.,0.,1.));
#6621 = DIRECTION('',(-0.,1.,0.));
#6622 = DEFINITIONAL_REPRESENTATION('',(#6623),#6627);
#6623 = LINE('',#6624,#6625);
#6624 = CARTESIAN_POINT('',(-3.14159265359,0.));
#6625 = VECTOR('',#6626,1.);
#6626 = DIRECTION('',(1.,0.));
#6627 = ( GEOMETRIC_REPRESENTATION_CONTEXT(2)
PARAMETRIC_REPRESENTATION_CONTEXT() REPRESENTATION_CONTEXT('2D SPACE',''
  ) );
#6628 = ORIENTED_EDGE('',*,*,#6629,.T.);
#6629 = EDGE_CURVE('',#6601,#6630,#6632,.T.);
#6630 = VERTEX_POINT('',#6631);
#6631 = CARTESIAN_POINT('',(17.95,33.2,0.));
#6632 = SURFACE_CURVE('',#6633,(#6637,#6644),.PCURVE_S1.);
#6633 = LINE('',#6634,#6635);
#6634 = CARTESIAN_POINT('',(17.95,-35.7,0.));
#6635 = VECTOR('',#6636,1.);
#6636 = DIRECTION('',(0.,1.,0.));
#6637 = PCURVE('',#6247,#6638);
#6638 = DEFINITIONAL_REPRESENTATION('',(#6639),#6643);
#6639 = LINE('',#6640,#6641);
#6640 = CARTESIAN_POINT('',(17.95,-35.7));
#6641 = VECTOR('',#6642,1.);
#6642 = DIRECTION('',(0.,1.));
#6643 = ( GEOMETRIC_REPRESENTATION_CONTEXT(2)
PARAMETRIC_REPRESENTATION_CONTEXT() REPRESENTATION_CONTEXT('2D SPACE',''
  ) );
#6644 = PCURVE('',#6645,#6650);
#6645 = PLANE('',#6646);
#6646 = AXIS2_PLACEMENT_3D('',#6647,#6648,#6649);
#6647 = CARTESIAN_POINT('',(17.95,-35.7,0.));
#6648 = DIRECTION('',(-1.,0.,0.));
#6649 = DIRECTION('',(0.,1.,0.));
#6650 = DEFINITIONAL_REPRESENTATION('',(#6651),#6655);
#6651 = LINE('',#6652,#6653);
#6652 = CARTESIAN_POINT('',(0.,0.));
#6653 = VECTOR('',#6654,1.);
#6654 = DIRECTION('',(1.,0.));
#6655 = ( GEOMETRIC_REPRESENTATION_CONTEXT(2)
PARAMETRIC_REPRESENTATION_CONTEXT() REPRESENTATION_CONTEXT('2D SPACE',''
  ) );
#6656 = ORIENTED_EDGE('',*,*,#6657,.T.);
#6657 = EDGE_CURVE('',#6630,#6658,#6660,.T.);
#6658 = VERTEX_POINT('',#6659);
#6659 = CARTESIAN_POINT('',(15.45,35.7,0.));
#6660 = SURFACE_CURVE('',#6661,(#6666,#6673),.PCURVE_S1.);
#6661 = CIRCLE('',#6662,2.5);
#6662 = AXIS2_PLACEMENT_3D('',#6663,#6664,#6665);
#6663 = CARTESIAN_POINT('',(15.45,33.2,0.));
#6664 = DIRECTION('',(0.,0.,1.));
#6665 = DIRECTION('',(0.,-1.,0.));
#6666 = PCURVE('',#6247,#6667);
#6667 = DEFINITIONAL_REPRESENTATION('',(#6668),#6672);
#6668 = CIRCLE('',#6669,2.5);
#6669 = AXIS2_PLACEMENT_2D('',#6670,#6671);
#6670 = CARTESIAN_POINT('',(15.45,33.2));
#6671 = DIRECTION('',(0.,-1.));
#6672 = ( GEOMETRIC_REPRESENTATION_CONTEXT(2)
PARAMETRIC_REPRESENTATION_CONTEXT() REPRESENTATION_CONTEXT('2D SPACE',''
  ) );
#6673 = PCURVE('',#6674,#6679);
#6674 = CYLINDRICAL_SURFACE('',#6675,2.5);
#6675 = AXIS2_PLACEMENT_3D('',#6676,#6677,#6678);
#6676 = CARTESIAN_POINT('',(15.45,33.2,0.));
#6677 = DIRECTION('',(0.,0.,1.));
#6678 = DIRECTION('',(1.,0.,-0.));
#6679 = DEFINITIONAL_REPRESENTATION('',(#6680),#6684);
#6680 = LINE('',#6681,#6682);
#6681 = CARTESIAN_POINT('',(-1.570796326795,0.));
#6682 = VECTOR('',#6683,1.);
#6683 = DIRECTION('',(1.,0.));
#6684 = ( GEOMETRIC_REPRESENTATION_CONTEXT(2)
PARAMETRIC_REPRESENTATION_CONTEXT() REPRESENTATION_CONTEXT('2D SPACE',''
  ) );
#6685 = ORIENTED_EDGE('',*,*,#6686,.T.);
#6686 = EDGE_CURVE('',#6658,#6687,#6689,.T.);
#6687 = VERTEX_POINT('',#6688);
#6688 = CARTESIAN_POINT('',(-15.45,35.7,0.));
#6689 = SURFACE_CURVE('',#6690,(#6694,#6701),.PCURVE_S1.);
#6690 = LINE('',#6691,#6692);
#6691 = CARTESIAN_POINT('',(17.95,35.7,0.));
#6692 = VECTOR('',#6693,1.);
#6693 = DIRECTION('',(-1.,0.,0.));
#6694 = PCURVE('',#6247,#6695);
#6695 = DEFINITIONAL_REPRESENTATION('',(#6696),#6700);
#6696 = LINE('',#6697,#6698);
#6697 = CARTESIAN_POINT('',(17.95,35.7));
#6698 = VECTOR('',#6699,1.);
#6699 = DIRECTION('',(-1.,0.));
#6700 = ( GEOMETRIC_REPRESENTATION_CONTEXT(2)
PARAMETRIC_REPRESENTATION_CONTEXT() REPRESENTATION_CONTEXT('2D SPACE',''
  ) );
#6701 = PCURVE('',#6702,#6707);
#6702 = PLANE('',#6703);
#6703 = AXIS2_PLACEMENT_3D('',#6704,#6705,#6706);
#6704 = CARTESIAN_POINT('',(17.95,35.7,0.));
#6705 = DIRECTION('',(0.,-1.,0.));
#6706 = DIRECTION('',(-1.,0.,0.));
#6707 = DEFINITIONAL_REPRESENTATION('',(#6708),#6712);
#6708 = LINE('',#6709,#6710);
#6709 = CARTESIAN_POINT('',(0.,-0.));
#6710 = VECTOR('',#6711,1.);
#6711 = DIRECTION('',(1.,0.));
#6712 = ( GEOMETRIC_REPRESENTATION_CONTEXT(2)
PARAMETRIC_REPRESENTATION_CONTEXT() REPRESENTATION_CONTEXT('2D SPACE',''
  ) );
#6713 = ORIENTED_EDGE('',*,*,#6714,.T.);
#6714 = EDGE_CURVE('',#6687,#6715,#6717,.T.);
#6715 = VERTEX_POINT('',#6716);
#6716 = CARTESIAN_POINT('',(-17.95,33.2,0.));
#6717 = SURFACE_CURVE('',#6718,(#6723,#6730),.PCURVE_S1.);
#6718 = CIRCLE('',#6719,2.5);
#6719 = AXIS2_PLACEMENT_3D('',#6720,#6721,#6722);
#6720 = CARTESIAN_POINT('',(-15.45,33.2,0.));
#6721 = DIRECTION('',(0.,0.,1.));
#6722 = DIRECTION('',(0.,-1.,0.));
#6723 = PCURVE('',#6247,#6724);
#6724 = DEFINITIONAL_REPRESENTATION('',(#6725),#6729);
#6725 = CIRCLE('',#6726,2.5);
#6726 = AXIS2_PLACEMENT_2D('',#6727,#6728);
#6727 = CARTESIAN_POINT('',(-15.45,33.2));
#6728 = DIRECTION('',(0.,-1.));
#6729 = ( GEOMETRIC_REPRESENTATION_CONTEXT(2)
PARAMETRIC_REPRESENTATION_CONTEXT() REPRESENTATION_CONTEXT('2D SPACE',''
  ) );
#6730 = PCURVE('',#6731,#6736);
#6731 = CYLINDRICAL_SURFACE('',#6732,2.5);
#6732 = AXIS2_PLACEMENT_3D('',#6733,#6734,#6735);
#6733 = CARTESIAN_POINT('',(-15.45,33.2,0.));
#6734 = DIRECTION('',(0.,0.,1.));
#6735 = DIRECTION('',(-0.,1.,0.));
#6736 = DEFINITIONAL_REPRESENTATION('',(#6737),#6741);
#6737 = LINE('',#6738,#6739);
#6738 = CARTESIAN_POINT('',(-3.14159265359,0.));
#6739 = VECTOR('',#6740,1.);
#6740 = DIRECTION('',(1.,0.));
#6741 = ( GEOMETRIC_REPRESENTATION_CONTEXT(2)
PARAMETRIC_REPRESENTATION_CONTEXT() REPRESENTATION_CONTEXT('2D SPACE',''
  ) );
#6742 = ORIENTED_EDGE('',*,*,#6743,.T.);
#6743 = EDGE_CURVE('',#6715,#6744,#6746,.T.);
#6744 = VERTEX_POINT('',#6745);
#6745 = CARTESIAN_POINT('',(-17.95,7.621307488659,0.));
#6746 = SURFACE_CURVE('',#6747,(#6751,#6758),.PCURVE_S1.);
#6747 = LINE('',#6748,#6749);
#6748 = CARTESIAN_POINT('',(-17.95,35.7,0.));
#6749 = VECTOR('',#6750,1.);
#6750 = DIRECTION('',(0.,-1.,0.));
#6751 = PCURVE('',#6247,#6752);
#6752 = DEFINITIONAL_REPRESENTATION('',(#6753),#6757);
#6753 = LINE('',#6754,#6755);
#6754 = CARTESIAN_POINT('',(-17.95,35.7));
#6755 = VECTOR('',#6756,1.);
#6756 = DIRECTION('',(0.,-1.));
#6757 = ( GEOMETRIC_REPRESENTATION_CONTEXT(2)
PARAMETRIC_REPRESENTATION_CONTEXT() REPRESENTATION_CONTEXT('2D SPACE',''
  ) );
#6758 = PCURVE('',#6759,#6764);
#6759 = PLANE('',#6760);
#6760 = AXIS2_PLACEMENT_3D('',#6761,#6762,#6763);
#6761 = CARTESIAN_POINT('',(-17.95,35.7,0.));
#6762 = DIRECTION('',(1.,0.,-0.));
#6763 = DIRECTION('',(0.,-1.,0.));
#6764 = DEFINITIONAL_REPRESENTATION('',(#6765),#6769);
#6765 = LINE('',#6766,#6767);
#6766 = CARTESIAN_POINT('',(0.,0.));
#6767 = VECTOR('',#6768,1.);
#6768 = DIRECTION('',(1.,0.));
#6769 = ( GEOMETRIC_REPRESENTATION_CONTEXT(2)
PARAMETRIC_REPRESENTATION_CONTEXT() REPRESENTATION_CONTEXT('2D SPACE',''
  ) );
#6770 = ORIENTED_EDGE('',*,*,#6771,.T.);
#6771 = EDGE_CURVE('',#6744,#6772,#6774,.T.);
#6772 = VERTEX_POINT('',#6773);
#6773 = CARTESIAN_POINT('',(-19.7,9.,0.));
#6774 = SURFACE_CURVE('',#6775,(#6780,#6787),.PCURVE_S1.);
#6775 = CIRCLE('',#6776,1.8);
#6776 = AXIS2_PLACEMENT_3D('',#6777,#6778,#6779);
#6777 = CARTESIAN_POINT('',(-19.7,7.2,0.));
#6778 = DIRECTION('',(0.,0.,1.));
#6779 = DIRECTION('',(0.,-1.,0.));
#6780 = PCURVE('',#6247,#6781);
#6781 = DEFINITIONAL_REPRESENTATION('',(#6782),#6786);
#6782 = CIRCLE('',#6783,1.8);
#6783 = AXIS2_PLACEMENT_2D('',#6784,#6785);
#6784 = CARTESIAN_POINT('',(-19.7,7.2));
#6785 = DIRECTION('',(0.,-1.));
#6786 = ( GEOMETRIC_REPRESENTATION_CONTEXT(2)
PARAMETRIC_REPRESENTATION_CONTEXT() REPRESENTATION_CONTEXT('2D SPACE',''
  ) );
#6787 = PCURVE('',#6788,#6793);
#6788 = CYLINDRICAL_SURFACE('',#6789,1.8);
#6789 = AXIS2_PLACEMENT_3D('',#6790,#6791,#6792);
#6790 = CARTESIAN_POINT('',(-19.7,7.2,0.));
#6791 = DIRECTION('',(0.,0.,1.));
#6792 = DIRECTION('',(1.,0.,-0.));
#6793 = DEFINITIONAL_REPRESENTATION('',(#6794),#6798);
#6794 = LINE('',#6795,#6796);
#6795 = CARTESIAN_POINT('',(-1.570796326795,0.));
#6796 = VECTOR('',#6797,1.);
#6797 = DIRECTION('',(1.,0.));
#6798 = ( GEOMETRIC_REPRESENTATION_CONTEXT(2)
PARAMETRIC_REPRESENTATION_CONTEXT() REPRESENTATION_CONTEXT('2D SPACE',''
  ) );
#6799 = ORIENTED_EDGE('',*,*,#6800,.T.);
#6800 = EDGE_CURVE('',#6772,#6801,#6803,.T.);
#6801 = VERTEX_POINT('',#6802);
#6802 = CARTESIAN_POINT('',(-23.1,9.,0.));
#6803 = SURFACE_CURVE('',#6804,(#6808,#6815),.PCURVE_S1.);
#6804 = LINE('',#6805,#6806);
#6805 = CARTESIAN_POINT('',(-17.9,9.,0.));
#6806 = VECTOR('',#6807,1.);
#6807 = DIRECTION('',(-1.,0.,0.));
#6808 = PCURVE('',#6247,#6809);
#6809 = DEFINITIONAL_REPRESENTATION('',(#6810),#6814);
#6810 = LINE('',#6811,#6812);
#6811 = CARTESIAN_POINT('',(-17.9,9.));
#6812 = VECTOR('',#6813,1.);
#6813 = DIRECTION('',(-1.,0.));
#6814 = ( GEOMETRIC_REPRESENTATION_CONTEXT(2)
PARAMETRIC_REPRESENTATION_CONTEXT() REPRESENTATION_CONTEXT('2D SPACE',''
  ) );
#6815 = PCURVE('',#6816,#6821);
#6816 = PLANE('',#6817);
#6817 = AXIS2_PLACEMENT_3D('',#6818,#6819,#6820);
#6818 = CARTESIAN_POINT('',(-17.9,9.,0.));
#6819 = DIRECTION('',(0.,-1.,0.));
#6820 = DIRECTION('',(-1.,0.,0.));
#6821 = DEFINITIONAL_REPRESENTATION('',(#6822),#6826);
#6822 = LINE('',#6823,#6824);
#6823 = CARTESIAN_POINT('',(0.,-0.));
#6824 = VECTOR('',#6825,1.);
#6825 = DIRECTION('',(1.,0.));
#6826 = ( GEOMETRIC_REPRESENTATION_CONTEXT(2)
PARAMETRIC_REPRESENTATION_CONTEXT() REPRESENTATION_CONTEXT('2D SPACE',''
  ) );
#6827 = ORIENTED_EDGE('',*,*,#6828,.T.);
#6828 = EDGE_CURVE('',#6801,#6829,#6831,.T.);
#6829 = VERTEX_POINT('',#6830);
#6830 = CARTESIAN_POINT('',(-24.9,7.2,0.));
#6831 = SURFACE_CURVE('',#6832,(#6837,#6844),.PCURVE_S1.);
#6832 = CIRCLE('',#6833,1.8);
#6833 = AXIS2_PLACEMENT_3D('',#6834,#6835,#6836);
#6834 = CARTESIAN_POINT('',(-23.1,7.2,0.));
#6835 = DIRECTION('',(0.,0.,1.));
#6836 = DIRECTION('',(0.,-1.,0.));
#6837 = PCURVE('',#6247,#6838);
#6838 = DEFINITIONAL_REPRESENTATION('',(#6839),#6843);
#6839 = CIRCLE('',#6840,1.8);
#6840 = AXIS2_PLACEMENT_2D('',#6841,#6842);
#6841 = CARTESIAN_POINT('',(-23.1,7.2));
#6842 = DIRECTION('',(0.,-1.));
#6843 = ( GEOMETRIC_REPRESENTATION_CONTEXT(2)
PARAMETRIC_REPRESENTATION_CONTEXT() REPRESENTATION_CONTEXT('2D SPACE',''
  ) );
#6844 = PCURVE('',#6845,#6850);
#6845 = CYLINDRICAL_SURFACE('',#6846,1.8);
#6846 = AXIS2_PLACEMENT_3D('',#6847,#6848,#6849);
#6847 = CARTESIAN_POINT('',(-23.1,7.2,0.));
#6848 = DIRECTION('',(0.,0.,1.));
#6849 = DIRECTION('',(-0.,1.,0.));
#6850 = DEFINITIONAL_REPRESENTATION('',(#6851),#6855);
#6851 = LINE('',#6852,#6853);
#6852 = CARTESIAN_POINT('',(-3.14159265359,0.));
#6853 = VECTOR('',#6854,1.);
#6854 = DIRECTION('',(1.,0.));
#6855 = ( GEOMETRIC_REPRESENTATION_CONTEXT(2)
PARAMETRIC_REPRESENTATION_CONTEXT() REPRESENTATION_CONTEXT('2D SPACE',''
  ) );
#6856 = ORIENTED_EDGE('',*,*,#6857,.T.);
#6857 = EDGE_CURVE('',#6829,#6858,#6860,.T.);
#6858 = VERTEX_POINT('',#6859);
#6859 = CARTESIAN_POINT('',(-24.9,-7.2,0.));
#6860 = SURFACE_CURVE('',#6861,(#6865,#6872),.PCURVE_S1.);
#6861 = LINE('',#6862,#6863);
#6862 = CARTESIAN_POINT('',(-24.9,9.,0.));
#6863 = VECTOR('',#6864,1.);
#6864 = DIRECTION('',(0.,-1.,0.));
#6865 = PCURVE('',#6247,#6866);
#6866 = DEFINITIONAL_REPRESENTATION('',(#6867),#6871);
#6867 = LINE('',#6868,#6869);
#6868 = CARTESIAN_POINT('',(-24.9,9.));
#6869 = VECTOR('',#6870,1.);
#6870 = DIRECTION('',(0.,-1.));
#6871 = ( GEOMETRIC_REPRESENTATION_CONTEXT(2)
PARAMETRIC_REPRESENTATION_CONTEXT() REPRESENTATION_CONTEXT('2D SPACE',''
  ) );
#6872 = PCURVE('',#6873,#6878);
#6873 = PLANE('',#6874);
#6874 = AXIS2_PLACEMENT_3D('',#6875,#6876,#6877);
#6875 = CARTESIAN_POINT('',(-24.9,9.,0.));
#6876 = DIRECTION('',(1.,0.,-0.));
#6877 = DIRECTION('',(0.,-1.,0.));
#6878 = DEFINITIONAL_REPRESENTATION('',(#6879),#6883);
#6879 = LINE('',#6880,#6881);
#6880 = CARTESIAN_POINT('',(0.,0.));
#6881 = VECTOR('',#6882,1.);
#6882 = DIRECTION('',(1.,0.));
#6883 = ( GEOMETRIC_REPRESENTATION_CONTEXT(2)
PARAMETRIC_REPRESENTATION_CONTEXT() REPRESENTATION_CONTEXT('2D SPACE',''
  ) );
#6884 = ORIENTED_EDGE('',*,*,#6885,.F.);
#6885 = EDGE_CURVE('',#6886,#6858,#6888,.T.);
#6886 = VERTEX_POINT('',#6887);
#6887 = CARTESIAN_POINT('',(-23.1,-9.,0.));
#6888 = SURFACE_CURVE('',#6889,(#6894,#6905),.PCURVE_S1.);
#6889 = CIRCLE('',#6890,1.8);
#6890 = AXIS2_PLACEMENT_3D('',#6891,#6892,#6893);
#6891 = CARTESIAN_POINT('',(-23.1,-7.2,0.));
#6892 = DIRECTION('',(-0.,-0.,-1.));
#6893 = DIRECTION('',(0.,-1.,0.));
#6894 = PCURVE('',#6247,#6895);
#6895 = DEFINITIONAL_REPRESENTATION('',(#6896),#6904);
#6896 = ( BOUNDED_CURVE() B_SPLINE_CURVE(2,(#6897,#6898,#6899,#6900,
#6901,#6902,#6903),.UNSPECIFIED.,.T.,.F.) B_SPLINE_CURVE_WITH_KNOTS((1,2
    ,2,2,2,1),(-2.094395102393,0.,2.094395102393,4.188790204786,
6.28318530718,8.377580409573),.UNSPECIFIED.) CURVE()
GEOMETRIC_REPRESENTATION_ITEM() RATIONAL_B_SPLINE_CURVE((1.,0.5,1.,0.5,
1.,0.5,1.)) REPRESENTATION_ITEM('') );
#6897 = CARTESIAN_POINT('',(-23.1,-9.));
#6898 = CARTESIAN_POINT('',(-26.21769145362,-9.));
#6899 = CARTESIAN_POINT('',(-24.65884572681,-6.3));
#6900 = CARTESIAN_POINT('',(-23.1,-3.6));
#6901 = CARTESIAN_POINT('',(-21.54115427318,-6.3));
#6902 = CARTESIAN_POINT('',(-19.98230854637,-9.));
#6903 = CARTESIAN_POINT('',(-23.1,-9.));
#6904 = ( GEOMETRIC_REPRESENTATION_CONTEXT(2)
PARAMETRIC_REPRESENTATION_CONTEXT() REPRESENTATION_CONTEXT('2D SPACE',''
  ) );
#6905 = PCURVE('',#6906,#6911);
#6906 = CYLINDRICAL_SURFACE('',#6907,1.8);
#6907 = AXIS2_PLACEMENT_3D('',#6908,#6909,#6910);
#6908 = CARTESIAN_POINT('',(-23.1,-7.2,0.));
#6909 = DIRECTION('',(0.,0.,1.));
#6910 = DIRECTION('',(0.,-1.,0.));
#6911 = DEFINITIONAL_REPRESENTATION('',(#6912),#6916);
#6912 = LINE('',#6913,#6914);
#6913 = CARTESIAN_POINT('',(-0.,0.));
#6914 = VECTOR('',#6915,1.);
#6915 = DIRECTION('',(-1.,0.));
#6916 = ( GEOMETRIC_REPRESENTATION_CONTEXT(2)
PARAMETRIC_REPRESENTATION_CONTEXT() REPRESENTATION_CONTEXT('2D SPACE',''
  ) );
#6917 = ORIENTED_EDGE('',*,*,#6918,.T.);
#6918 = EDGE_CURVE('',#6886,#6919,#6921,.T.);
#6919 = VERTEX_POINT('',#6920);
#6920 = CARTESIAN_POINT('',(-19.7,-9.,0.));
#6921 = SURFACE_CURVE('',#6922,(#6926,#6933),.PCURVE_S1.);
#6922 = LINE('',#6923,#6924);
#6923 = CARTESIAN_POINT('',(-24.9,-9.,0.));
#6924 = VECTOR('',#6925,1.);
#6925 = DIRECTION('',(1.,0.,0.));
#6926 = PCURVE('',#6247,#6927);
#6927 = DEFINITIONAL_REPRESENTATION('',(#6928),#6932);
#6928 = LINE('',#6929,#6930);
#6929 = CARTESIAN_POINT('',(-24.9,-9.));
#6930 = VECTOR('',#6931,1.);
#6931 = DIRECTION('',(1.,0.));
#6932 = ( GEOMETRIC_REPRESENTATION_CONTEXT(2)
PARAMETRIC_REPRESENTATION_CONTEXT() REPRESENTATION_CONTEXT('2D SPACE',''
  ) );
#6933 = PCURVE('',#6934,#6939);
#6934 = PLANE('',#6935);
#6935 = AXIS2_PLACEMENT_3D('',#6936,#6937,#6938);
#6936 = CARTESIAN_POINT('',(-24.9,-9.,0.));
#6937 = DIRECTION('',(0.,1.,0.));
#6938 = DIRECTION('',(1.,0.,0.));
#6939 = DEFINITIONAL_REPRESENTATION('',(#6940),#6944);
#6940 = LINE('',#6941,#6942);
#6941 = CARTESIAN_POINT('',(0.,0.));
#6942 = VECTOR('',#6943,1.);
#6943 = DIRECTION('',(1.,0.));
#6944 = ( GEOMETRIC_REPRESENTATION_CONTEXT(2)
PARAMETRIC_REPRESENTATION_CONTEXT() REPRESENTATION_CONTEXT('2D SPACE',''
  ) );
#6945 = ORIENTED_EDGE('',*,*,#6946,.T.);
#6946 = EDGE_CURVE('',#6919,#6947,#6949,.T.);
#6947 = VERTEX_POINT('',#6948);
#6948 = CARTESIAN_POINT('',(-17.95,-7.621307488659,0.));
#6949 = SURFACE_CURVE('',#6950,(#6955,#6962),.PCURVE_S1.);
#6950 = CIRCLE('',#6951,1.8);
#6951 = AXIS2_PLACEMENT_3D('',#6952,#6953,#6954);
#6952 = CARTESIAN_POINT('',(-19.7,-7.2,0.));
#6953 = DIRECTION('',(0.,0.,1.));
#6954 = DIRECTION('',(0.,-1.,0.));
#6955 = PCURVE('',#6247,#6956);
#6956 = DEFINITIONAL_REPRESENTATION('',(#6957),#6961);
#6957 = CIRCLE('',#6958,1.8);
#6958 = AXIS2_PLACEMENT_2D('',#6959,#6960);
#6959 = CARTESIAN_POINT('',(-19.7,-7.2));
#6960 = DIRECTION('',(0.,-1.));
#6961 = ( GEOMETRIC_REPRESENTATION_CONTEXT(2)
PARAMETRIC_REPRESENTATION_CONTEXT() REPRESENTATION_CONTEXT('2D SPACE',''
  ) );
#6962 = PCURVE('',#6963,#6968);
#6963 = CYLINDRICAL_SURFACE('',#6964,1.8);
#6964 = AXIS2_PLACEMENT_3D('',#6965,#6966,#6967);
#6965 = CARTESIAN_POINT('',(-19.7,-7.2,0.));
#6966 = DIRECTION('',(0.,0.,1.));
#6967 = DIRECTION('',(0.,-1.,0.));
#6968 = DEFINITIONAL_REPRESENTATION('',(#6969),#6973);
#6969 = LINE('',#6970,#6971);
#6970 = CARTESIAN_POINT('',(0.,0.));
#6971 = VECTOR('',#6972,1.);
#6972 = DIRECTION('',(1.,0.));
#6973 = ( GEOMETRIC_REPRESENTATION_CONTEXT(2)
PARAMETRIC_REPRESENTATION_CONTEXT() REPRESENTATION_CONTEXT('2D SPACE',''
  ) );
#6974 = ORIENTED_EDGE('',*,*,#6975,.T.);
#6975 = EDGE_CURVE('',#6947,#6345,#6976,.T.);
#6976 = SURFACE_CURVE('',#6977,(#6981,#6988),.PCURVE_S1.);
#6977 = LINE('',#6978,#6979);
#6978 = CARTESIAN_POINT('',(-17.95,35.7,0.));
#6979 = VECTOR('',#6980,1.);
#6980 = DIRECTION('',(0.,-1.,0.));
#6981 = PCURVE('',#6247,#6982);
#6982 = DEFINITIONAL_REPRESENTATION('',(#6983),#6987);
#6983 = LINE('',#6984,#6985);
#6984 = CARTESIAN_POINT('',(-17.95,35.7));
#6985 = VECTOR('',#6986,1.);
#6986 = DIRECTION('',(0.,-1.));
#6987 = ( GEOMETRIC_REPRESENTATION_CONTEXT(2)
PARAMETRIC_REPRESENTATION_CONTEXT() REPRESENTATION_CONTEXT('2D SPACE',''
  ) );
#6988 = PCURVE('',#6989,#6994);
#6989 = PLANE('',#6990);
#6990 = AXIS2_PLACEMENT_3D('',#6991,#6992,#6993);
#6991 = CARTESIAN_POINT('',(-17.95,35.7,0.));
#6992 = DIRECTION('',(1.,0.,-0.));
#6993 = DIRECTION('',(0.,-1.,0.));
#6994 = DEFINITIONAL_REPRESENTATION('',(#6995),#6999);
#6995 = LINE('',#6996,#6997);
#6996 = CARTESIAN_POINT('',(0.,0.));
#6997 = VECTOR('',#6998,1.);
#6998 = DIRECTION('',(1.,0.));
#6999 = ( GEOMETRIC_REPRESENTATION_CONTEXT(2)
PARAMETRIC_REPRESENTATION_CONTEXT() REPRESENTATION_CONTEXT('2D SPACE',''
  ) );
#7000 = FACE_BOUND('',#7001,.F.);
#7001 = EDGE_LOOP('',(#7002));
#7002 = ORIENTED_EDGE('',*,*,#7003,.T.);
#7003 = EDGE_CURVE('',#7004,#7004,#7006,.T.);
#7004 = VERTEX_POINT('',#7005);
#7005 = CARTESIAN_POINT('',(-20.25,0.,0.));
#7006 = SURFACE_CURVE('',#7007,(#7012,#7023),.PCURVE_S1.);
#7007 = CIRCLE('',#7008,1.2);
#7008 = AXIS2_PLACEMENT_3D('',#7009,#7010,#7011);
#7009 = CARTESIAN_POINT('',(-21.45,0.,0.));
#7010 = DIRECTION('',(0.,0.,-1.));
#7011 = DIRECTION('',(1.,0.,0.));
#7012 = PCURVE('',#6247,#7013);
#7013 = DEFINITIONAL_REPRESENTATION('',(#7014),#7022);
#7014 = ( BOUNDED_CURVE() B_SPLINE_CURVE(2,(#7015,#7016,#7017,#7018,
#7019,#7020,#7021),.UNSPECIFIED.,.T.,.F.) B_SPLINE_CURVE_WITH_KNOTS((1,2
    ,2,2,2,1),(-2.094395102393,0.,2.094395102393,4.188790204786,
6.28318530718,8.377580409573),.UNSPECIFIED.) CURVE()
GEOMETRIC_REPRESENTATION_ITEM() RATIONAL_B_SPLINE_CURVE((1.,0.5,1.,0.5,
1.,0.5,1.)) REPRESENTATION_ITEM('') );
#7015 = CARTESIAN_POINT('',(-20.25,1.059523184731E-15));
#7016 = CARTESIAN_POINT('',(-20.25,-2.078460969083));
#7017 = CARTESIAN_POINT('',(-22.05,-1.039230484541));
#7018 = CARTESIAN_POINT('',(-23.85,7.656079529354E-16));
#7019 = CARTESIAN_POINT('',(-22.05,1.039230484541));
#7020 = CARTESIAN_POINT('',(-20.25,2.078460969083));
#7021 = CARTESIAN_POINT('',(-20.25,1.059523184731E-15));
#7022 = ( GEOMETRIC_REPRESENTATION_CONTEXT(2)
PARAMETRIC_REPRESENTATION_CONTEXT() REPRESENTATION_CONTEXT('2D SPACE',''
  ) );
#7023 = PCURVE('',#7024,#7029);
#7024 = CYLINDRICAL_SURFACE('',#7025,1.2);
#7025 = AXIS2_PLACEMENT_3D('',#7026,#7027,#7028);
#7026 = CARTESIAN_POINT('',(-21.45,0.,-0.5));
#7027 = DIRECTION('',(-0.,-0.,-1.));
#7028 = DIRECTION('',(1.,0.,0.));
#7029 = DEFINITIONAL_REPRESENTATION('',(#7030),#7034);
#7030 = LINE('',#7031,#7032);
#7031 = CARTESIAN_POINT('',(-6.28318530718,-0.5));
#7032 = VECTOR('',#7033,1.);
#7033 = DIRECTION('',(1.,-0.));
#7034 = ( GEOMETRIC_REPRESENTATION_CONTEXT(2)
PARAMETRIC_REPRESENTATION_CONTEXT() REPRESENTATION_CONTEXT('2D SPACE',''
  ) );
#7035 = FACE_BOUND('',#7036,.F.);
#7036 = EDGE_LOOP('',(#7037,#7068,#7094,#7123,#7149,#7178,#7204,#7233));
#7037 = ORIENTED_EDGE('',*,*,#7038,.F.);
#7038 = EDGE_CURVE('',#7039,#7041,#7043,.T.);
#7039 = VERTEX_POINT('',#7040);
#7040 = CARTESIAN_POINT('',(14.75,-33.5,0.));
#7041 = VERTEX_POINT('',#7042);
#7042 = CARTESIAN_POINT('',(15.75,-32.5,0.));
#7043 = SURFACE_CURVE('',#7044,(#7049,#7056),.PCURVE_S1.);
#7044 = CIRCLE('',#7045,1.);
#7045 = AXIS2_PLACEMENT_3D('',#7046,#7047,#7048);
#7046 = CARTESIAN_POINT('',(14.75,-32.5,0.));
#7047 = DIRECTION('',(0.,0.,1.));
#7048 = DIRECTION('',(0.,-1.,0.));
#7049 = PCURVE('',#6247,#7050);
#7050 = DEFINITIONAL_REPRESENTATION('',(#7051),#7055);
#7051 = CIRCLE('',#7052,1.);
#7052 = AXIS2_PLACEMENT_2D('',#7053,#7054);
#7053 = CARTESIAN_POINT('',(14.75,-32.5));
#7054 = DIRECTION('',(0.,-1.));
#7055 = ( GEOMETRIC_REPRESENTATION_CONTEXT(2)
PARAMETRIC_REPRESENTATION_CONTEXT() REPRESENTATION_CONTEXT('2D SPACE',''
  ) );
#7056 = PCURVE('',#7057,#7062);
#7057 = CYLINDRICAL_SURFACE('',#7058,1.);
#7058 = AXIS2_PLACEMENT_3D('',#7059,#7060,#7061);
#7059 = CARTESIAN_POINT('',(14.75,-32.5,-0.55));
#7060 = DIRECTION('',(0.,0.,1.));
#7061 = DIRECTION('',(0.,-1.,0.));
#7062 = DEFINITIONAL_REPRESENTATION('',(#7063),#7067);
#7063 = LINE('',#7064,#7065);
#7064 = CARTESIAN_POINT('',(0.,0.55));
#7065 = VECTOR('',#7066,1.);
#7066 = DIRECTION('',(1.,0.));
#7067 = ( GEOMETRIC_REPRESENTATION_CONTEXT(2)
PARAMETRIC_REPRESENTATION_CONTEXT() REPRESENTATION_CONTEXT('2D SPACE',''
  ) );
#7068 = ORIENTED_EDGE('',*,*,#7069,.T.);
#7069 = EDGE_CURVE('',#7039,#7070,#7072,.T.);
#7070 = VERTEX_POINT('',#7071);
#7071 = CARTESIAN_POINT('',(-14.75,-33.5,0.));
#7072 = SURFACE_CURVE('',#7073,(#7077,#7083),.PCURVE_S1.);
#7073 = LINE('',#7074,#7075);
#7074 = CARTESIAN_POINT('',(-7.875,-33.5,0.));
#7075 = VECTOR('',#7076,1.);
#7076 = DIRECTION('',(-1.,0.,0.));
#7077 = PCURVE('',#6247,#7078);
#7078 = DEFINITIONAL_REPRESENTATION('',(#7079),#7082);
#7079 = B_SPLINE_CURVE_WITH_KNOTS('',1,(#7080,#7081),.UNSPECIFIED.,.F.,
  .F.,(2,2),(-22.625,6.875),.PIECEWISE_BEZIER_KNOTS.);
#7080 = CARTESIAN_POINT('',(14.75,-33.5));
#7081 = CARTESIAN_POINT('',(-14.75,-33.5));
#7082 = ( GEOMETRIC_REPRESENTATION_CONTEXT(2)
PARAMETRIC_REPRESENTATION_CONTEXT() REPRESENTATION_CONTEXT('2D SPACE',''
  ) );
#7083 = PCURVE('',#7084,#7089);
#7084 = PLANE('',#7085);
#7085 = AXIS2_PLACEMENT_3D('',#7086,#7087,#7088);
#7086 = CARTESIAN_POINT('',(-15.75,-33.5,-0.55));
#7087 = DIRECTION('',(0.,1.,0.));
#7088 = DIRECTION('',(1.,0.,0.));
#7089 = DEFINITIONAL_REPRESENTATION('',(#7090),#7093);
#7090 = B_SPLINE_CURVE_WITH_KNOTS('',1,(#7091,#7092),.UNSPECIFIED.,.F.,
  .F.,(2,2),(-22.625,6.875),.PIECEWISE_BEZIER_KNOTS.);
#7091 = CARTESIAN_POINT('',(30.5,-0.55));
#7092 = CARTESIAN_POINT('',(1.,-0.55));
#7093 = ( GEOMETRIC_REPRESENTATION_CONTEXT(2)
PARAMETRIC_REPRESENTATION_CONTEXT() REPRESENTATION_CONTEXT('2D SPACE',''
  ) );
#7094 = ORIENTED_EDGE('',*,*,#7095,.F.);
#7095 = EDGE_CURVE('',#7096,#7070,#7098,.T.);
#7096 = VERTEX_POINT('',#7097);
#7097 = CARTESIAN_POINT('',(-15.75,-32.5,0.));
#7098 = SURFACE_CURVE('',#7099,(#7104,#7111),.PCURVE_S1.);
#7099 = CIRCLE('',#7100,1.);
#7100 = AXIS2_PLACEMENT_3D('',#7101,#7102,#7103);
#7101 = CARTESIAN_POINT('',(-14.75,-32.5,0.));
#7102 = DIRECTION('',(0.,0.,1.));
#7103 = DIRECTION('',(0.,-1.,0.));
#7104 = PCURVE('',#6247,#7105);
#7105 = DEFINITIONAL_REPRESENTATION('',(#7106),#7110);
#7106 = CIRCLE('',#7107,1.);
#7107 = AXIS2_PLACEMENT_2D('',#7108,#7109);
#7108 = CARTESIAN_POINT('',(-14.75,-32.5));
#7109 = DIRECTION('',(0.,-1.));
#7110 = ( GEOMETRIC_REPRESENTATION_CONTEXT(2)
PARAMETRIC_REPRESENTATION_CONTEXT() REPRESENTATION_CONTEXT('2D SPACE',''
  ) );
#7111 = PCURVE('',#7112,#7117);
#7112 = CYLINDRICAL_SURFACE('',#7113,1.);
#7113 = AXIS2_PLACEMENT_3D('',#7114,#7115,#7116);
#7114 = CARTESIAN_POINT('',(-14.75,-32.5,-0.55));
#7115 = DIRECTION('',(0.,0.,1.));
#7116 = DIRECTION('',(0.,-1.,0.));
#7117 = DEFINITIONAL_REPRESENTATION('',(#7118),#7122);
#7118 = LINE('',#7119,#7120);
#7119 = CARTESIAN_POINT('',(-6.28318530718,0.55));
#7120 = VECTOR('',#7121,1.);
#7121 = DIRECTION('',(1.,-0.));
#7122 = ( GEOMETRIC_REPRESENTATION_CONTEXT(2)
PARAMETRIC_REPRESENTATION_CONTEXT() REPRESENTATION_CONTEXT('2D SPACE',''
  ) );
#7123 = ORIENTED_EDGE('',*,*,#7124,.T.);
#7124 = EDGE_CURVE('',#7096,#7125,#7127,.T.);
#7125 = VERTEX_POINT('',#7126);
#7126 = CARTESIAN_POINT('',(-15.75,32.5,0.));
#7127 = SURFACE_CURVE('',#7128,(#7132,#7138),.PCURVE_S1.);
#7128 = LINE('',#7129,#7130);
#7129 = CARTESIAN_POINT('',(-15.75,16.75,0.));
#7130 = VECTOR('',#7131,1.);
#7131 = DIRECTION('',(-0.,1.,0.));
#7132 = PCURVE('',#6247,#7133);
#7133 = DEFINITIONAL_REPRESENTATION('',(#7134),#7137);
#7134 = B_SPLINE_CURVE_WITH_KNOTS('',1,(#7135,#7136),.UNSPECIFIED.,.F.,
  .F.,(2,2),(-49.25,15.75),.PIECEWISE_BEZIER_KNOTS.);
#7135 = CARTESIAN_POINT('',(-15.75,-32.5));
#7136 = CARTESIAN_POINT('',(-15.75,32.5));
#7137 = ( GEOMETRIC_REPRESENTATION_CONTEXT(2)
PARAMETRIC_REPRESENTATION_CONTEXT() REPRESENTATION_CONTEXT('2D SPACE',''
  ) );
#7138 = PCURVE('',#7139,#7144);
#7139 = PLANE('',#7140);
#7140 = AXIS2_PLACEMENT_3D('',#7141,#7142,#7143);
#7141 = CARTESIAN_POINT('',(-15.75,33.5,-0.55));
#7142 = DIRECTION('',(1.,0.,-0.));
#7143 = DIRECTION('',(0.,-1.,0.));
#7144 = DEFINITIONAL_REPRESENTATION('',(#7145),#7148);
#7145 = B_SPLINE_CURVE_WITH_KNOTS('',1,(#7146,#7147),.UNSPECIFIED.,.F.,
  .F.,(2,2),(-49.25,15.75),.PIECEWISE_BEZIER_KNOTS.);
#7146 = CARTESIAN_POINT('',(66.,-0.55));
#7147 = CARTESIAN_POINT('',(1.,-0.55));
#7148 = ( GEOMETRIC_REPRESENTATION_CONTEXT(2)
PARAMETRIC_REPRESENTATION_CONTEXT() REPRESENTATION_CONTEXT('2D SPACE',''
  ) );
#7149 = ORIENTED_EDGE('',*,*,#7150,.F.);
#7150 = EDGE_CURVE('',#7151,#7125,#7153,.T.);
#7151 = VERTEX_POINT('',#7152);
#7152 = CARTESIAN_POINT('',(-14.75,33.5,0.));
#7153 = SURFACE_CURVE('',#7154,(#7159,#7166),.PCURVE_S1.);
#7154 = CIRCLE('',#7155,1.);
#7155 = AXIS2_PLACEMENT_3D('',#7156,#7157,#7158);
#7156 = CARTESIAN_POINT('',(-14.75,32.5,0.));
#7157 = DIRECTION('',(0.,0.,1.));
#7158 = DIRECTION('',(-0.,1.,0.));
#7159 = PCURVE('',#6247,#7160);
#7160 = DEFINITIONAL_REPRESENTATION('',(#7161),#7165);
#7161 = CIRCLE('',#7162,1.);
#7162 = AXIS2_PLACEMENT_2D('',#7163,#7164);
#7163 = CARTESIAN_POINT('',(-14.75,32.5));
#7164 = DIRECTION('',(0.,1.));
#7165 = ( GEOMETRIC_REPRESENTATION_CONTEXT(2)
PARAMETRIC_REPRESENTATION_CONTEXT() REPRESENTATION_CONTEXT('2D SPACE',''
  ) );
#7166 = PCURVE('',#7167,#7172);
#7167 = CYLINDRICAL_SURFACE('',#7168,1.);
#7168 = AXIS2_PLACEMENT_3D('',#7169,#7170,#7171);
#7169 = CARTESIAN_POINT('',(-14.75,32.5,-0.55));
#7170 = DIRECTION('',(0.,0.,1.));
#7171 = DIRECTION('',(-0.,1.,0.));
#7172 = DEFINITIONAL_REPRESENTATION('',(#7173),#7177);
#7173 = LINE('',#7174,#7175);
#7174 = CARTESIAN_POINT('',(0.,0.55));
#7175 = VECTOR('',#7176,1.);
#7176 = DIRECTION('',(1.,0.));
#7177 = ( GEOMETRIC_REPRESENTATION_CONTEXT(2)
PARAMETRIC_REPRESENTATION_CONTEXT() REPRESENTATION_CONTEXT('2D SPACE',''
  ) );
#7178 = ORIENTED_EDGE('',*,*,#7179,.T.);
#7179 = EDGE_CURVE('',#7151,#7180,#7182,.T.);
#7180 = VERTEX_POINT('',#7181);
#7181 = CARTESIAN_POINT('',(14.75,33.5,0.));
#7182 = SURFACE_CURVE('',#7183,(#7187,#7193),.PCURVE_S1.);
#7183 = LINE('',#7184,#7185);
#7184 = CARTESIAN_POINT('',(7.875,33.5,0.));
#7185 = VECTOR('',#7186,1.);
#7186 = DIRECTION('',(1.,0.,-0.));
#7187 = PCURVE('',#6247,#7188);
#7188 = DEFINITIONAL_REPRESENTATION('',(#7189),#7192);
#7189 = B_SPLINE_CURVE_WITH_KNOTS('',1,(#7190,#7191),.UNSPECIFIED.,.F.,
  .F.,(2,2),(-22.625,6.875),.PIECEWISE_BEZIER_KNOTS.);
#7190 = CARTESIAN_POINT('',(-14.75,33.5));
#7191 = CARTESIAN_POINT('',(14.75,33.5));
#7192 = ( GEOMETRIC_REPRESENTATION_CONTEXT(2)
PARAMETRIC_REPRESENTATION_CONTEXT() REPRESENTATION_CONTEXT('2D SPACE',''
  ) );
#7193 = PCURVE('',#7194,#7199);
#7194 = PLANE('',#7195);
#7195 = AXIS2_PLACEMENT_3D('',#7196,#7197,#7198);
#7196 = CARTESIAN_POINT('',(15.75,33.5,-0.55));
#7197 = DIRECTION('',(0.,-1.,0.));
#7198 = DIRECTION('',(-1.,0.,0.));
#7199 = DEFINITIONAL_REPRESENTATION('',(#7200),#7203);
#7200 = B_SPLINE_CURVE_WITH_KNOTS('',1,(#7201,#7202),.UNSPECIFIED.,.F.,
  .F.,(2,2),(-22.625,6.875),.PIECEWISE_BEZIER_KNOTS.);
#7201 = CARTESIAN_POINT('',(30.5,-0.55));
#7202 = CARTESIAN_POINT('',(1.,-0.55));
#7203 = ( GEOMETRIC_REPRESENTATION_CONTEXT(2)
PARAMETRIC_REPRESENTATION_CONTEXT() REPRESENTATION_CONTEXT('2D SPACE',''
  ) );
#7204 = ORIENTED_EDGE('',*,*,#7205,.F.);
#7205 = EDGE_CURVE('',#7206,#7180,#7208,.T.);
#7206 = VERTEX_POINT('',#7207);
#7207 = CARTESIAN_POINT('',(15.75,32.5,0.));
#7208 = SURFACE_CURVE('',#7209,(#7214,#7221),.PCURVE_S1.);
#7209 = CIRCLE('',#7210,1.);
#7210 = AXIS2_PLACEMENT_3D('',#7211,#7212,#7213);
#7211 = CARTESIAN_POINT('',(14.75,32.5,0.));
#7212 = DIRECTION('',(0.,0.,1.));
#7213 = DIRECTION('',(1.,0.,-0.));
#7214 = PCURVE('',#6247,#7215);
#7215 = DEFINITIONAL_REPRESENTATION('',(#7216),#7220);
#7216 = CIRCLE('',#7217,1.);
#7217 = AXIS2_PLACEMENT_2D('',#7218,#7219);
#7218 = CARTESIAN_POINT('',(14.75,32.5));
#7219 = DIRECTION('',(1.,0.));
#7220 = ( GEOMETRIC_REPRESENTATION_CONTEXT(2)
PARAMETRIC_REPRESENTATION_CONTEXT() REPRESENTATION_CONTEXT('2D SPACE',''
  ) );
#7221 = PCURVE('',#7222,#7227);
#7222 = CYLINDRICAL_SURFACE('',#7223,1.);
#7223 = AXIS2_PLACEMENT_3D('',#7224,#7225,#7226);
#7224 = CARTESIAN_POINT('',(14.75,32.5,-0.55));
#7225 = DIRECTION('',(0.,0.,1.));
#7226 = DIRECTION('',(1.,0.,-0.));
#7227 = DEFINITIONAL_REPRESENTATION('',(#7228),#7232);
#7228 = LINE('',#7229,#7230);
#7229 = CARTESIAN_POINT('',(0.,0.55));
#7230 = VECTOR('',#7231,1.);
#7231 = DIRECTION('',(1.,0.));
#7232 = ( GEOMETRIC_REPRESENTATION_CONTEXT(2)
PARAMETRIC_REPRESENTATION_CONTEXT() REPRESENTATION_CONTEXT('2D SPACE',''
  ) );
#7233 = ORIENTED_EDGE('',*,*,#7234,.T.);
#7234 = EDGE_CURVE('',#7206,#7041,#7235,.T.);
#7235 = SURFACE_CURVE('',#7236,(#7240,#7246),.PCURVE_S1.);
#7236 = LINE('',#7237,#7238);
#7237 = CARTESIAN_POINT('',(15.75,-16.75,0.));
#7238 = VECTOR('',#7239,1.);
#7239 = DIRECTION('',(0.,-1.,0.));
#7240 = PCURVE('',#6247,#7241);
#7241 = DEFINITIONAL_REPRESENTATION('',(#7242),#7245);
#7242 = B_SPLINE_CURVE_WITH_KNOTS('',1,(#7243,#7244),.UNSPECIFIED.,.F.,
  .F.,(2,2),(-49.25,15.75),.PIECEWISE_BEZIER_KNOTS.);
#7243 = CARTESIAN_POINT('',(15.75,32.5));
#7244 = CARTESIAN_POINT('',(15.75,-32.5));
#7245 = ( GEOMETRIC_REPRESENTATION_CONTEXT(2)
PARAMETRIC_REPRESENTATION_CONTEXT() REPRESENTATION_CONTEXT('2D SPACE',''
  ) );
#7246 = PCURVE('',#7247,#7252);
#7247 = PLANE('',#7248);
#7248 = AXIS2_PLACEMENT_3D('',#7249,#7250,#7251);
#7249 = CARTESIAN_POINT('',(15.75,-33.5,-0.55));
#7250 = DIRECTION('',(-1.,0.,0.));
#7251 = DIRECTION('',(0.,1.,0.));
#7252 = DEFINITIONAL_REPRESENTATION('',(#7253),#7256);
#7253 = B_SPLINE_CURVE_WITH_KNOTS('',1,(#7254,#7255),.UNSPECIFIED.,.F.,
  .F.,(2,2),(-49.25,15.75),.PIECEWISE_BEZIER_KNOTS.);
#7254 = CARTESIAN_POINT('',(66.,-0.55));
#7255 = CARTESIAN_POINT('',(1.,-0.55));
#7256 = ( GEOMETRIC_REPRESENTATION_CONTEXT(2)
PARAMETRIC_REPRESENTATION_CONTEXT() REPRESENTATION_CONTEXT('2D SPACE',''
  ) );
#7257 = FACE_BOUND('',#7258,.F.);
#7258 = EDGE_LOOP('',(#7259));
#7259 = ORIENTED_EDGE('',*,*,#7260,.T.);
#7260 = EDGE_CURVE('',#7261,#7261,#7263,.T.);
#7261 = VERTEX_POINT('',#7262);
#7262 = CARTESIAN_POINT('',(22.65,0.,0.));
#7263 = SURFACE_CURVE('',#7264,(#7269,#7280),.PCURVE_S1.);
#7264 = CIRCLE('',#7265,1.2);
#7265 = AXIS2_PLACEMENT_3D('',#7266,#7267,#7268);
#7266 = CARTESIAN_POINT('',(21.45,0.,0.));
#7267 = DIRECTION('',(0.,0.,-1.));
#7268 = DIRECTION('',(1.,0.,0.));
#7269 = PCURVE('',#6247,#7270);
#7270 = DEFINITIONAL_REPRESENTATION('',(#7271),#7279);
#7271 = ( BOUNDED_CURVE() B_SPLINE_CURVE(2,(#7272,#7273,#7274,#7275,
#7276,#7277,#7278),.UNSPECIFIED.,.T.,.F.) B_SPLINE_CURVE_WITH_KNOTS((1,2
    ,2,2,2,1),(-2.094395102393,0.,2.094395102393,4.188790204786,
6.28318530718,8.377580409573),.UNSPECIFIED.) CURVE()
GEOMETRIC_REPRESENTATION_ITEM() RATIONAL_B_SPLINE_CURVE((1.,0.5,1.,0.5,
1.,0.5,1.)) REPRESENTATION_ITEM('') );
#7272 = CARTESIAN_POINT('',(22.65,1.059523184731E-15));
#7273 = CARTESIAN_POINT('',(22.65,-2.078460969083));
#7274 = CARTESIAN_POINT('',(20.85,-1.039230484541));
#7275 = CARTESIAN_POINT('',(19.05,7.656079529354E-16));
#7276 = CARTESIAN_POINT('',(20.85,1.039230484541));
#7277 = CARTESIAN_POINT('',(22.65,2.078460969083));
#7278 = CARTESIAN_POINT('',(22.65,1.059523184731E-15));
#7279 = ( GEOMETRIC_REPRESENTATION_CONTEXT(2)
PARAMETRIC_REPRESENTATION_CONTEXT() REPRESENTATION_CONTEXT('2D SPACE',''
  ) );
#7280 = PCURVE('',#7281,#7286);
#7281 = CYLINDRICAL_SURFACE('',#7282,1.2);
#7282 = AXIS2_PLACEMENT_3D('',#7283,#7284,#7285);
#7283 = CARTESIAN_POINT('',(21.45,0.,-0.5));
#7284 = DIRECTION('',(-0.,-0.,-1.));
#7285 = DIRECTION('',(1.,0.,0.));
#7286 = DEFINITIONAL_REPRESENTATION('',(#7287),#7291);
#7287 = LINE('',#7288,#7289);
#7288 = CARTESIAN_POINT('',(-6.28318530718,-0.5));
#7289 = VECTOR('',#7290,1.);
#7290 = DIRECTION('',(1.,-0.));
#7291 = ( GEOMETRIC_REPRESENTATION_CONTEXT(2)
PARAMETRIC_REPRESENTATION_CONTEXT() REPRESENTATION_CONTEXT('2D SPACE',''
  ) );
#7292 = ADVANCED_FACE('',(#7293),#6275,.T.);
#7293 = FACE_BOUND('',#7294,.F.);
#7294 = EDGE_LOOP('',(#7295,#7296,#7319,#7345));
#7295 = ORIENTED_EDGE('',*,*,#6344,.T.);
#7296 = ORIENTED_EDGE('',*,*,#7297,.T.);
#7297 = EDGE_CURVE('',#6345,#7298,#7300,.T.);
#7298 = VERTEX_POINT('',#7299);
#7299 = CARTESIAN_POINT('',(-17.95,-33.2,1.5));
#7300 = SURFACE_CURVE('',#7301,(#7305,#7312),.PCURVE_S1.);
#7301 = LINE('',#7302,#7303);
#7302 = CARTESIAN_POINT('',(-17.95,-33.2,0.));
#7303 = VECTOR('',#7304,1.);
#7304 = DIRECTION('',(0.,0.,1.));
#7305 = PCURVE('',#6275,#7306);
#7306 = DEFINITIONAL_REPRESENTATION('',(#7307),#7311);
#7307 = LINE('',#7308,#7309);
#7308 = CARTESIAN_POINT('',(-1.570796326795,0.));
#7309 = VECTOR('',#7310,1.);
#7310 = DIRECTION('',(-0.,1.));
#7311 = ( GEOMETRIC_REPRESENTATION_CONTEXT(2)
PARAMETRIC_REPRESENTATION_CONTEXT() REPRESENTATION_CONTEXT('2D SPACE',''
  ) );
#7312 = PCURVE('',#6989,#7313);
#7313 = DEFINITIONAL_REPRESENTATION('',(#7314),#7318);
#7314 = LINE('',#7315,#7316);
#7315 = CARTESIAN_POINT('',(68.9,0.));
#7316 = VECTOR('',#7317,1.);
#7317 = DIRECTION('',(0.,-1.));
#7318 = ( GEOMETRIC_REPRESENTATION_CONTEXT(2)
PARAMETRIC_REPRESENTATION_CONTEXT() REPRESENTATION_CONTEXT('2D SPACE',''
  ) );
#7319 = ORIENTED_EDGE('',*,*,#7320,.F.);
#7320 = EDGE_CURVE('',#6260,#7298,#7321,.T.);
#7321 = SURFACE_CURVE('',#7322,(#7327,#7334),.PCURVE_S1.);
#7322 = CIRCLE('',#7323,2.5);
#7323 = AXIS2_PLACEMENT_3D('',#7324,#7325,#7326);
#7324 = CARTESIAN_POINT('',(-15.45,-33.2,1.5));
#7325 = DIRECTION('',(-0.,-0.,-1.));
#7326 = DIRECTION('',(0.,-1.,0.));
#7327 = PCURVE('',#6275,#7328);
#7328 = DEFINITIONAL_REPRESENTATION('',(#7329),#7333);
#7329 = LINE('',#7330,#7331);
#7330 = CARTESIAN_POINT('',(-0.,1.5));
#7331 = VECTOR('',#7332,1.);
#7332 = DIRECTION('',(-1.,0.));
#7333 = ( GEOMETRIC_REPRESENTATION_CONTEXT(2)
PARAMETRIC_REPRESENTATION_CONTEXT() REPRESENTATION_CONTEXT('2D SPACE',''
  ) );
#7334 = PCURVE('',#6303,#7335);
#7335 = DEFINITIONAL_REPRESENTATION('',(#7336),#7344);
#7336 = ( BOUNDED_CURVE() B_SPLINE_CURVE(2,(#7337,#7338,#7339,#7340,
#7341,#7342,#7343),.UNSPECIFIED.,.T.,.F.) B_SPLINE_CURVE_WITH_KNOTS((1,2
    ,2,2,2,1),(-2.094395102393,0.,2.094395102393,4.188790204786,
6.28318530718,8.377580409573),.UNSPECIFIED.) CURVE()
GEOMETRIC_REPRESENTATION_ITEM() RATIONAL_B_SPLINE_CURVE((1.,0.5,1.,0.5,
1.,0.5,1.)) REPRESENTATION_ITEM('') );
#7337 = CARTESIAN_POINT('',(-15.45,-35.7));
#7338 = CARTESIAN_POINT('',(-19.78012701892,-35.7));
#7339 = CARTESIAN_POINT('',(-17.61506350946,-31.95));
#7340 = CARTESIAN_POINT('',(-15.45,-28.2));
#7341 = CARTESIAN_POINT('',(-13.28493649053,-31.95));
#7342 = CARTESIAN_POINT('',(-11.11987298107,-35.7));
#7343 = CARTESIAN_POINT('',(-15.45,-35.7));
#7344 = ( GEOMETRIC_REPRESENTATION_CONTEXT(2)
PARAMETRIC_REPRESENTATION_CONTEXT() REPRESENTATION_CONTEXT('2D SPACE',''
  ) );
#7345 = ORIENTED_EDGE('',*,*,#6259,.F.);
#7346 = ADVANCED_FACE('',(#7347),#6329,.T.);
#7347 = FACE_BOUND('',#7348,.T.);
#7348 = EDGE_LOOP('',(#7349,#7350,#7373,#7395));
#7349 = ORIENTED_EDGE('',*,*,#6373,.T.);
#7350 = ORIENTED_EDGE('',*,*,#7351,.T.);
#7351 = EDGE_CURVE('',#6374,#7352,#7354,.T.);
#7352 = VERTEX_POINT('',#7353);
#7353 = CARTESIAN_POINT('',(17.95,-33.2,1.5));
#7354 = SURFACE_CURVE('',#7355,(#7359,#7366),.PCURVE_S1.);
#7355 = LINE('',#7356,#7357);
#7356 = CARTESIAN_POINT('',(17.95,-33.2,0.));
#7357 = VECTOR('',#7358,1.);
#7358 = DIRECTION('',(0.,0.,1.));
#7359 = PCURVE('',#6329,#7360);
#7360 = DEFINITIONAL_REPRESENTATION('',(#7361),#7365);
#7361 = LINE('',#7362,#7363);
#7362 = CARTESIAN_POINT('',(1.570796326795,0.));
#7363 = VECTOR('',#7364,1.);
#7364 = DIRECTION('',(0.,1.));
#7365 = ( GEOMETRIC_REPRESENTATION_CONTEXT(2)
PARAMETRIC_REPRESENTATION_CONTEXT() REPRESENTATION_CONTEXT('2D SPACE',''
  ) );
#7366 = PCURVE('',#6413,#7367);
#7367 = DEFINITIONAL_REPRESENTATION('',(#7368),#7372);
#7368 = LINE('',#7369,#7370);
#7369 = CARTESIAN_POINT('',(2.5,0.));
#7370 = VECTOR('',#7371,1.);
#7371 = DIRECTION('',(0.,-1.));
#7372 = ( GEOMETRIC_REPRESENTATION_CONTEXT(2)
PARAMETRIC_REPRESENTATION_CONTEXT() REPRESENTATION_CONTEXT('2D SPACE',''
  ) );
#7373 = ORIENTED_EDGE('',*,*,#7374,.F.);
#7374 = EDGE_CURVE('',#6288,#7352,#7375,.T.);
#7375 = SURFACE_CURVE('',#7376,(#7381,#7388),.PCURVE_S1.);
#7376 = CIRCLE('',#7377,2.5);
#7377 = AXIS2_PLACEMENT_3D('',#7378,#7379,#7380);
#7378 = CARTESIAN_POINT('',(15.45,-33.2,1.5));
#7379 = DIRECTION('',(0.,0.,1.));
#7380 = DIRECTION('',(0.,-1.,0.));
#7381 = PCURVE('',#6329,#7382);
#7382 = DEFINITIONAL_REPRESENTATION('',(#7383),#7387);
#7383 = LINE('',#7384,#7385);
#7384 = CARTESIAN_POINT('',(0.,1.5));
#7385 = VECTOR('',#7386,1.);
#7386 = DIRECTION('',(1.,0.));
#7387 = ( GEOMETRIC_REPRESENTATION_CONTEXT(2)
PARAMETRIC_REPRESENTATION_CONTEXT() REPRESENTATION_CONTEXT('2D SPACE',''
  ) );
#7388 = PCURVE('',#6303,#7389);
#7389 = DEFINITIONAL_REPRESENTATION('',(#7390),#7394);
#7390 = CIRCLE('',#7391,2.5);
#7391 = AXIS2_PLACEMENT_2D('',#7392,#7393);
#7392 = CARTESIAN_POINT('',(15.45,-33.2));
#7393 = DIRECTION('',(0.,-1.));
#7394 = ( GEOMETRIC_REPRESENTATION_CONTEXT(2)
PARAMETRIC_REPRESENTATION_CONTEXT() REPRESENTATION_CONTEXT('2D SPACE',''
  ) );
#7395 = ORIENTED_EDGE('',*,*,#6315,.F.);
#7396 = ADVANCED_FACE('',(#7397,#8002,#8108,#8138),#6303,.T.);
#7397 = FACE_BOUND('',#7398,.T.);
#7398 = EDGE_LOOP('',(#7399,#7400,#7401,#7402,#7425,#7453,#7476,#7500,
    #7523,#7547,#7570,#7594,#7617,#7641,#7664,#7690,#7716,#7742,#7765,
    #7789,#7812,#7836,#7859,#7883,#7906,#7934,#7957,#7981));
#7399 = ORIENTED_EDGE('',*,*,#7320,.F.);
#7400 = ORIENTED_EDGE('',*,*,#6287,.T.);
#7401 = ORIENTED_EDGE('',*,*,#7374,.T.);
#7402 = ORIENTED_EDGE('',*,*,#7403,.T.);
#7403 = EDGE_CURVE('',#7352,#7404,#7406,.T.);
#7404 = VERTEX_POINT('',#7405);
#7405 = CARTESIAN_POINT('',(17.95,-7.621307488659,1.5));
#7406 = SURFACE_CURVE('',#7407,(#7411,#7418),.PCURVE_S1.);
#7407 = LINE('',#7408,#7409);
#7408 = CARTESIAN_POINT('',(17.95,-35.7,1.5));
#7409 = VECTOR('',#7410,1.);
#7410 = DIRECTION('',(0.,1.,0.));
#7411 = PCURVE('',#6303,#7412);
#7412 = DEFINITIONAL_REPRESENTATION('',(#7413),#7417);
#7413 = LINE('',#7414,#7415);
#7414 = CARTESIAN_POINT('',(17.95,-35.7));
#7415 = VECTOR('',#7416,1.);
#7416 = DIRECTION('',(0.,1.));
#7417 = ( GEOMETRIC_REPRESENTATION_CONTEXT(2)
PARAMETRIC_REPRESENTATION_CONTEXT() REPRESENTATION_CONTEXT('2D SPACE',''
  ) );
#7418 = PCURVE('',#6413,#7419);
#7419 = DEFINITIONAL_REPRESENTATION('',(#7420),#7424);
#7420 = LINE('',#7421,#7422);
#7421 = CARTESIAN_POINT('',(0.,-1.5));
#7422 = VECTOR('',#7423,1.);
#7423 = DIRECTION('',(1.,0.));
#7424 = ( GEOMETRIC_REPRESENTATION_CONTEXT(2)
PARAMETRIC_REPRESENTATION_CONTEXT() REPRESENTATION_CONTEXT('2D SPACE',''
  ) );
#7425 = ORIENTED_EDGE('',*,*,#7426,.F.);
#7426 = EDGE_CURVE('',#7427,#7404,#7429,.T.);
#7427 = VERTEX_POINT('',#7428);
#7428 = CARTESIAN_POINT('',(19.7,-9.,1.5));
#7429 = SURFACE_CURVE('',#7430,(#7435,#7446),.PCURVE_S1.);
#7430 = CIRCLE('',#7431,1.8);
#7431 = AXIS2_PLACEMENT_3D('',#7432,#7433,#7434);
#7432 = CARTESIAN_POINT('',(19.7,-7.2,1.5));
#7433 = DIRECTION('',(-0.,-0.,-1.));
#7434 = DIRECTION('',(0.,-1.,0.));
#7435 = PCURVE('',#6303,#7436);
#7436 = DEFINITIONAL_REPRESENTATION('',(#7437),#7445);
#7437 = ( BOUNDED_CURVE() B_SPLINE_CURVE(2,(#7438,#7439,#7440,#7441,
#7442,#7443,#7444),.UNSPECIFIED.,.T.,.F.) B_SPLINE_CURVE_WITH_KNOTS((1,2
    ,2,2,2,1),(-2.094395102393,0.,2.094395102393,4.188790204786,
6.28318530718,8.377580409573),.UNSPECIFIED.) CURVE()
GEOMETRIC_REPRESENTATION_ITEM() RATIONAL_B_SPLINE_CURVE((1.,0.5,1.,0.5,
1.,0.5,1.)) REPRESENTATION_ITEM('') );
#7438 = CARTESIAN_POINT('',(19.7,-9.));
#7439 = CARTESIAN_POINT('',(16.582308546376,-9.));
#7440 = CARTESIAN_POINT('',(18.141154273188,-6.3));
#7441 = CARTESIAN_POINT('',(19.7,-3.6));
#7442 = CARTESIAN_POINT('',(21.258845726812,-6.3));
#7443 = CARTESIAN_POINT('',(22.817691453624,-9.));
#7444 = CARTESIAN_POINT('',(19.7,-9.));
#7445 = ( GEOMETRIC_REPRESENTATION_CONTEXT(2)
PARAMETRIC_REPRESENTATION_CONTEXT() REPRESENTATION_CONTEXT('2D SPACE',''
  ) );
#7446 = PCURVE('',#6446,#7447);
#7447 = DEFINITIONAL_REPRESENTATION('',(#7448),#7452);
#7448 = LINE('',#7449,#7450);
#7449 = CARTESIAN_POINT('',(-0.,1.5));
#7450 = VECTOR('',#7451,1.);
#7451 = DIRECTION('',(-1.,0.));
#7452 = ( GEOMETRIC_REPRESENTATION_CONTEXT(2)
PARAMETRIC_REPRESENTATION_CONTEXT() REPRESENTATION_CONTEXT('2D SPACE',''
  ) );
#7453 = ORIENTED_EDGE('',*,*,#7454,.T.);
#7454 = EDGE_CURVE('',#7427,#7455,#7457,.T.);
#7455 = VERTEX_POINT('',#7456);
#7456 = CARTESIAN_POINT('',(23.1,-9.,1.5));
#7457 = SURFACE_CURVE('',#7458,(#7462,#7469),.PCURVE_S1.);
#7458 = LINE('',#7459,#7460);
#7459 = CARTESIAN_POINT('',(17.9,-9.,1.5));
#7460 = VECTOR('',#7461,1.);
#7461 = DIRECTION('',(1.,0.,0.));
#7462 = PCURVE('',#6303,#7463);
#7463 = DEFINITIONAL_REPRESENTATION('',(#7464),#7468);
#7464 = LINE('',#7465,#7466);
#7465 = CARTESIAN_POINT('',(17.9,-9.));
#7466 = VECTOR('',#7467,1.);
#7467 = DIRECTION('',(1.,0.));
#7468 = ( GEOMETRIC_REPRESENTATION_CONTEXT(2)
PARAMETRIC_REPRESENTATION_CONTEXT() REPRESENTATION_CONTEXT('2D SPACE',''
  ) );
#7469 = PCURVE('',#6474,#7470);
#7470 = DEFINITIONAL_REPRESENTATION('',(#7471),#7475);
#7471 = LINE('',#7472,#7473);
#7472 = CARTESIAN_POINT('',(0.,-1.5));
#7473 = VECTOR('',#7474,1.);
#7474 = DIRECTION('',(1.,0.));
#7475 = ( GEOMETRIC_REPRESENTATION_CONTEXT(2)
PARAMETRIC_REPRESENTATION_CONTEXT() REPRESENTATION_CONTEXT('2D SPACE',''
  ) );
#7476 = ORIENTED_EDGE('',*,*,#7477,.T.);
#7477 = EDGE_CURVE('',#7455,#7478,#7480,.T.);
#7478 = VERTEX_POINT('',#7479);
#7479 = CARTESIAN_POINT('',(24.9,-7.2,1.5));
#7480 = SURFACE_CURVE('',#7481,(#7486,#7493),.PCURVE_S1.);
#7481 = CIRCLE('',#7482,1.8);
#7482 = AXIS2_PLACEMENT_3D('',#7483,#7484,#7485);
#7483 = CARTESIAN_POINT('',(23.1,-7.2,1.5));
#7484 = DIRECTION('',(0.,0.,1.));
#7485 = DIRECTION('',(0.,-1.,0.));
#7486 = PCURVE('',#6303,#7487);
#7487 = DEFINITIONAL_REPRESENTATION('',(#7488),#7492);
#7488 = CIRCLE('',#7489,1.8);
#7489 = AXIS2_PLACEMENT_2D('',#7490,#7491);
#7490 = CARTESIAN_POINT('',(23.1,-7.2));
#7491 = DIRECTION('',(0.,-1.));
#7492 = ( GEOMETRIC_REPRESENTATION_CONTEXT(2)
PARAMETRIC_REPRESENTATION_CONTEXT() REPRESENTATION_CONTEXT('2D SPACE',''
  ) );
#7493 = PCURVE('',#6503,#7494);
#7494 = DEFINITIONAL_REPRESENTATION('',(#7495),#7499);
#7495 = LINE('',#7496,#7497);
#7496 = CARTESIAN_POINT('',(0.,1.5));
#7497 = VECTOR('',#7498,1.);
#7498 = DIRECTION('',(1.,0.));
#7499 = ( GEOMETRIC_REPRESENTATION_CONTEXT(2)
PARAMETRIC_REPRESENTATION_CONTEXT() REPRESENTATION_CONTEXT('2D SPACE',''
  ) );
#7500 = ORIENTED_EDGE('',*,*,#7501,.T.);
#7501 = EDGE_CURVE('',#7478,#7502,#7504,.T.);
#7502 = VERTEX_POINT('',#7503);
#7503 = CARTESIAN_POINT('',(24.9,7.2,1.5));
#7504 = SURFACE_CURVE('',#7505,(#7509,#7516),.PCURVE_S1.);
#7505 = LINE('',#7506,#7507);
#7506 = CARTESIAN_POINT('',(24.9,-9.,1.5));
#7507 = VECTOR('',#7508,1.);
#7508 = DIRECTION('',(0.,1.,0.));
#7509 = PCURVE('',#6303,#7510);
#7510 = DEFINITIONAL_REPRESENTATION('',(#7511),#7515);
#7511 = LINE('',#7512,#7513);
#7512 = CARTESIAN_POINT('',(24.9,-9.));
#7513 = VECTOR('',#7514,1.);
#7514 = DIRECTION('',(0.,1.));
#7515 = ( GEOMETRIC_REPRESENTATION_CONTEXT(2)
PARAMETRIC_REPRESENTATION_CONTEXT() REPRESENTATION_CONTEXT('2D SPACE',''
  ) );
#7516 = PCURVE('',#6531,#7517);
#7517 = DEFINITIONAL_REPRESENTATION('',(#7518),#7522);
#7518 = LINE('',#7519,#7520);
#7519 = CARTESIAN_POINT('',(0.,-1.5));
#7520 = VECTOR('',#7521,1.);
#7521 = DIRECTION('',(1.,0.));
#7522 = ( GEOMETRIC_REPRESENTATION_CONTEXT(2)
PARAMETRIC_REPRESENTATION_CONTEXT() REPRESENTATION_CONTEXT('2D SPACE',''
  ) );
#7523 = ORIENTED_EDGE('',*,*,#7524,.T.);
#7524 = EDGE_CURVE('',#7502,#7525,#7527,.T.);
#7525 = VERTEX_POINT('',#7526);
#7526 = CARTESIAN_POINT('',(23.1,9.,1.5));
#7527 = SURFACE_CURVE('',#7528,(#7533,#7540),.PCURVE_S1.);
#7528 = CIRCLE('',#7529,1.8);
#7529 = AXIS2_PLACEMENT_3D('',#7530,#7531,#7532);
#7530 = CARTESIAN_POINT('',(23.1,7.2,1.5));
#7531 = DIRECTION('',(0.,0.,1.));
#7532 = DIRECTION('',(0.,-1.,0.));
#7533 = PCURVE('',#6303,#7534);
#7534 = DEFINITIONAL_REPRESENTATION('',(#7535),#7539);
#7535 = CIRCLE('',#7536,1.8);
#7536 = AXIS2_PLACEMENT_2D('',#7537,#7538);
#7537 = CARTESIAN_POINT('',(23.1,7.2));
#7538 = DIRECTION('',(0.,-1.));
#7539 = ( GEOMETRIC_REPRESENTATION_CONTEXT(2)
PARAMETRIC_REPRESENTATION_CONTEXT() REPRESENTATION_CONTEXT('2D SPACE',''
  ) );
#7540 = PCURVE('',#6560,#7541);
#7541 = DEFINITIONAL_REPRESENTATION('',(#7542),#7546);
#7542 = LINE('',#7543,#7544);
#7543 = CARTESIAN_POINT('',(-1.570796326795,1.5));
#7544 = VECTOR('',#7545,1.);
#7545 = DIRECTION('',(1.,0.));
#7546 = ( GEOMETRIC_REPRESENTATION_CONTEXT(2)
PARAMETRIC_REPRESENTATION_CONTEXT() REPRESENTATION_CONTEXT('2D SPACE',''
  ) );
#7547 = ORIENTED_EDGE('',*,*,#7548,.T.);
#7548 = EDGE_CURVE('',#7525,#7549,#7551,.T.);
#7549 = VERTEX_POINT('',#7550);
#7550 = CARTESIAN_POINT('',(19.7,9.,1.5));
#7551 = SURFACE_CURVE('',#7552,(#7556,#7563),.PCURVE_S1.);
#7552 = LINE('',#7553,#7554);
#7553 = CARTESIAN_POINT('',(24.9,9.,1.5));
#7554 = VECTOR('',#7555,1.);
#7555 = DIRECTION('',(-1.,0.,0.));
#7556 = PCURVE('',#6303,#7557);
#7557 = DEFINITIONAL_REPRESENTATION('',(#7558),#7562);
#7558 = LINE('',#7559,#7560);
#7559 = CARTESIAN_POINT('',(24.9,9.));
#7560 = VECTOR('',#7561,1.);
#7561 = DIRECTION('',(-1.,0.));
#7562 = ( GEOMETRIC_REPRESENTATION_CONTEXT(2)
PARAMETRIC_REPRESENTATION_CONTEXT() REPRESENTATION_CONTEXT('2D SPACE',''
  ) );
#7563 = PCURVE('',#6588,#7564);
#7564 = DEFINITIONAL_REPRESENTATION('',(#7565),#7569);
#7565 = LINE('',#7566,#7567);
#7566 = CARTESIAN_POINT('',(0.,-1.5));
#7567 = VECTOR('',#7568,1.);
#7568 = DIRECTION('',(1.,0.));
#7569 = ( GEOMETRIC_REPRESENTATION_CONTEXT(2)
PARAMETRIC_REPRESENTATION_CONTEXT() REPRESENTATION_CONTEXT('2D SPACE',''
  ) );
#7570 = ORIENTED_EDGE('',*,*,#7571,.T.);
#7571 = EDGE_CURVE('',#7549,#7572,#7574,.T.);
#7572 = VERTEX_POINT('',#7573);
#7573 = CARTESIAN_POINT('',(17.95,7.621307488659,1.5));
#7574 = SURFACE_CURVE('',#7575,(#7580,#7587),.PCURVE_S1.);
#7575 = CIRCLE('',#7576,1.8);
#7576 = AXIS2_PLACEMENT_3D('',#7577,#7578,#7579);
#7577 = CARTESIAN_POINT('',(19.7,7.2,1.5));
#7578 = DIRECTION('',(0.,0.,1.));
#7579 = DIRECTION('',(0.,-1.,0.));
#7580 = PCURVE('',#6303,#7581);
#7581 = DEFINITIONAL_REPRESENTATION('',(#7582),#7586);
#7582 = CIRCLE('',#7583,1.8);
#7583 = AXIS2_PLACEMENT_2D('',#7584,#7585);
#7584 = CARTESIAN_POINT('',(19.7,7.2));
#7585 = DIRECTION('',(0.,-1.));
#7586 = ( GEOMETRIC_REPRESENTATION_CONTEXT(2)
PARAMETRIC_REPRESENTATION_CONTEXT() REPRESENTATION_CONTEXT('2D SPACE',''
  ) );
#7587 = PCURVE('',#6617,#7588);
#7588 = DEFINITIONAL_REPRESENTATION('',(#7589),#7593);
#7589 = LINE('',#7590,#7591);
#7590 = CARTESIAN_POINT('',(-3.14159265359,1.5));
#7591 = VECTOR('',#7592,1.);
#7592 = DIRECTION('',(1.,0.));
#7593 = ( GEOMETRIC_REPRESENTATION_CONTEXT(2)
PARAMETRIC_REPRESENTATION_CONTEXT() REPRESENTATION_CONTEXT('2D SPACE',''
  ) );
#7594 = ORIENTED_EDGE('',*,*,#7595,.T.);
#7595 = EDGE_CURVE('',#7572,#7596,#7598,.T.);
#7596 = VERTEX_POINT('',#7597);
#7597 = CARTESIAN_POINT('',(17.95,33.2,1.5));
#7598 = SURFACE_CURVE('',#7599,(#7603,#7610),.PCURVE_S1.);
#7599 = LINE('',#7600,#7601);
#7600 = CARTESIAN_POINT('',(17.95,-35.7,1.5));
#7601 = VECTOR('',#7602,1.);
#7602 = DIRECTION('',(0.,1.,0.));
#7603 = PCURVE('',#6303,#7604);
#7604 = DEFINITIONAL_REPRESENTATION('',(#7605),#7609);
#7605 = LINE('',#7606,#7607);
#7606 = CARTESIAN_POINT('',(17.95,-35.7));
#7607 = VECTOR('',#7608,1.);
#7608 = DIRECTION('',(0.,1.));
#7609 = ( GEOMETRIC_REPRESENTATION_CONTEXT(2)
PARAMETRIC_REPRESENTATION_CONTEXT() REPRESENTATION_CONTEXT('2D SPACE',''
  ) );
#7610 = PCURVE('',#6645,#7611);
#7611 = DEFINITIONAL_REPRESENTATION('',(#7612),#7616);
#7612 = LINE('',#7613,#7614);
#7613 = CARTESIAN_POINT('',(0.,-1.5));
#7614 = VECTOR('',#7615,1.);
#7615 = DIRECTION('',(1.,0.));
#7616 = ( GEOMETRIC_REPRESENTATION_CONTEXT(2)
PARAMETRIC_REPRESENTATION_CONTEXT() REPRESENTATION_CONTEXT('2D SPACE',''
  ) );
#7617 = ORIENTED_EDGE('',*,*,#7618,.T.);
#7618 = EDGE_CURVE('',#7596,#7619,#7621,.T.);
#7619 = VERTEX_POINT('',#7620);
#7620 = CARTESIAN_POINT('',(15.45,35.7,1.5));
#7621 = SURFACE_CURVE('',#7622,(#7627,#7634),.PCURVE_S1.);
#7622 = CIRCLE('',#7623,2.5);
#7623 = AXIS2_PLACEMENT_3D('',#7624,#7625,#7626);
#7624 = CARTESIAN_POINT('',(15.45,33.2,1.5));
#7625 = DIRECTION('',(0.,0.,1.));
#7626 = DIRECTION('',(0.,-1.,0.));
#7627 = PCURVE('',#6303,#7628);
#7628 = DEFINITIONAL_REPRESENTATION('',(#7629),#7633);
#7629 = CIRCLE('',#7630,2.5);
#7630 = AXIS2_PLACEMENT_2D('',#7631,#7632);
#7631 = CARTESIAN_POINT('',(15.45,33.2));
#7632 = DIRECTION('',(0.,-1.));
#7633 = ( GEOMETRIC_REPRESENTATION_CONTEXT(2)
PARAMETRIC_REPRESENTATION_CONTEXT() REPRESENTATION_CONTEXT('2D SPACE',''
  ) );
#7634 = PCURVE('',#6674,#7635);
#7635 = DEFINITIONAL_REPRESENTATION('',(#7636),#7640);
#7636 = LINE('',#7637,#7638);
#7637 = CARTESIAN_POINT('',(-1.570796326795,1.5));
#7638 = VECTOR('',#7639,1.);
#7639 = DIRECTION('',(1.,0.));
#7640 = ( GEOMETRIC_REPRESENTATION_CONTEXT(2)
PARAMETRIC_REPRESENTATION_CONTEXT() REPRESENTATION_CONTEXT('2D SPACE',''
  ) );
#7641 = ORIENTED_EDGE('',*,*,#7642,.T.);
#7642 = EDGE_CURVE('',#7619,#7643,#7645,.T.);
#7643 = VERTEX_POINT('',#7644);
#7644 = CARTESIAN_POINT('',(6.5,35.7,1.5));
#7645 = SURFACE_CURVE('',#7646,(#7650,#7657),.PCURVE_S1.);
#7646 = LINE('',#7647,#7648);
#7647 = CARTESIAN_POINT('',(17.95,35.7,1.5));
#7648 = VECTOR('',#7649,1.);
#7649 = DIRECTION('',(-1.,0.,0.));
#7650 = PCURVE('',#6303,#7651);
#7651 = DEFINITIONAL_REPRESENTATION('',(#7652),#7656);
#7652 = LINE('',#7653,#7654);
#7653 = CARTESIAN_POINT('',(17.95,35.7));
#7654 = VECTOR('',#7655,1.);
#7655 = DIRECTION('',(-1.,0.));
#7656 = ( GEOMETRIC_REPRESENTATION_CONTEXT(2)
PARAMETRIC_REPRESENTATION_CONTEXT() REPRESENTATION_CONTEXT('2D SPACE',''
  ) );
#7657 = PCURVE('',#6702,#7658);
#7658 = DEFINITIONAL_REPRESENTATION('',(#7659),#7663);
#7659 = LINE('',#7660,#7661);
#7660 = CARTESIAN_POINT('',(0.,-1.5));
#7661 = VECTOR('',#7662,1.);
#7662 = DIRECTION('',(1.,0.));
#7663 = ( GEOMETRIC_REPRESENTATION_CONTEXT(2)
PARAMETRIC_REPRESENTATION_CONTEXT() REPRESENTATION_CONTEXT('2D SPACE',''
  ) );
#7664 = ORIENTED_EDGE('',*,*,#7665,.F.);
#7665 = EDGE_CURVE('',#7666,#7643,#7668,.T.);
#7666 = VERTEX_POINT('',#7667);
#7667 = CARTESIAN_POINT('',(6.5,34.5,1.5));
#7668 = SURFACE_CURVE('',#7669,(#7673,#7679),.PCURVE_S1.);
#7669 = LINE('',#7670,#7671);
#7670 = CARTESIAN_POINT('',(6.5,17.25,1.5));
#7671 = VECTOR('',#7672,1.);
#7672 = DIRECTION('',(0.,1.,0.));
#7673 = PCURVE('',#6303,#7674);
#7674 = DEFINITIONAL_REPRESENTATION('',(#7675),#7678);
#7675 = B_SPLINE_CURVE_WITH_KNOTS('',1,(#7676,#7677),.UNSPECIFIED.,.F.,
  .F.,(2,2),(17.25,18.45),.PIECEWISE_BEZIER_KNOTS.);
#7676 = CARTESIAN_POINT('',(6.5,34.5));
#7677 = CARTESIAN_POINT('',(6.5,35.7));
#7678 = ( GEOMETRIC_REPRESENTATION_CONTEXT(2)
PARAMETRIC_REPRESENTATION_CONTEXT() REPRESENTATION_CONTEXT('2D SPACE',''
  ) );
#7679 = PCURVE('',#7680,#7685);
#7680 = PLANE('',#7681);
#7681 = AXIS2_PLACEMENT_3D('',#7682,#7683,#7684);
#7682 = CARTESIAN_POINT('',(6.5,34.5,0.4));
#7683 = DIRECTION('',(1.,0.,0.));
#7684 = DIRECTION('',(0.,0.,1.));
#7685 = DEFINITIONAL_REPRESENTATION('',(#7686),#7689);
#7686 = B_SPLINE_CURVE_WITH_KNOTS('',1,(#7687,#7688),.UNSPECIFIED.,.F.,
  .F.,(2,2),(17.25,18.45),.PIECEWISE_BEZIER_KNOTS.);
#7687 = CARTESIAN_POINT('',(1.1,0.));
#7688 = CARTESIAN_POINT('',(1.1,-1.2));
#7689 = ( GEOMETRIC_REPRESENTATION_CONTEXT(2)
PARAMETRIC_REPRESENTATION_CONTEXT() REPRESENTATION_CONTEXT('2D SPACE',''
  ) );
#7690 = ORIENTED_EDGE('',*,*,#7691,.T.);
#7691 = EDGE_CURVE('',#7666,#7692,#7694,.T.);
#7692 = VERTEX_POINT('',#7693);
#7693 = CARTESIAN_POINT('',(-6.5,34.5,1.5));
#7694 = SURFACE_CURVE('',#7695,(#7699,#7705),.PCURVE_S1.);
#7695 = LINE('',#7696,#7697);
#7696 = CARTESIAN_POINT('',(-3.25,34.5,1.5));
#7697 = VECTOR('',#7698,1.);
#7698 = DIRECTION('',(-1.,0.,0.));
#7699 = PCURVE('',#6303,#7700);
#7700 = DEFINITIONAL_REPRESENTATION('',(#7701),#7704);
#7701 = B_SPLINE_CURVE_WITH_KNOTS('',1,(#7702,#7703),.UNSPECIFIED.,.F.,
  .F.,(2,2),(-9.75,3.25),.PIECEWISE_BEZIER_KNOTS.);
#7702 = CARTESIAN_POINT('',(6.5,34.5));
#7703 = CARTESIAN_POINT('',(-6.5,34.5));
#7704 = ( GEOMETRIC_REPRESENTATION_CONTEXT(2)
PARAMETRIC_REPRESENTATION_CONTEXT() REPRESENTATION_CONTEXT('2D SPACE',''
  ) );
#7705 = PCURVE('',#7706,#7711);
#7706 = PLANE('',#7707);
#7707 = AXIS2_PLACEMENT_3D('',#7708,#7709,#7710);
#7708 = CARTESIAN_POINT('',(-6.5,34.5,0.4));
#7709 = DIRECTION('',(0.,1.,0.));
#7710 = DIRECTION('',(0.,0.,1.));
#7711 = DEFINITIONAL_REPRESENTATION('',(#7712),#7715);
#7712 = B_SPLINE_CURVE_WITH_KNOTS('',1,(#7713,#7714),.UNSPECIFIED.,.F.,
  .F.,(2,2),(-9.75,3.25),.PIECEWISE_BEZIER_KNOTS.);
#7713 = CARTESIAN_POINT('',(1.1,13.));
#7714 = CARTESIAN_POINT('',(1.1,0.));
#7715 = ( GEOMETRIC_REPRESENTATION_CONTEXT(2)
PARAMETRIC_REPRESENTATION_CONTEXT() REPRESENTATION_CONTEXT('2D SPACE',''
  ) );
#7716 = ORIENTED_EDGE('',*,*,#7717,.T.);
#7717 = EDGE_CURVE('',#7692,#7718,#7720,.T.);
#7718 = VERTEX_POINT('',#7719);
#7719 = CARTESIAN_POINT('',(-6.5,35.7,1.5));
#7720 = SURFACE_CURVE('',#7721,(#7725,#7731),.PCURVE_S1.);
#7721 = LINE('',#7722,#7723);
#7722 = CARTESIAN_POINT('',(-6.5,17.25,1.5));
#7723 = VECTOR('',#7724,1.);
#7724 = DIRECTION('',(0.,1.,0.));
#7725 = PCURVE('',#6303,#7726);
#7726 = DEFINITIONAL_REPRESENTATION('',(#7727),#7730);
#7727 = B_SPLINE_CURVE_WITH_KNOTS('',1,(#7728,#7729),.UNSPECIFIED.,.F.,
  .F.,(2,2),(17.25,18.45),.PIECEWISE_BEZIER_KNOTS.);
#7728 = CARTESIAN_POINT('',(-6.5,34.5));
#7729 = CARTESIAN_POINT('',(-6.5,35.7));
#7730 = ( GEOMETRIC_REPRESENTATION_CONTEXT(2)
PARAMETRIC_REPRESENTATION_CONTEXT() REPRESENTATION_CONTEXT('2D SPACE',''
  ) );
#7731 = PCURVE('',#7732,#7737);
#7732 = PLANE('',#7733);
#7733 = AXIS2_PLACEMENT_3D('',#7734,#7735,#7736);
#7734 = CARTESIAN_POINT('',(-6.5,34.5,0.4));
#7735 = DIRECTION('',(1.,0.,0.));
#7736 = DIRECTION('',(0.,0.,1.));
#7737 = DEFINITIONAL_REPRESENTATION('',(#7738),#7741);
#7738 = B_SPLINE_CURVE_WITH_KNOTS('',1,(#7739,#7740),.UNSPECIFIED.,.F.,
  .F.,(2,2),(17.25,18.45),.PIECEWISE_BEZIER_KNOTS.);
#7739 = CARTESIAN_POINT('',(1.1,0.));
#7740 = CARTESIAN_POINT('',(1.1,-1.2));
#7741 = ( GEOMETRIC_REPRESENTATION_CONTEXT(2)
PARAMETRIC_REPRESENTATION_CONTEXT() REPRESENTATION_CONTEXT('2D SPACE',''
  ) );
#7742 = ORIENTED_EDGE('',*,*,#7743,.T.);
#7743 = EDGE_CURVE('',#7718,#7744,#7746,.T.);
#7744 = VERTEX_POINT('',#7745);
#7745 = CARTESIAN_POINT('',(-15.45,35.7,1.5));
#7746 = SURFACE_CURVE('',#7747,(#7751,#7758),.PCURVE_S1.);
#7747 = LINE('',#7748,#7749);
#7748 = CARTESIAN_POINT('',(17.95,35.7,1.5));
#7749 = VECTOR('',#7750,1.);
#7750 = DIRECTION('',(-1.,0.,0.));
#7751 = PCURVE('',#6303,#7752);
#7752 = DEFINITIONAL_REPRESENTATION('',(#7753),#7757);
#7753 = LINE('',#7754,#7755);
#7754 = CARTESIAN_POINT('',(17.95,35.7));
#7755 = VECTOR('',#7756,1.);
#7756 = DIRECTION('',(-1.,0.));
#7757 = ( GEOMETRIC_REPRESENTATION_CONTEXT(2)
PARAMETRIC_REPRESENTATION_CONTEXT() REPRESENTATION_CONTEXT('2D SPACE',''
  ) );
#7758 = PCURVE('',#6702,#7759);
#7759 = DEFINITIONAL_REPRESENTATION('',(#7760),#7764);
#7760 = LINE('',#7761,#7762);
#7761 = CARTESIAN_POINT('',(0.,-1.5));
#7762 = VECTOR('',#7763,1.);
#7763 = DIRECTION('',(1.,0.));
#7764 = ( GEOMETRIC_REPRESENTATION_CONTEXT(2)
PARAMETRIC_REPRESENTATION_CONTEXT() REPRESENTATION_CONTEXT('2D SPACE',''
  ) );
#7765 = ORIENTED_EDGE('',*,*,#7766,.T.);
#7766 = EDGE_CURVE('',#7744,#7767,#7769,.T.);
#7767 = VERTEX_POINT('',#7768);
#7768 = CARTESIAN_POINT('',(-17.95,33.2,1.5));
#7769 = SURFACE_CURVE('',#7770,(#7775,#7782),.PCURVE_S1.);
#7770 = CIRCLE('',#7771,2.5);
#7771 = AXIS2_PLACEMENT_3D('',#7772,#7773,#7774);
#7772 = CARTESIAN_POINT('',(-15.45,33.2,1.5));
#7773 = DIRECTION('',(0.,0.,1.));
#7774 = DIRECTION('',(0.,-1.,0.));
#7775 = PCURVE('',#6303,#7776);
#7776 = DEFINITIONAL_REPRESENTATION('',(#7777),#7781);
#7777 = CIRCLE('',#7778,2.5);
#7778 = AXIS2_PLACEMENT_2D('',#7779,#7780);
#7779 = CARTESIAN_POINT('',(-15.45,33.2));
#7780 = DIRECTION('',(0.,-1.));
#7781 = ( GEOMETRIC_REPRESENTATION_CONTEXT(2)
PARAMETRIC_REPRESENTATION_CONTEXT() REPRESENTATION_CONTEXT('2D SPACE',''
  ) );
#7782 = PCURVE('',#6731,#7783);
#7783 = DEFINITIONAL_REPRESENTATION('',(#7784),#7788);
#7784 = LINE('',#7785,#7786);
#7785 = CARTESIAN_POINT('',(-3.14159265359,1.5));
#7786 = VECTOR('',#7787,1.);
#7787 = DIRECTION('',(1.,0.));
#7788 = ( GEOMETRIC_REPRESENTATION_CONTEXT(2)
PARAMETRIC_REPRESENTATION_CONTEXT() REPRESENTATION_CONTEXT('2D SPACE',''
  ) );
#7789 = ORIENTED_EDGE('',*,*,#7790,.T.);
#7790 = EDGE_CURVE('',#7767,#7791,#7793,.T.);
#7791 = VERTEX_POINT('',#7792);
#7792 = CARTESIAN_POINT('',(-17.95,7.621307488659,1.5));
#7793 = SURFACE_CURVE('',#7794,(#7798,#7805),.PCURVE_S1.);
#7794 = LINE('',#7795,#7796);
#7795 = CARTESIAN_POINT('',(-17.95,35.7,1.5));
#7796 = VECTOR('',#7797,1.);
#7797 = DIRECTION('',(0.,-1.,0.));
#7798 = PCURVE('',#6303,#7799);
#7799 = DEFINITIONAL_REPRESENTATION('',(#7800),#7804);
#7800 = LINE('',#7801,#7802);
#7801 = CARTESIAN_POINT('',(-17.95,35.7));
#7802 = VECTOR('',#7803,1.);
#7803 = DIRECTION('',(0.,-1.));
#7804 = ( GEOMETRIC_REPRESENTATION_CONTEXT(2)
PARAMETRIC_REPRESENTATION_CONTEXT() REPRESENTATION_CONTEXT('2D SPACE',''
  ) );
#7805 = PCURVE('',#6759,#7806);
#7806 = DEFINITIONAL_REPRESENTATION('',(#7807),#7811);
#7807 = LINE('',#7808,#7809);
#7808 = CARTESIAN_POINT('',(0.,-1.5));
#7809 = VECTOR('',#7810,1.);
#7810 = DIRECTION('',(1.,0.));
#7811 = ( GEOMETRIC_REPRESENTATION_CONTEXT(2)
PARAMETRIC_REPRESENTATION_CONTEXT() REPRESENTATION_CONTEXT('2D SPACE',''
  ) );
#7812 = ORIENTED_EDGE('',*,*,#7813,.T.);
#7813 = EDGE_CURVE('',#7791,#7814,#7816,.T.);
#7814 = VERTEX_POINT('',#7815);
#7815 = CARTESIAN_POINT('',(-19.7,9.,1.5));
#7816 = SURFACE_CURVE('',#7817,(#7822,#7829),.PCURVE_S1.);
#7817 = CIRCLE('',#7818,1.8);
#7818 = AXIS2_PLACEMENT_3D('',#7819,#7820,#7821);
#7819 = CARTESIAN_POINT('',(-19.7,7.2,1.5));
#7820 = DIRECTION('',(0.,0.,1.));
#7821 = DIRECTION('',(0.,-1.,0.));
#7822 = PCURVE('',#6303,#7823);
#7823 = DEFINITIONAL_REPRESENTATION('',(#7824),#7828);
#7824 = CIRCLE('',#7825,1.8);
#7825 = AXIS2_PLACEMENT_2D('',#7826,#7827);
#7826 = CARTESIAN_POINT('',(-19.7,7.2));
#7827 = DIRECTION('',(0.,-1.));
#7828 = ( GEOMETRIC_REPRESENTATION_CONTEXT(2)
PARAMETRIC_REPRESENTATION_CONTEXT() REPRESENTATION_CONTEXT('2D SPACE',''
  ) );
#7829 = PCURVE('',#6788,#7830);
#7830 = DEFINITIONAL_REPRESENTATION('',(#7831),#7835);
#7831 = LINE('',#7832,#7833);
#7832 = CARTESIAN_POINT('',(-1.570796326795,1.5));
#7833 = VECTOR('',#7834,1.);
#7834 = DIRECTION('',(1.,0.));
#7835 = ( GEOMETRIC_REPRESENTATION_CONTEXT(2)
PARAMETRIC_REPRESENTATION_CONTEXT() REPRESENTATION_CONTEXT('2D SPACE',''
  ) );
#7836 = ORIENTED_EDGE('',*,*,#7837,.T.);
#7837 = EDGE_CURVE('',#7814,#7838,#7840,.T.);
#7838 = VERTEX_POINT('',#7839);
#7839 = CARTESIAN_POINT('',(-23.1,9.,1.5));
#7840 = SURFACE_CURVE('',#7841,(#7845,#7852),.PCURVE_S1.);
#7841 = LINE('',#7842,#7843);
#7842 = CARTESIAN_POINT('',(-17.9,9.,1.5));
#7843 = VECTOR('',#7844,1.);
#7844 = DIRECTION('',(-1.,0.,0.));
#7845 = PCURVE('',#6303,#7846);
#7846 = DEFINITIONAL_REPRESENTATION('',(#7847),#7851);
#7847 = LINE('',#7848,#7849);
#7848 = CARTESIAN_POINT('',(-17.9,9.));
#7849 = VECTOR('',#7850,1.);
#7850 = DIRECTION('',(-1.,0.));
#7851 = ( GEOMETRIC_REPRESENTATION_CONTEXT(2)
PARAMETRIC_REPRESENTATION_CONTEXT() REPRESENTATION_CONTEXT('2D SPACE',''
  ) );
#7852 = PCURVE('',#6816,#7853);
#7853 = DEFINITIONAL_REPRESENTATION('',(#7854),#7858);
#7854 = LINE('',#7855,#7856);
#7855 = CARTESIAN_POINT('',(0.,-1.5));
#7856 = VECTOR('',#7857,1.);
#7857 = DIRECTION('',(1.,0.));
#7858 = ( GEOMETRIC_REPRESENTATION_CONTEXT(2)
PARAMETRIC_REPRESENTATION_CONTEXT() REPRESENTATION_CONTEXT('2D SPACE',''
  ) );
#7859 = ORIENTED_EDGE('',*,*,#7860,.T.);
#7860 = EDGE_CURVE('',#7838,#7861,#7863,.T.);
#7861 = VERTEX_POINT('',#7862);
#7862 = CARTESIAN_POINT('',(-24.9,7.2,1.5));
#7863 = SURFACE_CURVE('',#7864,(#7869,#7876),.PCURVE_S1.);
#7864 = CIRCLE('',#7865,1.8);
#7865 = AXIS2_PLACEMENT_3D('',#7866,#7867,#7868);
#7866 = CARTESIAN_POINT('',(-23.1,7.2,1.5));
#7867 = DIRECTION('',(0.,0.,1.));
#7868 = DIRECTION('',(0.,-1.,0.));
#7869 = PCURVE('',#6303,#7870);
#7870 = DEFINITIONAL_REPRESENTATION('',(#7871),#7875);
#7871 = CIRCLE('',#7872,1.8);
#7872 = AXIS2_PLACEMENT_2D('',#7873,#7874);
#7873 = CARTESIAN_POINT('',(-23.1,7.2));
#7874 = DIRECTION('',(0.,-1.));
#7875 = ( GEOMETRIC_REPRESENTATION_CONTEXT(2)
PARAMETRIC_REPRESENTATION_CONTEXT() REPRESENTATION_CONTEXT('2D SPACE',''
  ) );
#7876 = PCURVE('',#6845,#7877);
#7877 = DEFINITIONAL_REPRESENTATION('',(#7878),#7882);
#7878 = LINE('',#7879,#7880);
#7879 = CARTESIAN_POINT('',(-3.14159265359,1.5));
#7880 = VECTOR('',#7881,1.);
#7881 = DIRECTION('',(1.,0.));
#7882 = ( GEOMETRIC_REPRESENTATION_CONTEXT(2)
PARAMETRIC_REPRESENTATION_CONTEXT() REPRESENTATION_CONTEXT('2D SPACE',''
  ) );
#7883 = ORIENTED_EDGE('',*,*,#7884,.T.);
#7884 = EDGE_CURVE('',#7861,#7885,#7887,.T.);
#7885 = VERTEX_POINT('',#7886);
#7886 = CARTESIAN_POINT('',(-24.9,-7.2,1.5));
#7887 = SURFACE_CURVE('',#7888,(#7892,#7899),.PCURVE_S1.);
#7888 = LINE('',#7889,#7890);
#7889 = CARTESIAN_POINT('',(-24.9,9.,1.5));
#7890 = VECTOR('',#7891,1.);
#7891 = DIRECTION('',(0.,-1.,0.));
#7892 = PCURVE('',#6303,#7893);
#7893 = DEFINITIONAL_REPRESENTATION('',(#7894),#7898);
#7894 = LINE('',#7895,#7896);
#7895 = CARTESIAN_POINT('',(-24.9,9.));
#7896 = VECTOR('',#7897,1.);
#7897 = DIRECTION('',(0.,-1.));
#7898 = ( GEOMETRIC_REPRESENTATION_CONTEXT(2)
PARAMETRIC_REPRESENTATION_CONTEXT() REPRESENTATION_CONTEXT('2D SPACE',''
  ) );
#7899 = PCURVE('',#6873,#7900);
#7900 = DEFINITIONAL_REPRESENTATION('',(#7901),#7905);
#7901 = LINE('',#7902,#7903);
#7902 = CARTESIAN_POINT('',(0.,-1.5));
#7903 = VECTOR('',#7904,1.);
#7904 = DIRECTION('',(1.,0.));
#7905 = ( GEOMETRIC_REPRESENTATION_CONTEXT(2)
PARAMETRIC_REPRESENTATION_CONTEXT() REPRESENTATION_CONTEXT('2D SPACE',''
  ) );
#7906 = ORIENTED_EDGE('',*,*,#7907,.F.);
#7907 = EDGE_CURVE('',#7908,#7885,#7910,.T.);
#7908 = VERTEX_POINT('',#7909);
#7909 = CARTESIAN_POINT('',(-23.1,-9.,1.5));
#7910 = SURFACE_CURVE('',#7911,(#7916,#7927),.PCURVE_S1.);
#7911 = CIRCLE('',#7912,1.8);
#7912 = AXIS2_PLACEMENT_3D('',#7913,#7914,#7915);
#7913 = CARTESIAN_POINT('',(-23.1,-7.2,1.5));
#7914 = DIRECTION('',(-0.,-0.,-1.));
#7915 = DIRECTION('',(0.,-1.,0.));
#7916 = PCURVE('',#6303,#7917);
#7917 = DEFINITIONAL_REPRESENTATION('',(#7918),#7926);
#7918 = ( BOUNDED_CURVE() B_SPLINE_CURVE(2,(#7919,#7920,#7921,#7922,
#7923,#7924,#7925),.UNSPECIFIED.,.T.,.F.) B_SPLINE_CURVE_WITH_KNOTS((1,2
    ,2,2,2,1),(-2.094395102393,0.,2.094395102393,4.188790204786,
6.28318530718,8.377580409573),.UNSPECIFIED.) CURVE()
GEOMETRIC_REPRESENTATION_ITEM() RATIONAL_B_SPLINE_CURVE((1.,0.5,1.,0.5,
1.,0.5,1.)) REPRESENTATION_ITEM('') );
#7919 = CARTESIAN_POINT('',(-23.1,-9.));
#7920 = CARTESIAN_POINT('',(-26.21769145362,-9.));
#7921 = CARTESIAN_POINT('',(-24.65884572681,-6.3));
#7922 = CARTESIAN_POINT('',(-23.1,-3.6));
#7923 = CARTESIAN_POINT('',(-21.54115427318,-6.3));
#7924 = CARTESIAN_POINT('',(-19.98230854637,-9.));
#7925 = CARTESIAN_POINT('',(-23.1,-9.));
#7926 = ( GEOMETRIC_REPRESENTATION_CONTEXT(2)
PARAMETRIC_REPRESENTATION_CONTEXT() REPRESENTATION_CONTEXT('2D SPACE',''
  ) );
#7927 = PCURVE('',#6906,#7928);
#7928 = DEFINITIONAL_REPRESENTATION('',(#7929),#7933);
#7929 = LINE('',#7930,#7931);
#7930 = CARTESIAN_POINT('',(-0.,1.5));
#7931 = VECTOR('',#7932,1.);
#7932 = DIRECTION('',(-1.,0.));
#7933 = ( GEOMETRIC_REPRESENTATION_CONTEXT(2)
PARAMETRIC_REPRESENTATION_CONTEXT() REPRESENTATION_CONTEXT('2D SPACE',''
  ) );
#7934 = ORIENTED_EDGE('',*,*,#7935,.T.);
#7935 = EDGE_CURVE('',#7908,#7936,#7938,.T.);
#7936 = VERTEX_POINT('',#7937);
#7937 = CARTESIAN_POINT('',(-19.7,-9.,1.5));
#7938 = SURFACE_CURVE('',#7939,(#7943,#7950),.PCURVE_S1.);
#7939 = LINE('',#7940,#7941);
#7940 = CARTESIAN_POINT('',(-24.9,-9.,1.5));
#7941 = VECTOR('',#7942,1.);
#7942 = DIRECTION('',(1.,0.,0.));
#7943 = PCURVE('',#6303,#7944);
#7944 = DEFINITIONAL_REPRESENTATION('',(#7945),#7949);
#7945 = LINE('',#7946,#7947);
#7946 = CARTESIAN_POINT('',(-24.9,-9.));
#7947 = VECTOR('',#7948,1.);
#7948 = DIRECTION('',(1.,0.));
#7949 = ( GEOMETRIC_REPRESENTATION_CONTEXT(2)
PARAMETRIC_REPRESENTATION_CONTEXT() REPRESENTATION_CONTEXT('2D SPACE',''
  ) );
#7950 = PCURVE('',#6934,#7951);
#7951 = DEFINITIONAL_REPRESENTATION('',(#7952),#7956);
#7952 = LINE('',#7953,#7954);
#7953 = CARTESIAN_POINT('',(0.,-1.5));
#7954 = VECTOR('',#7955,1.);
#7955 = DIRECTION('',(1.,0.));
#7956 = ( GEOMETRIC_REPRESENTATION_CONTEXT(2)
PARAMETRIC_REPRESENTATION_CONTEXT() REPRESENTATION_CONTEXT('2D SPACE',''
  ) );
#7957 = ORIENTED_EDGE('',*,*,#7958,.T.);
#7958 = EDGE_CURVE('',#7936,#7959,#7961,.T.);
#7959 = VERTEX_POINT('',#7960);
#7960 = CARTESIAN_POINT('',(-17.95,-7.621307488659,1.5));
#7961 = SURFACE_CURVE('',#7962,(#7967,#7974),.PCURVE_S1.);
#7962 = CIRCLE('',#7963,1.8);
#7963 = AXIS2_PLACEMENT_3D('',#7964,#7965,#7966);
#7964 = CARTESIAN_POINT('',(-19.7,-7.2,1.5));
#7965 = DIRECTION('',(0.,0.,1.));
#7966 = DIRECTION('',(0.,-1.,0.));
#7967 = PCURVE('',#6303,#7968);
#7968 = DEFINITIONAL_REPRESENTATION('',(#7969),#7973);
#7969 = CIRCLE('',#7970,1.8);
#7970 = AXIS2_PLACEMENT_2D('',#7971,#7972);
#7971 = CARTESIAN_POINT('',(-19.7,-7.2));
#7972 = DIRECTION('',(0.,-1.));
#7973 = ( GEOMETRIC_REPRESENTATION_CONTEXT(2)
PARAMETRIC_REPRESENTATION_CONTEXT() REPRESENTATION_CONTEXT('2D SPACE',''
  ) );
#7974 = PCURVE('',#6963,#7975);
#7975 = DEFINITIONAL_REPRESENTATION('',(#7976),#7980);
#7976 = LINE('',#7977,#7978);
#7977 = CARTESIAN_POINT('',(0.,1.5));
#7978 = VECTOR('',#7979,1.);
#7979 = DIRECTION('',(1.,0.));
#7980 = ( GEOMETRIC_REPRESENTATION_CONTEXT(2)
PARAMETRIC_REPRESENTATION_CONTEXT() REPRESENTATION_CONTEXT('2D SPACE',''
  ) );
#7981 = ORIENTED_EDGE('',*,*,#7982,.T.);
#7982 = EDGE_CURVE('',#7959,#7298,#7983,.T.);
#7983 = SURFACE_CURVE('',#7984,(#7988,#7995),.PCURVE_S1.);
#7984 = LINE('',#7985,#7986);
#7985 = CARTESIAN_POINT('',(-17.95,35.7,1.5));
#7986 = VECTOR('',#7987,1.);
#7987 = DIRECTION('',(0.,-1.,0.));
#7988 = PCURVE('',#6303,#7989);
#7989 = DEFINITIONAL_REPRESENTATION('',(#7990),#7994);
#7990 = LINE('',#7991,#7992);
#7991 = CARTESIAN_POINT('',(-17.95,35.7));
#7992 = VECTOR('',#7993,1.);
#7993 = DIRECTION('',(0.,-1.));
#7994 = ( GEOMETRIC_REPRESENTATION_CONTEXT(2)
PARAMETRIC_REPRESENTATION_CONTEXT() REPRESENTATION_CONTEXT('2D SPACE',''
  ) );
#7995 = PCURVE('',#6989,#7996);
#7996 = DEFINITIONAL_REPRESENTATION('',(#7997),#8001);
#7997 = LINE('',#7998,#7999);
#7998 = CARTESIAN_POINT('',(0.,-1.5));
#7999 = VECTOR('',#8000,1.);
#8000 = DIRECTION('',(1.,0.));
#8001 = ( GEOMETRIC_REPRESENTATION_CONTEXT(2)
PARAMETRIC_REPRESENTATION_CONTEXT() REPRESENTATION_CONTEXT('2D SPACE',''
  ) );
#8002 = FACE_BOUND('',#8003,.T.);
#8003 = EDGE_LOOP('',(#8004,#8032,#8058,#8084));
#8004 = ORIENTED_EDGE('',*,*,#8005,.T.);
#8005 = EDGE_CURVE('',#8006,#8008,#8010,.T.);
#8006 = VERTEX_POINT('',#8007);
#8007 = CARTESIAN_POINT('',(9.,-30.,1.5));
#8008 = VERTEX_POINT('',#8009);
#8009 = CARTESIAN_POINT('',(-9.,-30.,1.5));
#8010 = SURFACE_CURVE('',#8011,(#8015,#8021),.PCURVE_S1.);
#8011 = LINE('',#8012,#8013);
#8012 = CARTESIAN_POINT('',(-4.5,-30.,1.5));
#8013 = VECTOR('',#8014,1.);
#8014 = DIRECTION('',(-1.,0.,0.));
#8015 = PCURVE('',#6303,#8016);
#8016 = DEFINITIONAL_REPRESENTATION('',(#8017),#8020);
#8017 = B_SPLINE_CURVE_WITH_KNOTS('',1,(#8018,#8019),.UNSPECIFIED.,.F.,
  .F.,(2,2),(-13.5,4.5),.PIECEWISE_BEZIER_KNOTS.);
#8018 = CARTESIAN_POINT('',(9.,-30.));
#8019 = CARTESIAN_POINT('',(-9.,-30.));
#8020 = ( GEOMETRIC_REPRESENTATION_CONTEXT(2)
PARAMETRIC_REPRESENTATION_CONTEXT() REPRESENTATION_CONTEXT('2D SPACE',''
  ) );
#8021 = PCURVE('',#8022,#8027);
#8022 = PLANE('',#8023);
#8023 = AXIS2_PLACEMENT_3D('',#8024,#8025,#8026);
#8024 = CARTESIAN_POINT('',(-9.,-30.,-0.2));
#8025 = DIRECTION('',(0.,1.,0.));
#8026 = DIRECTION('',(0.,0.,1.));
#8027 = DEFINITIONAL_REPRESENTATION('',(#8028),#8031);
#8028 = B_SPLINE_CURVE_WITH_KNOTS('',1,(#8029,#8030),.UNSPECIFIED.,.F.,
  .F.,(2,2),(-13.5,4.5),.PIECEWISE_BEZIER_KNOTS.);
#8029 = CARTESIAN_POINT('',(1.7,18.));
#8030 = CARTESIAN_POINT('',(1.7,0.));
#8031 = ( GEOMETRIC_REPRESENTATION_CONTEXT(2)
PARAMETRIC_REPRESENTATION_CONTEXT() REPRESENTATION_CONTEXT('2D SPACE',''
  ) );
#8032 = ORIENTED_EDGE('',*,*,#8033,.T.);
#8033 = EDGE_CURVE('',#8008,#8034,#8036,.T.);
#8034 = VERTEX_POINT('',#8035);
#8035 = CARTESIAN_POINT('',(-9.,-12.,1.5));
#8036 = SURFACE_CURVE('',#8037,(#8041,#8047),.PCURVE_S1.);
#8037 = LINE('',#8038,#8039);
#8038 = CARTESIAN_POINT('',(-9.,-15.,1.5));
#8039 = VECTOR('',#8040,1.);
#8040 = DIRECTION('',(0.,1.,0.));
#8041 = PCURVE('',#6303,#8042);
#8042 = DEFINITIONAL_REPRESENTATION('',(#8043),#8046);
#8043 = B_SPLINE_CURVE_WITH_KNOTS('',1,(#8044,#8045),.UNSPECIFIED.,.F.,
  .F.,(2,2),(-15.,3.),.PIECEWISE_BEZIER_KNOTS.);
#8044 = CARTESIAN_POINT('',(-9.,-30.));
#8045 = CARTESIAN_POINT('',(-9.,-12.));
#8046 = ( GEOMETRIC_REPRESENTATION_CONTEXT(2)
PARAMETRIC_REPRESENTATION_CONTEXT() REPRESENTATION_CONTEXT('2D SPACE',''
  ) );
#8047 = PCURVE('',#8048,#8053);
#8048 = PLANE('',#8049);
#8049 = AXIS2_PLACEMENT_3D('',#8050,#8051,#8052);
#8050 = CARTESIAN_POINT('',(-9.,-30.,-0.2));
#8051 = DIRECTION('',(1.,0.,0.));
#8052 = DIRECTION('',(0.,0.,1.));
#8053 = DEFINITIONAL_REPRESENTATION('',(#8054),#8057);
#8054 = B_SPLINE_CURVE_WITH_KNOTS('',1,(#8055,#8056),.UNSPECIFIED.,.F.,
  .F.,(2,2),(-15.,3.),.PIECEWISE_BEZIER_KNOTS.);
#8055 = CARTESIAN_POINT('',(1.7,0.));
#8056 = CARTESIAN_POINT('',(1.7,-18.));
#8057 = ( GEOMETRIC_REPRESENTATION_CONTEXT(2)
PARAMETRIC_REPRESENTATION_CONTEXT() REPRESENTATION_CONTEXT('2D SPACE',''
  ) );
#8058 = ORIENTED_EDGE('',*,*,#8059,.F.);
#8059 = EDGE_CURVE('',#8060,#8034,#8062,.T.);
#8060 = VERTEX_POINT('',#8061);
#8061 = CARTESIAN_POINT('',(9.,-12.,1.5));
#8062 = SURFACE_CURVE('',#8063,(#8067,#8073),.PCURVE_S1.);
#8063 = LINE('',#8064,#8065);
#8064 = CARTESIAN_POINT('',(-4.5,-12.,1.5));
#8065 = VECTOR('',#8066,1.);
#8066 = DIRECTION('',(-1.,0.,0.));
#8067 = PCURVE('',#6303,#8068);
#8068 = DEFINITIONAL_REPRESENTATION('',(#8069),#8072);
#8069 = B_SPLINE_CURVE_WITH_KNOTS('',1,(#8070,#8071),.UNSPECIFIED.,.F.,
  .F.,(2,2),(-13.5,4.5),.PIECEWISE_BEZIER_KNOTS.);
#8070 = CARTESIAN_POINT('',(9.,-12.));
#8071 = CARTESIAN_POINT('',(-9.,-12.));
#8072 = ( GEOMETRIC_REPRESENTATION_CONTEXT(2)
PARAMETRIC_REPRESENTATION_CONTEXT() REPRESENTATION_CONTEXT('2D SPACE',''
  ) );
#8073 = PCURVE('',#8074,#8079);
#8074 = PLANE('',#8075);
#8075 = AXIS2_PLACEMENT_3D('',#8076,#8077,#8078);
#8076 = CARTESIAN_POINT('',(-9.,-12.,-0.2));
#8077 = DIRECTION('',(0.,1.,0.));
#8078 = DIRECTION('',(0.,0.,1.));
#8079 = DEFINITIONAL_REPRESENTATION('',(#8080),#8083);
#8080 = B_SPLINE_CURVE_WITH_KNOTS('',1,(#8081,#8082),.UNSPECIFIED.,.F.,
  .F.,(2,2),(-13.5,4.5),.PIECEWISE_BEZIER_KNOTS.);
#8081 = CARTESIAN_POINT('',(1.7,18.));
#8082 = CARTESIAN_POINT('',(1.7,0.));
#8083 = ( GEOMETRIC_REPRESENTATION_CONTEXT(2)
PARAMETRIC_REPRESENTATION_CONTEXT() REPRESENTATION_CONTEXT('2D SPACE',''
  ) );
#8084 = ORIENTED_EDGE('',*,*,#8085,.F.);
#8085 = EDGE_CURVE('',#8006,#8060,#8086,.T.);
#8086 = SURFACE_CURVE('',#8087,(#8091,#8097),.PCURVE_S1.);
#8087 = LINE('',#8088,#8089);
#8088 = CARTESIAN_POINT('',(9.,-15.,1.5));
#8089 = VECTOR('',#8090,1.);
#8090 = DIRECTION('',(0.,1.,0.));
#8091 = PCURVE('',#6303,#8092);
#8092 = DEFINITIONAL_REPRESENTATION('',(#8093),#8096);
#8093 = B_SPLINE_CURVE_WITH_KNOTS('',1,(#8094,#8095),.UNSPECIFIED.,.F.,
  .F.,(2,2),(-15.,3.),.PIECEWISE_BEZIER_KNOTS.);
#8094 = CARTESIAN_POINT('',(9.,-30.));
#8095 = CARTESIAN_POINT('',(9.,-12.));
#8096 = ( GEOMETRIC_REPRESENTATION_CONTEXT(2)
PARAMETRIC_REPRESENTATION_CONTEXT() REPRESENTATION_CONTEXT('2D SPACE',''
  ) );
#8097 = PCURVE('',#8098,#8103);
#8098 = PLANE('',#8099);
#8099 = AXIS2_PLACEMENT_3D('',#8100,#8101,#8102);
#8100 = CARTESIAN_POINT('',(9.,-30.,-0.2));
#8101 = DIRECTION('',(1.,0.,0.));
#8102 = DIRECTION('',(0.,0.,1.));
#8103 = DEFINITIONAL_REPRESENTATION('',(#8104),#8107);
#8104 = B_SPLINE_CURVE_WITH_KNOTS('',1,(#8105,#8106),.UNSPECIFIED.,.F.,
  .F.,(2,2),(-15.,3.),.PIECEWISE_BEZIER_KNOTS.);
#8105 = CARTESIAN_POINT('',(1.7,0.));
#8106 = CARTESIAN_POINT('',(1.7,-18.));
#8107 = ( GEOMETRIC_REPRESENTATION_CONTEXT(2)
PARAMETRIC_REPRESENTATION_CONTEXT() REPRESENTATION_CONTEXT('2D SPACE',''
  ) );
#8108 = FACE_BOUND('',#8109,.T.);
#8109 = EDGE_LOOP('',(#8110));
#8110 = ORIENTED_EDGE('',*,*,#8111,.T.);
#8111 = EDGE_CURVE('',#8112,#8112,#8114,.T.);
#8112 = VERTEX_POINT('',#8113);
#8113 = CARTESIAN_POINT('',(-20.25,0.,1.5));
#8114 = SURFACE_CURVE('',#8115,(#8120,#8131),.PCURVE_S1.);
#8115 = CIRCLE('',#8116,1.2);
#8116 = AXIS2_PLACEMENT_3D('',#8117,#8118,#8119);
#8117 = CARTESIAN_POINT('',(-21.45,0.,1.5));
#8118 = DIRECTION('',(0.,0.,-1.));
#8119 = DIRECTION('',(1.,0.,0.));
#8120 = PCURVE('',#6303,#8121);
#8121 = DEFINITIONAL_REPRESENTATION('',(#8122),#8130);
#8122 = ( BOUNDED_CURVE() B_SPLINE_CURVE(2,(#8123,#8124,#8125,#8126,
#8127,#8128,#8129),.UNSPECIFIED.,.T.,.F.) B_SPLINE_CURVE_WITH_KNOTS((1,2
    ,2,2,2,1),(-2.094395102393,0.,2.094395102393,4.188790204786,
6.28318530718,8.377580409573),.UNSPECIFIED.) CURVE()
GEOMETRIC_REPRESENTATION_ITEM() RATIONAL_B_SPLINE_CURVE((1.,0.5,1.,0.5,
1.,0.5,1.)) REPRESENTATION_ITEM('') );
#8123 = CARTESIAN_POINT('',(-20.25,1.059523184731E-15));
#8124 = CARTESIAN_POINT('',(-20.25,-2.078460969083));
#8125 = CARTESIAN_POINT('',(-22.05,-1.039230484541));
#8126 = CARTESIAN_POINT('',(-23.85,7.656079529354E-16));
#8127 = CARTESIAN_POINT('',(-22.05,1.039230484541));
#8128 = CARTESIAN_POINT('',(-20.25,2.078460969083));
#8129 = CARTESIAN_POINT('',(-20.25,1.059523184731E-15));
#8130 = ( GEOMETRIC_REPRESENTATION_CONTEXT(2)
PARAMETRIC_REPRESENTATION_CONTEXT() REPRESENTATION_CONTEXT('2D SPACE',''
  ) );
#8131 = PCURVE('',#7024,#8132);
#8132 = DEFINITIONAL_REPRESENTATION('',(#8133),#8137);
#8133 = LINE('',#8134,#8135);
#8134 = CARTESIAN_POINT('',(-6.28318530718,-2.));
#8135 = VECTOR('',#8136,1.);
#8136 = DIRECTION('',(1.,-0.));
#8137 = ( GEOMETRIC_REPRESENTATION_CONTEXT(2)
PARAMETRIC_REPRESENTATION_CONTEXT() REPRESENTATION_CONTEXT('2D SPACE',''
  ) );
#8138 = FACE_BOUND('',#8139,.T.);
#8139 = EDGE_LOOP('',(#8140));
#8140 = ORIENTED_EDGE('',*,*,#8141,.T.);
#8141 = EDGE_CURVE('',#8142,#8142,#8144,.T.);
#8142 = VERTEX_POINT('',#8143);
#8143 = CARTESIAN_POINT('',(22.65,0.,1.5));
#8144 = SURFACE_CURVE('',#8145,(#8150,#8161),.PCURVE_S1.);
#8145 = CIRCLE('',#8146,1.2);
#8146 = AXIS2_PLACEMENT_3D('',#8147,#8148,#8149);
#8147 = CARTESIAN_POINT('',(21.45,0.,1.5));
#8148 = DIRECTION('',(0.,0.,-1.));
#8149 = DIRECTION('',(1.,0.,0.));
#8150 = PCURVE('',#6303,#8151);
#8151 = DEFINITIONAL_REPRESENTATION('',(#8152),#8160);
#8152 = ( BOUNDED_CURVE() B_SPLINE_CURVE(2,(#8153,#8154,#8155,#8156,
#8157,#8158,#8159),.UNSPECIFIED.,.T.,.F.) B_SPLINE_CURVE_WITH_KNOTS((1,2
    ,2,2,2,1),(-2.094395102393,0.,2.094395102393,4.188790204786,
6.28318530718,8.377580409573),.UNSPECIFIED.) CURVE()
GEOMETRIC_REPRESENTATION_ITEM() RATIONAL_B_SPLINE_CURVE((1.,0.5,1.,0.5,
1.,0.5,1.)) REPRESENTATION_ITEM('') );
#8153 = CARTESIAN_POINT('',(22.65,1.059523184731E-15));
#8154 = CARTESIAN_POINT('',(22.65,-2.078460969083));
#8155 = CARTESIAN_POINT('',(20.85,-1.039230484541));
#8156 = CARTESIAN_POINT('',(19.05,7.656079529354E-16));
#8157 = CARTESIAN_POINT('',(20.85,1.039230484541));
#8158 = CARTESIAN_POINT('',(22.65,2.078460969083));
#8159 = CARTESIAN_POINT('',(22.65,1.059523184731E-15));
#8160 = ( GEOMETRIC_REPRESENTATION_CONTEXT(2)
PARAMETRIC_REPRESENTATION_CONTEXT() REPRESENTATION_CONTEXT('2D SPACE',''
  ) );
#8161 = PCURVE('',#7281,#8162);
#8162 = DEFINITIONAL_REPRESENTATION('',(#8163),#8167);
#8163 = LINE('',#8164,#8165);
#8164 = CARTESIAN_POINT('',(-6.28318530718,-2.));
#8165 = VECTOR('',#8166,1.);
#8166 = DIRECTION('',(1.,-0.));
#8167 = ( GEOMETRIC_REPRESENTATION_CONTEXT(2)
PARAMETRIC_REPRESENTATION_CONTEXT() REPRESENTATION_CONTEXT('2D SPACE',''
  ) );
#8168 = ADVANCED_FACE('',(#8169),#6989,.F.);
#8169 = FACE_BOUND('',#8170,.F.);
#8170 = EDGE_LOOP('',(#8171,#8172,#8191,#8192));
#8171 = ORIENTED_EDGE('',*,*,#6975,.F.);
#8172 = ORIENTED_EDGE('',*,*,#8173,.T.);
#8173 = EDGE_CURVE('',#6947,#7959,#8174,.T.);
#8174 = SURFACE_CURVE('',#8175,(#8179,#8185),.PCURVE_S1.);
#8175 = LINE('',#8176,#8177);
#8176 = CARTESIAN_POINT('',(-17.95,-7.621307488659,0.));
#8177 = VECTOR('',#8178,1.);
#8178 = DIRECTION('',(0.,0.,1.));
#8179 = PCURVE('',#6989,#8180);
#8180 = DEFINITIONAL_REPRESENTATION('',(#8181),#8184);
#8181 = B_SPLINE_CURVE_WITH_KNOTS('',1,(#8182,#8183),.UNSPECIFIED.,.F.,
  .F.,(2,2),(-6.E-07,1.5000006),.PIECEWISE_BEZIER_KNOTS.);
#8182 = CARTESIAN_POINT('',(43.321307488659,6.E-07));
#8183 = CARTESIAN_POINT('',(43.321307488659,-1.5000006));
#8184 = ( GEOMETRIC_REPRESENTATION_CONTEXT(2)
PARAMETRIC_REPRESENTATION_CONTEXT() REPRESENTATION_CONTEXT('2D SPACE',''
  ) );
#8185 = PCURVE('',#6963,#8186);
#8186 = DEFINITIONAL_REPRESENTATION('',(#8187),#8190);
#8187 = B_SPLINE_CURVE_WITH_KNOTS('',1,(#8188,#8189),.UNSPECIFIED.,.F.,
  .F.,(2,2),(-6.E-07,1.5000006),.PIECEWISE_BEZIER_KNOTS.);
#8188 = CARTESIAN_POINT('',(1.33454502081,-6.E-07));
#8189 = CARTESIAN_POINT('',(1.33454502081,1.5000006));
#8190 = ( GEOMETRIC_REPRESENTATION_CONTEXT(2)
PARAMETRIC_REPRESENTATION_CONTEXT() REPRESENTATION_CONTEXT('2D SPACE',''
  ) );
#8191 = ORIENTED_EDGE('',*,*,#7982,.T.);
#8192 = ORIENTED_EDGE('',*,*,#7297,.F.);
#8193 = ADVANCED_FACE('',(#8194),#6963,.T.);
#8194 = FACE_BOUND('',#8195,.T.);
#8195 = EDGE_LOOP('',(#8196,#8217,#8218,#8219));
#8196 = ORIENTED_EDGE('',*,*,#8197,.F.);
#8197 = EDGE_CURVE('',#6919,#7936,#8198,.T.);
#8198 = SURFACE_CURVE('',#8199,(#8203,#8210),.PCURVE_S1.);
#8199 = LINE('',#8200,#8201);
#8200 = CARTESIAN_POINT('',(-19.7,-9.,0.));
#8201 = VECTOR('',#8202,1.);
#8202 = DIRECTION('',(0.,0.,1.));
#8203 = PCURVE('',#6963,#8204);
#8204 = DEFINITIONAL_REPRESENTATION('',(#8205),#8209);
#8205 = LINE('',#8206,#8207);
#8206 = CARTESIAN_POINT('',(0.,0.));
#8207 = VECTOR('',#8208,1.);
#8208 = DIRECTION('',(0.,1.));
#8209 = ( GEOMETRIC_REPRESENTATION_CONTEXT(2)
PARAMETRIC_REPRESENTATION_CONTEXT() REPRESENTATION_CONTEXT('2D SPACE',''
  ) );
#8210 = PCURVE('',#6934,#8211);
#8211 = DEFINITIONAL_REPRESENTATION('',(#8212),#8216);
#8212 = LINE('',#8213,#8214);
#8213 = CARTESIAN_POINT('',(5.2,0.));
#8214 = VECTOR('',#8215,1.);
#8215 = DIRECTION('',(0.,-1.));
#8216 = ( GEOMETRIC_REPRESENTATION_CONTEXT(2)
PARAMETRIC_REPRESENTATION_CONTEXT() REPRESENTATION_CONTEXT('2D SPACE',''
  ) );
#8217 = ORIENTED_EDGE('',*,*,#6946,.T.);
#8218 = ORIENTED_EDGE('',*,*,#8173,.T.);
#8219 = ORIENTED_EDGE('',*,*,#7958,.F.);
#8220 = ADVANCED_FACE('',(#8221),#6413,.F.);
#8221 = FACE_BOUND('',#8222,.F.);
#8222 = EDGE_LOOP('',(#8223,#8224,#8225,#8226));
#8223 = ORIENTED_EDGE('',*,*,#6397,.F.);
#8224 = ORIENTED_EDGE('',*,*,#7351,.T.);
#8225 = ORIENTED_EDGE('',*,*,#7403,.T.);
#8226 = ORIENTED_EDGE('',*,*,#8227,.F.);
#8227 = EDGE_CURVE('',#6398,#7404,#8228,.T.);
#8228 = SURFACE_CURVE('',#8229,(#8233,#8239),.PCURVE_S1.);
#8229 = LINE('',#8230,#8231);
#8230 = CARTESIAN_POINT('',(17.95,-7.621307488659,0.));
#8231 = VECTOR('',#8232,1.);
#8232 = DIRECTION('',(0.,0.,1.));
#8233 = PCURVE('',#6413,#8234);
#8234 = DEFINITIONAL_REPRESENTATION('',(#8235),#8238);
#8235 = B_SPLINE_CURVE_WITH_KNOTS('',1,(#8236,#8237),.UNSPECIFIED.,.F.,
  .F.,(2,2),(-6.E-07,1.5000006),.PIECEWISE_BEZIER_KNOTS.);
#8236 = CARTESIAN_POINT('',(28.078692511341,6.E-07));
#8237 = CARTESIAN_POINT('',(28.078692511341,-1.5000006));
#8238 = ( GEOMETRIC_REPRESENTATION_CONTEXT(2)
PARAMETRIC_REPRESENTATION_CONTEXT() REPRESENTATION_CONTEXT('2D SPACE',''
  ) );
#8239 = PCURVE('',#6446,#8240);
#8240 = DEFINITIONAL_REPRESENTATION('',(#8241),#8244);
#8241 = B_SPLINE_CURVE_WITH_KNOTS('',1,(#8242,#8243),.UNSPECIFIED.,.F.,
  .F.,(2,2),(-6.E-07,1.5000006),.PIECEWISE_BEZIER_KNOTS.);
#8242 = CARTESIAN_POINT('',(-1.33454502081,-6.E-07));
#8243 = CARTESIAN_POINT('',(-1.33454502081,1.5000006));
#8244 = ( GEOMETRIC_REPRESENTATION_CONTEXT(2)
PARAMETRIC_REPRESENTATION_CONTEXT() REPRESENTATION_CONTEXT('2D SPACE',''
  ) );
#8245 = ADVANCED_FACE('',(#8246),#6934,.F.);
#8246 = FACE_BOUND('',#8247,.F.);
#8247 = EDGE_LOOP('',(#8248,#8249,#8270,#8271));
#8248 = ORIENTED_EDGE('',*,*,#6918,.F.);
#8249 = ORIENTED_EDGE('',*,*,#8250,.T.);
#8250 = EDGE_CURVE('',#6886,#7908,#8251,.T.);
#8251 = SURFACE_CURVE('',#8252,(#8256,#8263),.PCURVE_S1.);
#8252 = LINE('',#8253,#8254);
#8253 = CARTESIAN_POINT('',(-23.1,-9.,0.));
#8254 = VECTOR('',#8255,1.);
#8255 = DIRECTION('',(0.,0.,1.));
#8256 = PCURVE('',#6934,#8257);
#8257 = DEFINITIONAL_REPRESENTATION('',(#8258),#8262);
#8258 = LINE('',#8259,#8260);
#8259 = CARTESIAN_POINT('',(1.8,0.));
#8260 = VECTOR('',#8261,1.);
#8261 = DIRECTION('',(0.,-1.));
#8262 = ( GEOMETRIC_REPRESENTATION_CONTEXT(2)
PARAMETRIC_REPRESENTATION_CONTEXT() REPRESENTATION_CONTEXT('2D SPACE',''
  ) );
#8263 = PCURVE('',#6906,#8264);
#8264 = DEFINITIONAL_REPRESENTATION('',(#8265),#8269);
#8265 = LINE('',#8266,#8267);
#8266 = CARTESIAN_POINT('',(-0.,0.));
#8267 = VECTOR('',#8268,1.);
#8268 = DIRECTION('',(-0.,1.));
#8269 = ( GEOMETRIC_REPRESENTATION_CONTEXT(2)
PARAMETRIC_REPRESENTATION_CONTEXT() REPRESENTATION_CONTEXT('2D SPACE',''
  ) );
#8270 = ORIENTED_EDGE('',*,*,#7935,.T.);
#8271 = ORIENTED_EDGE('',*,*,#8197,.F.);
#8272 = ADVANCED_FACE('',(#8273),#6446,.T.);
#8273 = FACE_BOUND('',#8274,.F.);
#8274 = EDGE_LOOP('',(#8275,#8296,#8297,#8298));
#8275 = ORIENTED_EDGE('',*,*,#8276,.F.);
#8276 = EDGE_CURVE('',#6426,#7427,#8277,.T.);
#8277 = SURFACE_CURVE('',#8278,(#8282,#8289),.PCURVE_S1.);
#8278 = LINE('',#8279,#8280);
#8279 = CARTESIAN_POINT('',(19.7,-9.,0.));
#8280 = VECTOR('',#8281,1.);
#8281 = DIRECTION('',(0.,0.,1.));
#8282 = PCURVE('',#6446,#8283);
#8283 = DEFINITIONAL_REPRESENTATION('',(#8284),#8288);
#8284 = LINE('',#8285,#8286);
#8285 = CARTESIAN_POINT('',(-0.,0.));
#8286 = VECTOR('',#8287,1.);
#8287 = DIRECTION('',(-0.,1.));
#8288 = ( GEOMETRIC_REPRESENTATION_CONTEXT(2)
PARAMETRIC_REPRESENTATION_CONTEXT() REPRESENTATION_CONTEXT('2D SPACE',''
  ) );
#8289 = PCURVE('',#6474,#8290);
#8290 = DEFINITIONAL_REPRESENTATION('',(#8291),#8295);
#8291 = LINE('',#8292,#8293);
#8292 = CARTESIAN_POINT('',(1.8,0.));
#8293 = VECTOR('',#8294,1.);
#8294 = DIRECTION('',(0.,-1.));
#8295 = ( GEOMETRIC_REPRESENTATION_CONTEXT(2)
PARAMETRIC_REPRESENTATION_CONTEXT() REPRESENTATION_CONTEXT('2D SPACE',''
  ) );
#8296 = ORIENTED_EDGE('',*,*,#6425,.T.);
#8297 = ORIENTED_EDGE('',*,*,#8227,.T.);
#8298 = ORIENTED_EDGE('',*,*,#7426,.F.);
#8299 = ADVANCED_FACE('',(#8300),#6906,.T.);
#8300 = FACE_BOUND('',#8301,.F.);
#8301 = EDGE_LOOP('',(#8302,#8303,#8324,#8325));
#8302 = ORIENTED_EDGE('',*,*,#6885,.T.);
#8303 = ORIENTED_EDGE('',*,*,#8304,.T.);
#8304 = EDGE_CURVE('',#6858,#7885,#8305,.T.);
#8305 = SURFACE_CURVE('',#8306,(#8310,#8317),.PCURVE_S1.);
#8306 = LINE('',#8307,#8308);
#8307 = CARTESIAN_POINT('',(-24.9,-7.2,0.));
#8308 = VECTOR('',#8309,1.);
#8309 = DIRECTION('',(0.,0.,1.));
#8310 = PCURVE('',#6906,#8311);
#8311 = DEFINITIONAL_REPRESENTATION('',(#8312),#8316);
#8312 = LINE('',#8313,#8314);
#8313 = CARTESIAN_POINT('',(-1.570796326795,0.));
#8314 = VECTOR('',#8315,1.);
#8315 = DIRECTION('',(-0.,1.));
#8316 = ( GEOMETRIC_REPRESENTATION_CONTEXT(2)
PARAMETRIC_REPRESENTATION_CONTEXT() REPRESENTATION_CONTEXT('2D SPACE',''
  ) );
#8317 = PCURVE('',#6873,#8318);
#8318 = DEFINITIONAL_REPRESENTATION('',(#8319),#8323);
#8319 = LINE('',#8320,#8321);
#8320 = CARTESIAN_POINT('',(16.2,0.));
#8321 = VECTOR('',#8322,1.);
#8322 = DIRECTION('',(0.,-1.));
#8323 = ( GEOMETRIC_REPRESENTATION_CONTEXT(2)
PARAMETRIC_REPRESENTATION_CONTEXT() REPRESENTATION_CONTEXT('2D SPACE',''
  ) );
#8324 = ORIENTED_EDGE('',*,*,#7907,.F.);
#8325 = ORIENTED_EDGE('',*,*,#8250,.F.);
#8326 = ADVANCED_FACE('',(#8327),#6474,.F.);
#8327 = FACE_BOUND('',#8328,.F.);
#8328 = EDGE_LOOP('',(#8329,#8330,#8331,#8332));
#8329 = ORIENTED_EDGE('',*,*,#6458,.F.);
#8330 = ORIENTED_EDGE('',*,*,#8276,.T.);
#8331 = ORIENTED_EDGE('',*,*,#7454,.T.);
#8332 = ORIENTED_EDGE('',*,*,#8333,.F.);
#8333 = EDGE_CURVE('',#6459,#7455,#8334,.T.);
#8334 = SURFACE_CURVE('',#8335,(#8339,#8346),.PCURVE_S1.);
#8335 = LINE('',#8336,#8337);
#8336 = CARTESIAN_POINT('',(23.1,-9.,0.));
#8337 = VECTOR('',#8338,1.);
#8338 = DIRECTION('',(0.,0.,1.));
#8339 = PCURVE('',#6474,#8340);
#8340 = DEFINITIONAL_REPRESENTATION('',(#8341),#8345);
#8341 = LINE('',#8342,#8343);
#8342 = CARTESIAN_POINT('',(5.2,0.));
#8343 = VECTOR('',#8344,1.);
#8344 = DIRECTION('',(0.,-1.));
#8345 = ( GEOMETRIC_REPRESENTATION_CONTEXT(2)
PARAMETRIC_REPRESENTATION_CONTEXT() REPRESENTATION_CONTEXT('2D SPACE',''
  ) );
#8346 = PCURVE('',#6503,#8347);
#8347 = DEFINITIONAL_REPRESENTATION('',(#8348),#8352);
#8348 = LINE('',#8349,#8350);
#8349 = CARTESIAN_POINT('',(0.,0.));
#8350 = VECTOR('',#8351,1.);
#8351 = DIRECTION('',(0.,1.));
#8352 = ( GEOMETRIC_REPRESENTATION_CONTEXT(2)
PARAMETRIC_REPRESENTATION_CONTEXT() REPRESENTATION_CONTEXT('2D SPACE',''
  ) );
#8353 = ADVANCED_FACE('',(#8354),#6873,.F.);
#8354 = FACE_BOUND('',#8355,.F.);
#8355 = EDGE_LOOP('',(#8356,#8357,#8378,#8379));
#8356 = ORIENTED_EDGE('',*,*,#6857,.F.);
#8357 = ORIENTED_EDGE('',*,*,#8358,.T.);
#8358 = EDGE_CURVE('',#6829,#7861,#8359,.T.);
#8359 = SURFACE_CURVE('',#8360,(#8364,#8371),.PCURVE_S1.);
#8360 = LINE('',#8361,#8362);
#8361 = CARTESIAN_POINT('',(-24.9,7.2,0.));
#8362 = VECTOR('',#8363,1.);
#8363 = DIRECTION('',(0.,0.,1.));
#8364 = PCURVE('',#6873,#8365);
#8365 = DEFINITIONAL_REPRESENTATION('',(#8366),#8370);
#8366 = LINE('',#8367,#8368);
#8367 = CARTESIAN_POINT('',(1.8,0.));
#8368 = VECTOR('',#8369,1.);
#8369 = DIRECTION('',(0.,-1.));
#8370 = ( GEOMETRIC_REPRESENTATION_CONTEXT(2)
PARAMETRIC_REPRESENTATION_CONTEXT() REPRESENTATION_CONTEXT('2D SPACE',''
  ) );
#8371 = PCURVE('',#6845,#8372);
#8372 = DEFINITIONAL_REPRESENTATION('',(#8373),#8377);
#8373 = LINE('',#8374,#8375);
#8374 = CARTESIAN_POINT('',(1.570796326795,0.));
#8375 = VECTOR('',#8376,1.);
#8376 = DIRECTION('',(0.,1.));
#8377 = ( GEOMETRIC_REPRESENTATION_CONTEXT(2)
PARAMETRIC_REPRESENTATION_CONTEXT() REPRESENTATION_CONTEXT('2D SPACE',''
  ) );
#8378 = ORIENTED_EDGE('',*,*,#7884,.T.);
#8379 = ORIENTED_EDGE('',*,*,#8304,.F.);
#8380 = ADVANCED_FACE('',(#8381),#6503,.T.);
#8381 = FACE_BOUND('',#8382,.T.);
#8382 = EDGE_LOOP('',(#8383,#8384,#8405,#8406));
#8383 = ORIENTED_EDGE('',*,*,#6486,.T.);
#8384 = ORIENTED_EDGE('',*,*,#8385,.T.);
#8385 = EDGE_CURVE('',#6487,#7478,#8386,.T.);
#8386 = SURFACE_CURVE('',#8387,(#8391,#8398),.PCURVE_S1.);
#8387 = LINE('',#8388,#8389);
#8388 = CARTESIAN_POINT('',(24.9,-7.2,0.));
#8389 = VECTOR('',#8390,1.);
#8390 = DIRECTION('',(0.,0.,1.));
#8391 = PCURVE('',#6503,#8392);
#8392 = DEFINITIONAL_REPRESENTATION('',(#8393),#8397);
#8393 = LINE('',#8394,#8395);
#8394 = CARTESIAN_POINT('',(1.570796326795,0.));
#8395 = VECTOR('',#8396,1.);
#8396 = DIRECTION('',(0.,1.));
#8397 = ( GEOMETRIC_REPRESENTATION_CONTEXT(2)
PARAMETRIC_REPRESENTATION_CONTEXT() REPRESENTATION_CONTEXT('2D SPACE',''
  ) );
#8398 = PCURVE('',#6531,#8399);
#8399 = DEFINITIONAL_REPRESENTATION('',(#8400),#8404);
#8400 = LINE('',#8401,#8402);
#8401 = CARTESIAN_POINT('',(1.8,0.));
#8402 = VECTOR('',#8403,1.);
#8403 = DIRECTION('',(0.,-1.));
#8404 = ( GEOMETRIC_REPRESENTATION_CONTEXT(2)
PARAMETRIC_REPRESENTATION_CONTEXT() REPRESENTATION_CONTEXT('2D SPACE',''
  ) );
#8405 = ORIENTED_EDGE('',*,*,#7477,.F.);
#8406 = ORIENTED_EDGE('',*,*,#8333,.F.);
#8407 = ADVANCED_FACE('',(#8408),#6845,.T.);
#8408 = FACE_BOUND('',#8409,.T.);
#8409 = EDGE_LOOP('',(#8410,#8411,#8412,#8413));
#8410 = ORIENTED_EDGE('',*,*,#6828,.T.);
#8411 = ORIENTED_EDGE('',*,*,#8358,.T.);
#8412 = ORIENTED_EDGE('',*,*,#7860,.F.);
#8413 = ORIENTED_EDGE('',*,*,#8414,.F.);
#8414 = EDGE_CURVE('',#6801,#7838,#8415,.T.);
#8415 = SURFACE_CURVE('',#8416,(#8420,#8427),.PCURVE_S1.);
#8416 = LINE('',#8417,#8418);
#8417 = CARTESIAN_POINT('',(-23.1,9.,0.));
#8418 = VECTOR('',#8419,1.);
#8419 = DIRECTION('',(0.,0.,1.));
#8420 = PCURVE('',#6845,#8421);
#8421 = DEFINITIONAL_REPRESENTATION('',(#8422),#8426);
#8422 = LINE('',#8423,#8424);
#8423 = CARTESIAN_POINT('',(0.,0.));
#8424 = VECTOR('',#8425,1.);
#8425 = DIRECTION('',(0.,1.));
#8426 = ( GEOMETRIC_REPRESENTATION_CONTEXT(2)
PARAMETRIC_REPRESENTATION_CONTEXT() REPRESENTATION_CONTEXT('2D SPACE',''
  ) );
#8427 = PCURVE('',#6816,#8428);
#8428 = DEFINITIONAL_REPRESENTATION('',(#8429),#8433);
#8429 = LINE('',#8430,#8431);
#8430 = CARTESIAN_POINT('',(5.2,0.));
#8431 = VECTOR('',#8432,1.);
#8432 = DIRECTION('',(0.,-1.));
#8433 = ( GEOMETRIC_REPRESENTATION_CONTEXT(2)
PARAMETRIC_REPRESENTATION_CONTEXT() REPRESENTATION_CONTEXT('2D SPACE',''
  ) );
#8434 = ADVANCED_FACE('',(#8435),#6531,.F.);
#8435 = FACE_BOUND('',#8436,.F.);
#8436 = EDGE_LOOP('',(#8437,#8438,#8439,#8440));
#8437 = ORIENTED_EDGE('',*,*,#6515,.F.);
#8438 = ORIENTED_EDGE('',*,*,#8385,.T.);
#8439 = ORIENTED_EDGE('',*,*,#7501,.T.);
#8440 = ORIENTED_EDGE('',*,*,#8441,.F.);
#8441 = EDGE_CURVE('',#6516,#7502,#8442,.T.);
#8442 = SURFACE_CURVE('',#8443,(#8447,#8454),.PCURVE_S1.);
#8443 = LINE('',#8444,#8445);
#8444 = CARTESIAN_POINT('',(24.9,7.2,0.));
#8445 = VECTOR('',#8446,1.);
#8446 = DIRECTION('',(0.,0.,1.));
#8447 = PCURVE('',#6531,#8448);
#8448 = DEFINITIONAL_REPRESENTATION('',(#8449),#8453);
#8449 = LINE('',#8450,#8451);
#8450 = CARTESIAN_POINT('',(16.2,0.));
#8451 = VECTOR('',#8452,1.);
#8452 = DIRECTION('',(0.,-1.));
#8453 = ( GEOMETRIC_REPRESENTATION_CONTEXT(2)
PARAMETRIC_REPRESENTATION_CONTEXT() REPRESENTATION_CONTEXT('2D SPACE',''
  ) );
#8454 = PCURVE('',#6560,#8455);
#8455 = DEFINITIONAL_REPRESENTATION('',(#8456),#8460);
#8456 = LINE('',#8457,#8458);
#8457 = CARTESIAN_POINT('',(0.,0.));
#8458 = VECTOR('',#8459,1.);
#8459 = DIRECTION('',(0.,1.));
#8460 = ( GEOMETRIC_REPRESENTATION_CONTEXT(2)
PARAMETRIC_REPRESENTATION_CONTEXT() REPRESENTATION_CONTEXT('2D SPACE',''
  ) );
#8461 = ADVANCED_FACE('',(#8462),#6816,.F.);
#8462 = FACE_BOUND('',#8463,.F.);
#8463 = EDGE_LOOP('',(#8464,#8465,#8486,#8487));
#8464 = ORIENTED_EDGE('',*,*,#6800,.F.);
#8465 = ORIENTED_EDGE('',*,*,#8466,.T.);
#8466 = EDGE_CURVE('',#6772,#7814,#8467,.T.);
#8467 = SURFACE_CURVE('',#8468,(#8472,#8479),.PCURVE_S1.);
#8468 = LINE('',#8469,#8470);
#8469 = CARTESIAN_POINT('',(-19.7,9.,0.));
#8470 = VECTOR('',#8471,1.);
#8471 = DIRECTION('',(0.,0.,1.));
#8472 = PCURVE('',#6816,#8473);
#8473 = DEFINITIONAL_REPRESENTATION('',(#8474),#8478);
#8474 = LINE('',#8475,#8476);
#8475 = CARTESIAN_POINT('',(1.8,0.));
#8476 = VECTOR('',#8477,1.);
#8477 = DIRECTION('',(0.,-1.));
#8478 = ( GEOMETRIC_REPRESENTATION_CONTEXT(2)
PARAMETRIC_REPRESENTATION_CONTEXT() REPRESENTATION_CONTEXT('2D SPACE',''
  ) );
#8479 = PCURVE('',#6788,#8480);
#8480 = DEFINITIONAL_REPRESENTATION('',(#8481),#8485);
#8481 = LINE('',#8482,#8483);
#8482 = CARTESIAN_POINT('',(1.570796326795,0.));
#8483 = VECTOR('',#8484,1.);
#8484 = DIRECTION('',(0.,1.));
#8485 = ( GEOMETRIC_REPRESENTATION_CONTEXT(2)
PARAMETRIC_REPRESENTATION_CONTEXT() REPRESENTATION_CONTEXT('2D SPACE',''
  ) );
#8486 = ORIENTED_EDGE('',*,*,#7837,.T.);
#8487 = ORIENTED_EDGE('',*,*,#8414,.F.);
#8488 = ADVANCED_FACE('',(#8489),#6560,.T.);
#8489 = FACE_BOUND('',#8490,.T.);
#8490 = EDGE_LOOP('',(#8491,#8492,#8513,#8514));
#8491 = ORIENTED_EDGE('',*,*,#6543,.T.);
#8492 = ORIENTED_EDGE('',*,*,#8493,.T.);
#8493 = EDGE_CURVE('',#6544,#7525,#8494,.T.);
#8494 = SURFACE_CURVE('',#8495,(#8499,#8506),.PCURVE_S1.);
#8495 = LINE('',#8496,#8497);
#8496 = CARTESIAN_POINT('',(23.1,9.,0.));
#8497 = VECTOR('',#8498,1.);
#8498 = DIRECTION('',(0.,0.,1.));
#8499 = PCURVE('',#6560,#8500);
#8500 = DEFINITIONAL_REPRESENTATION('',(#8501),#8505);
#8501 = LINE('',#8502,#8503);
#8502 = CARTESIAN_POINT('',(1.570796326795,0.));
#8503 = VECTOR('',#8504,1.);
#8504 = DIRECTION('',(0.,1.));
#8505 = ( GEOMETRIC_REPRESENTATION_CONTEXT(2)
PARAMETRIC_REPRESENTATION_CONTEXT() REPRESENTATION_CONTEXT('2D SPACE',''
  ) );
#8506 = PCURVE('',#6588,#8507);
#8507 = DEFINITIONAL_REPRESENTATION('',(#8508),#8512);
#8508 = LINE('',#8509,#8510);
#8509 = CARTESIAN_POINT('',(1.8,0.));
#8510 = VECTOR('',#8511,1.);
#8511 = DIRECTION('',(0.,-1.));
#8512 = ( GEOMETRIC_REPRESENTATION_CONTEXT(2)
PARAMETRIC_REPRESENTATION_CONTEXT() REPRESENTATION_CONTEXT('2D SPACE',''
  ) );
#8513 = ORIENTED_EDGE('',*,*,#7524,.F.);
#8514 = ORIENTED_EDGE('',*,*,#8441,.F.);
#8515 = ADVANCED_FACE('',(#8516),#6788,.T.);
#8516 = FACE_BOUND('',#8517,.T.);
#8517 = EDGE_LOOP('',(#8518,#8537,#8538,#8539));
#8518 = ORIENTED_EDGE('',*,*,#8519,.F.);
#8519 = EDGE_CURVE('',#6744,#7791,#8520,.T.);
#8520 = SURFACE_CURVE('',#8521,(#8525,#8531),.PCURVE_S1.);
#8521 = LINE('',#8522,#8523);
#8522 = CARTESIAN_POINT('',(-17.95,7.621307488659,0.));
#8523 = VECTOR('',#8524,1.);
#8524 = DIRECTION('',(0.,0.,1.));
#8525 = PCURVE('',#6788,#8526);
#8526 = DEFINITIONAL_REPRESENTATION('',(#8527),#8530);
#8527 = B_SPLINE_CURVE_WITH_KNOTS('',1,(#8528,#8529),.UNSPECIFIED.,.F.,
  .F.,(2,2),(-6.E-07,1.5000006),.PIECEWISE_BEZIER_KNOTS.);
#8528 = CARTESIAN_POINT('',(0.236251305985,-6.E-07));
#8529 = CARTESIAN_POINT('',(0.236251305985,1.5000006));
#8530 = ( GEOMETRIC_REPRESENTATION_CONTEXT(2)
PARAMETRIC_REPRESENTATION_CONTEXT() REPRESENTATION_CONTEXT('2D SPACE',''
  ) );
#8531 = PCURVE('',#6759,#8532);
#8532 = DEFINITIONAL_REPRESENTATION('',(#8533),#8536);
#8533 = B_SPLINE_CURVE_WITH_KNOTS('',1,(#8534,#8535),.UNSPECIFIED.,.F.,
  .F.,(2,2),(-6.E-07,1.5000006),.PIECEWISE_BEZIER_KNOTS.);
#8534 = CARTESIAN_POINT('',(28.078692511341,6.E-07));
#8535 = CARTESIAN_POINT('',(28.078692511341,-1.5000006));
#8536 = ( GEOMETRIC_REPRESENTATION_CONTEXT(2)
PARAMETRIC_REPRESENTATION_CONTEXT() REPRESENTATION_CONTEXT('2D SPACE',''
  ) );
#8537 = ORIENTED_EDGE('',*,*,#6771,.T.);
#8538 = ORIENTED_EDGE('',*,*,#8466,.T.);
#8539 = ORIENTED_EDGE('',*,*,#7813,.F.);
#8540 = ADVANCED_FACE('',(#8541),#6588,.F.);
#8541 = FACE_BOUND('',#8542,.F.);
#8542 = EDGE_LOOP('',(#8543,#8544,#8545,#8546));
#8543 = ORIENTED_EDGE('',*,*,#6572,.F.);
#8544 = ORIENTED_EDGE('',*,*,#8493,.T.);
#8545 = ORIENTED_EDGE('',*,*,#7548,.T.);
#8546 = ORIENTED_EDGE('',*,*,#8547,.F.);
#8547 = EDGE_CURVE('',#6573,#7549,#8548,.T.);
#8548 = SURFACE_CURVE('',#8549,(#8553,#8560),.PCURVE_S1.);
#8549 = LINE('',#8550,#8551);
#8550 = CARTESIAN_POINT('',(19.7,9.,0.));
#8551 = VECTOR('',#8552,1.);
#8552 = DIRECTION('',(0.,0.,1.));
#8553 = PCURVE('',#6588,#8554);
#8554 = DEFINITIONAL_REPRESENTATION('',(#8555),#8559);
#8555 = LINE('',#8556,#8557);
#8556 = CARTESIAN_POINT('',(5.2,0.));
#8557 = VECTOR('',#8558,1.);
#8558 = DIRECTION('',(0.,-1.));
#8559 = ( GEOMETRIC_REPRESENTATION_CONTEXT(2)
PARAMETRIC_REPRESENTATION_CONTEXT() REPRESENTATION_CONTEXT('2D SPACE',''
  ) );
#8560 = PCURVE('',#6617,#8561);
#8561 = DEFINITIONAL_REPRESENTATION('',(#8562),#8566);
#8562 = LINE('',#8563,#8564);
#8563 = CARTESIAN_POINT('',(0.,0.));
#8564 = VECTOR('',#8565,1.);
#8565 = DIRECTION('',(0.,1.));
#8566 = ( GEOMETRIC_REPRESENTATION_CONTEXT(2)
PARAMETRIC_REPRESENTATION_CONTEXT() REPRESENTATION_CONTEXT('2D SPACE',''
  ) );
#8567 = ADVANCED_FACE('',(#8568),#6759,.F.);
#8568 = FACE_BOUND('',#8569,.F.);
#8569 = EDGE_LOOP('',(#8570,#8571,#8592,#8593));
#8570 = ORIENTED_EDGE('',*,*,#6743,.F.);
#8571 = ORIENTED_EDGE('',*,*,#8572,.T.);
#8572 = EDGE_CURVE('',#6715,#7767,#8573,.T.);
#8573 = SURFACE_CURVE('',#8574,(#8578,#8585),.PCURVE_S1.);
#8574 = LINE('',#8575,#8576);
#8575 = CARTESIAN_POINT('',(-17.95,33.2,0.));
#8576 = VECTOR('',#8577,1.);
#8577 = DIRECTION('',(0.,0.,1.));
#8578 = PCURVE('',#6759,#8579);
#8579 = DEFINITIONAL_REPRESENTATION('',(#8580),#8584);
#8580 = LINE('',#8581,#8582);
#8581 = CARTESIAN_POINT('',(2.5,0.));
#8582 = VECTOR('',#8583,1.);
#8583 = DIRECTION('',(0.,-1.));
#8584 = ( GEOMETRIC_REPRESENTATION_CONTEXT(2)
PARAMETRIC_REPRESENTATION_CONTEXT() REPRESENTATION_CONTEXT('2D SPACE',''
  ) );
#8585 = PCURVE('',#6731,#8586);
#8586 = DEFINITIONAL_REPRESENTATION('',(#8587),#8591);
#8587 = LINE('',#8588,#8589);
#8588 = CARTESIAN_POINT('',(1.570796326795,0.));
#8589 = VECTOR('',#8590,1.);
#8590 = DIRECTION('',(0.,1.));
#8591 = ( GEOMETRIC_REPRESENTATION_CONTEXT(2)
PARAMETRIC_REPRESENTATION_CONTEXT() REPRESENTATION_CONTEXT('2D SPACE',''
  ) );
#8592 = ORIENTED_EDGE('',*,*,#7790,.T.);
#8593 = ORIENTED_EDGE('',*,*,#8519,.F.);
#8594 = ADVANCED_FACE('',(#8595),#6617,.T.);
#8595 = FACE_BOUND('',#8596,.T.);
#8596 = EDGE_LOOP('',(#8597,#8598,#8599,#8618));
#8597 = ORIENTED_EDGE('',*,*,#8547,.F.);
#8598 = ORIENTED_EDGE('',*,*,#6600,.T.);
#8599 = ORIENTED_EDGE('',*,*,#8600,.T.);
#8600 = EDGE_CURVE('',#6601,#7572,#8601,.T.);
#8601 = SURFACE_CURVE('',#8602,(#8606,#8612),.PCURVE_S1.);
#8602 = LINE('',#8603,#8604);
#8603 = CARTESIAN_POINT('',(17.95,7.621307488659,0.));
#8604 = VECTOR('',#8605,1.);
#8605 = DIRECTION('',(0.,0.,1.));
#8606 = PCURVE('',#6617,#8607);
#8607 = DEFINITIONAL_REPRESENTATION('',(#8608),#8611);
#8608 = B_SPLINE_CURVE_WITH_KNOTS('',1,(#8609,#8610),.UNSPECIFIED.,.F.,
  .F.,(2,2),(-6.E-07,1.5000006),.PIECEWISE_BEZIER_KNOTS.);
#8609 = CARTESIAN_POINT('',(1.33454502081,-6.E-07));
#8610 = CARTESIAN_POINT('',(1.33454502081,1.5000006));
#8611 = ( GEOMETRIC_REPRESENTATION_CONTEXT(2)
PARAMETRIC_REPRESENTATION_CONTEXT() REPRESENTATION_CONTEXT('2D SPACE',''
  ) );
#8612 = PCURVE('',#6645,#8613);
#8613 = DEFINITIONAL_REPRESENTATION('',(#8614),#8617);
#8614 = B_SPLINE_CURVE_WITH_KNOTS('',1,(#8615,#8616),.UNSPECIFIED.,.F.,
  .F.,(2,2),(-6.E-07,1.5000006),.PIECEWISE_BEZIER_KNOTS.);
#8615 = CARTESIAN_POINT('',(43.321307488659,6.E-07));
#8616 = CARTESIAN_POINT('',(43.321307488659,-1.5000006));
#8617 = ( GEOMETRIC_REPRESENTATION_CONTEXT(2)
PARAMETRIC_REPRESENTATION_CONTEXT() REPRESENTATION_CONTEXT('2D SPACE',''
  ) );
#8618 = ORIENTED_EDGE('',*,*,#7571,.F.);
#8619 = ADVANCED_FACE('',(#8620),#6731,.T.);
#8620 = FACE_BOUND('',#8621,.T.);
#8621 = EDGE_LOOP('',(#8622,#8623,#8624,#8625));
#8622 = ORIENTED_EDGE('',*,*,#6714,.T.);
#8623 = ORIENTED_EDGE('',*,*,#8572,.T.);
#8624 = ORIENTED_EDGE('',*,*,#7766,.F.);
#8625 = ORIENTED_EDGE('',*,*,#8626,.F.);
#8626 = EDGE_CURVE('',#6687,#7744,#8627,.T.);
#8627 = SURFACE_CURVE('',#8628,(#8632,#8639),.PCURVE_S1.);
#8628 = LINE('',#8629,#8630);
#8629 = CARTESIAN_POINT('',(-15.45,35.7,0.));
#8630 = VECTOR('',#8631,1.);
#8631 = DIRECTION('',(0.,0.,1.));
#8632 = PCURVE('',#6731,#8633);
#8633 = DEFINITIONAL_REPRESENTATION('',(#8634),#8638);
#8634 = LINE('',#8635,#8636);
#8635 = CARTESIAN_POINT('',(0.,0.));
#8636 = VECTOR('',#8637,1.);
#8637 = DIRECTION('',(0.,1.));
#8638 = ( GEOMETRIC_REPRESENTATION_CONTEXT(2)
PARAMETRIC_REPRESENTATION_CONTEXT() REPRESENTATION_CONTEXT('2D SPACE',''
  ) );
#8639 = PCURVE('',#6702,#8640);
#8640 = DEFINITIONAL_REPRESENTATION('',(#8641),#8645);
#8641 = LINE('',#8642,#8643);
#8642 = CARTESIAN_POINT('',(33.4,0.));
#8643 = VECTOR('',#8644,1.);
#8644 = DIRECTION('',(0.,-1.));
#8645 = ( GEOMETRIC_REPRESENTATION_CONTEXT(2)
PARAMETRIC_REPRESENTATION_CONTEXT() REPRESENTATION_CONTEXT('2D SPACE',''
  ) );
#8646 = ADVANCED_FACE('',(#8647),#6645,.F.);
#8647 = FACE_BOUND('',#8648,.F.);
#8648 = EDGE_LOOP('',(#8649,#8650,#8651,#8652));
#8649 = ORIENTED_EDGE('',*,*,#6629,.F.);
#8650 = ORIENTED_EDGE('',*,*,#8600,.T.);
#8651 = ORIENTED_EDGE('',*,*,#7595,.T.);
#8652 = ORIENTED_EDGE('',*,*,#8653,.F.);
#8653 = EDGE_CURVE('',#6630,#7596,#8654,.T.);
#8654 = SURFACE_CURVE('',#8655,(#8659,#8666),.PCURVE_S1.);
#8655 = LINE('',#8656,#8657);
#8656 = CARTESIAN_POINT('',(17.95,33.2,0.));
#8657 = VECTOR('',#8658,1.);
#8658 = DIRECTION('',(0.,0.,1.));
#8659 = PCURVE('',#6645,#8660);
#8660 = DEFINITIONAL_REPRESENTATION('',(#8661),#8665);
#8661 = LINE('',#8662,#8663);
#8662 = CARTESIAN_POINT('',(68.9,0.));
#8663 = VECTOR('',#8664,1.);
#8664 = DIRECTION('',(0.,-1.));
#8665 = ( GEOMETRIC_REPRESENTATION_CONTEXT(2)
PARAMETRIC_REPRESENTATION_CONTEXT() REPRESENTATION_CONTEXT('2D SPACE',''
  ) );
#8666 = PCURVE('',#6674,#8667);
#8667 = DEFINITIONAL_REPRESENTATION('',(#8668),#8672);
#8668 = LINE('',#8669,#8670);
#8669 = CARTESIAN_POINT('',(0.,0.));
#8670 = VECTOR('',#8671,1.);
#8671 = DIRECTION('',(0.,1.));
#8672 = ( GEOMETRIC_REPRESENTATION_CONTEXT(2)
PARAMETRIC_REPRESENTATION_CONTEXT() REPRESENTATION_CONTEXT('2D SPACE',''
  ) );
#8673 = ADVANCED_FACE('',(#8674),#6702,.F.);
#8674 = FACE_BOUND('',#8675,.F.);
#8675 = EDGE_LOOP('',(#8676,#8677,#8698,#8699,#8720,#8746,#8765,#8766));
#8676 = ORIENTED_EDGE('',*,*,#6686,.F.);
#8677 = ORIENTED_EDGE('',*,*,#8678,.T.);
#8678 = EDGE_CURVE('',#6658,#7619,#8679,.T.);
#8679 = SURFACE_CURVE('',#8680,(#8684,#8691),.PCURVE_S1.);
#8680 = LINE('',#8681,#8682);
#8681 = CARTESIAN_POINT('',(15.45,35.7,0.));
#8682 = VECTOR('',#8683,1.);
#8683 = DIRECTION('',(0.,0.,1.));
#8684 = PCURVE('',#6702,#8685);
#8685 = DEFINITIONAL_REPRESENTATION('',(#8686),#8690);
#8686 = LINE('',#8687,#8688);
#8687 = CARTESIAN_POINT('',(2.5,0.));
#8688 = VECTOR('',#8689,1.);
#8689 = DIRECTION('',(0.,-1.));
#8690 = ( GEOMETRIC_REPRESENTATION_CONTEXT(2)
PARAMETRIC_REPRESENTATION_CONTEXT() REPRESENTATION_CONTEXT('2D SPACE',''
  ) );
#8691 = PCURVE('',#6674,#8692);
#8692 = DEFINITIONAL_REPRESENTATION('',(#8693),#8697);
#8693 = LINE('',#8694,#8695);
#8694 = CARTESIAN_POINT('',(1.570796326795,0.));
#8695 = VECTOR('',#8696,1.);
#8696 = DIRECTION('',(0.,1.));
#8697 = ( GEOMETRIC_REPRESENTATION_CONTEXT(2)
PARAMETRIC_REPRESENTATION_CONTEXT() REPRESENTATION_CONTEXT('2D SPACE',''
  ) );
#8698 = ORIENTED_EDGE('',*,*,#7642,.T.);
#8699 = ORIENTED_EDGE('',*,*,#8700,.F.);
#8700 = EDGE_CURVE('',#8701,#7643,#8703,.T.);
#8701 = VERTEX_POINT('',#8702);
#8702 = CARTESIAN_POINT('',(6.5,35.7,0.4));
#8703 = SURFACE_CURVE('',#8704,(#8708,#8714),.PCURVE_S1.);
#8704 = LINE('',#8705,#8706);
#8705 = CARTESIAN_POINT('',(6.5,35.7,0.2));
#8706 = VECTOR('',#8707,1.);
#8707 = DIRECTION('',(-0.,0.,1.));
#8708 = PCURVE('',#6702,#8709);
#8709 = DEFINITIONAL_REPRESENTATION('',(#8710),#8713);
#8710 = B_SPLINE_CURVE_WITH_KNOTS('',1,(#8711,#8712),.UNSPECIFIED.,.F.,
  .F.,(2,2),(0.2,1.3),.PIECEWISE_BEZIER_KNOTS.);
#8711 = CARTESIAN_POINT('',(11.45,-0.4));
#8712 = CARTESIAN_POINT('',(11.45,-1.5));
#8713 = ( GEOMETRIC_REPRESENTATION_CONTEXT(2)
PARAMETRIC_REPRESENTATION_CONTEXT() REPRESENTATION_CONTEXT('2D SPACE',''
  ) );
#8714 = PCURVE('',#7680,#8715);
#8715 = DEFINITIONAL_REPRESENTATION('',(#8716),#8719);
#8716 = B_SPLINE_CURVE_WITH_KNOTS('',1,(#8717,#8718),.UNSPECIFIED.,.F.,
  .F.,(2,2),(0.2,1.3),.PIECEWISE_BEZIER_KNOTS.);
#8717 = CARTESIAN_POINT('',(0.,-1.2));
#8718 = CARTESIAN_POINT('',(1.1,-1.2));
#8719 = ( GEOMETRIC_REPRESENTATION_CONTEXT(2)
PARAMETRIC_REPRESENTATION_CONTEXT() REPRESENTATION_CONTEXT('2D SPACE',''
  ) );
#8720 = ORIENTED_EDGE('',*,*,#8721,.T.);
#8721 = EDGE_CURVE('',#8701,#8722,#8724,.T.);
#8722 = VERTEX_POINT('',#8723);
#8723 = CARTESIAN_POINT('',(-6.5,35.7,0.4));
#8724 = SURFACE_CURVE('',#8725,(#8729,#8735),.PCURVE_S1.);
#8725 = LINE('',#8726,#8727);
#8726 = CARTESIAN_POINT('',(5.725,35.7,0.4));
#8727 = VECTOR('',#8728,1.);
#8728 = DIRECTION('',(-1.,0.,0.));
#8729 = PCURVE('',#6702,#8730);
#8730 = DEFINITIONAL_REPRESENTATION('',(#8731),#8734);
#8731 = B_SPLINE_CURVE_WITH_KNOTS('',1,(#8732,#8733),.UNSPECIFIED.,.F.,
  .F.,(2,2),(-0.775,12.225),.PIECEWISE_BEZIER_KNOTS.);
#8732 = CARTESIAN_POINT('',(11.45,-0.4));
#8733 = CARTESIAN_POINT('',(24.45,-0.4));
#8734 = ( GEOMETRIC_REPRESENTATION_CONTEXT(2)
PARAMETRIC_REPRESENTATION_CONTEXT() REPRESENTATION_CONTEXT('2D SPACE',''
  ) );
#8735 = PCURVE('',#8736,#8741);
#8736 = PLANE('',#8737);
#8737 = AXIS2_PLACEMENT_3D('',#8738,#8739,#8740);
#8738 = CARTESIAN_POINT('',(-6.5,34.5,0.4));
#8739 = DIRECTION('',(0.,0.,1.));
#8740 = DIRECTION('',(1.,0.,0.));
#8741 = DEFINITIONAL_REPRESENTATION('',(#8742),#8745);
#8742 = B_SPLINE_CURVE_WITH_KNOTS('',1,(#8743,#8744),.UNSPECIFIED.,.F.,
  .F.,(2,2),(-0.775,12.225),.PIECEWISE_BEZIER_KNOTS.);
#8743 = CARTESIAN_POINT('',(13.,1.2));
#8744 = CARTESIAN_POINT('',(0.,1.2));
#8745 = ( GEOMETRIC_REPRESENTATION_CONTEXT(2)
PARAMETRIC_REPRESENTATION_CONTEXT() REPRESENTATION_CONTEXT('2D SPACE',''
  ) );
#8746 = ORIENTED_EDGE('',*,*,#8747,.T.);
#8747 = EDGE_CURVE('',#8722,#7718,#8748,.T.);
#8748 = SURFACE_CURVE('',#8749,(#8753,#8759),.PCURVE_S1.);
#8749 = LINE('',#8750,#8751);
#8750 = CARTESIAN_POINT('',(-6.5,35.7,0.2));
#8751 = VECTOR('',#8752,1.);
#8752 = DIRECTION('',(-0.,0.,1.));
#8753 = PCURVE('',#6702,#8754);
#8754 = DEFINITIONAL_REPRESENTATION('',(#8755),#8758);
#8755 = B_SPLINE_CURVE_WITH_KNOTS('',1,(#8756,#8757),.UNSPECIFIED.,.F.,
  .F.,(2,2),(0.2,1.3),.PIECEWISE_BEZIER_KNOTS.);
#8756 = CARTESIAN_POINT('',(24.45,-0.4));
#8757 = CARTESIAN_POINT('',(24.45,-1.5));
#8758 = ( GEOMETRIC_REPRESENTATION_CONTEXT(2)
PARAMETRIC_REPRESENTATION_CONTEXT() REPRESENTATION_CONTEXT('2D SPACE',''
  ) );
#8759 = PCURVE('',#7732,#8760);
#8760 = DEFINITIONAL_REPRESENTATION('',(#8761),#8764);
#8761 = B_SPLINE_CURVE_WITH_KNOTS('',1,(#8762,#8763),.UNSPECIFIED.,.F.,
  .F.,(2,2),(0.2,1.3),.PIECEWISE_BEZIER_KNOTS.);
#8762 = CARTESIAN_POINT('',(0.,-1.2));
#8763 = CARTESIAN_POINT('',(1.1,-1.2));
#8764 = ( GEOMETRIC_REPRESENTATION_CONTEXT(2)
PARAMETRIC_REPRESENTATION_CONTEXT() REPRESENTATION_CONTEXT('2D SPACE',''
  ) );
#8765 = ORIENTED_EDGE('',*,*,#7743,.T.);
#8766 = ORIENTED_EDGE('',*,*,#8626,.F.);
#8767 = ADVANCED_FACE('',(#8768),#6674,.T.);
#8768 = FACE_BOUND('',#8769,.T.);
#8769 = EDGE_LOOP('',(#8770,#8771,#8772,#8773));
#8770 = ORIENTED_EDGE('',*,*,#6657,.T.);
#8771 = ORIENTED_EDGE('',*,*,#8678,.T.);
#8772 = ORIENTED_EDGE('',*,*,#7618,.F.);
#8773 = ORIENTED_EDGE('',*,*,#8653,.F.);
#8774 = ADVANCED_FACE('',(#8775),#7024,.F.);
#8775 = FACE_BOUND('',#8776,.T.);
#8776 = EDGE_LOOP('',(#8777,#8778,#8799,#8800));
#8777 = ORIENTED_EDGE('',*,*,#7003,.T.);
#8778 = ORIENTED_EDGE('',*,*,#8779,.T.);
#8779 = EDGE_CURVE('',#7004,#8112,#8780,.T.);
#8780 = SEAM_CURVE('',#8781,(#8785,#8792),.PCURVE_S1.);
#8781 = LINE('',#8782,#8783);
#8782 = CARTESIAN_POINT('',(-20.25,0.,-0.5));
#8783 = VECTOR('',#8784,1.);
#8784 = DIRECTION('',(0.,0.,1.));
#8785 = PCURVE('',#7024,#8786);
#8786 = DEFINITIONAL_REPRESENTATION('',(#8787),#8791);
#8787 = LINE('',#8788,#8789);
#8788 = CARTESIAN_POINT('',(-6.28318530718,0.));
#8789 = VECTOR('',#8790,1.);
#8790 = DIRECTION('',(-0.,-1.));
#8791 = ( GEOMETRIC_REPRESENTATION_CONTEXT(2)
PARAMETRIC_REPRESENTATION_CONTEXT() REPRESENTATION_CONTEXT('2D SPACE',''
  ) );
#8792 = PCURVE('',#7024,#8793);
#8793 = DEFINITIONAL_REPRESENTATION('',(#8794),#8798);
#8794 = LINE('',#8795,#8796);
#8795 = CARTESIAN_POINT('',(-0.,0.));
#8796 = VECTOR('',#8797,1.);
#8797 = DIRECTION('',(-0.,-1.));
#8798 = ( GEOMETRIC_REPRESENTATION_CONTEXT(2)
PARAMETRIC_REPRESENTATION_CONTEXT() REPRESENTATION_CONTEXT('2D SPACE',''
  ) );
#8799 = ORIENTED_EDGE('',*,*,#8111,.F.);
#8800 = ORIENTED_EDGE('',*,*,#8779,.F.);
#8801 = ADVANCED_FACE('',(#8802),#7057,.T.);
#8802 = FACE_BOUND('',#8803,.T.);
#8803 = EDGE_LOOP('',(#8804,#8827,#8856,#8877));
#8804 = ORIENTED_EDGE('',*,*,#8805,.F.);
#8805 = EDGE_CURVE('',#8806,#7039,#8808,.T.);
#8806 = VERTEX_POINT('',#8807);
#8807 = CARTESIAN_POINT('',(14.75,-33.5,-0.55));
#8808 = SURFACE_CURVE('',#8809,(#8813,#8820),.PCURVE_S1.);
#8809 = LINE('',#8810,#8811);
#8810 = CARTESIAN_POINT('',(14.75,-33.5,-0.55));
#8811 = VECTOR('',#8812,1.);
#8812 = DIRECTION('',(0.,0.,1.));
#8813 = PCURVE('',#7057,#8814);
#8814 = DEFINITIONAL_REPRESENTATION('',(#8815),#8819);
#8815 = LINE('',#8816,#8817);
#8816 = CARTESIAN_POINT('',(0.,0.));
#8817 = VECTOR('',#8818,1.);
#8818 = DIRECTION('',(0.,1.));
#8819 = ( GEOMETRIC_REPRESENTATION_CONTEXT(2)
PARAMETRIC_REPRESENTATION_CONTEXT() REPRESENTATION_CONTEXT('2D SPACE',''
  ) );
#8820 = PCURVE('',#7084,#8821);
#8821 = DEFINITIONAL_REPRESENTATION('',(#8822),#8826);
#8822 = LINE('',#8823,#8824);
#8823 = CARTESIAN_POINT('',(30.5,0.));
#8824 = VECTOR('',#8825,1.);
#8825 = DIRECTION('',(0.,-1.));
#8826 = ( GEOMETRIC_REPRESENTATION_CONTEXT(2)
PARAMETRIC_REPRESENTATION_CONTEXT() REPRESENTATION_CONTEXT('2D SPACE',''
  ) );
#8827 = ORIENTED_EDGE('',*,*,#8828,.T.);
#8828 = EDGE_CURVE('',#8806,#8829,#8831,.T.);
#8829 = VERTEX_POINT('',#8830);
#8830 = CARTESIAN_POINT('',(15.75,-32.5,-0.55));
#8831 = SURFACE_CURVE('',#8832,(#8837,#8844),.PCURVE_S1.);
#8832 = CIRCLE('',#8833,1.);
#8833 = AXIS2_PLACEMENT_3D('',#8834,#8835,#8836);
#8834 = CARTESIAN_POINT('',(14.75,-32.5,-0.55));
#8835 = DIRECTION('',(0.,0.,1.));
#8836 = DIRECTION('',(0.,-1.,0.));
#8837 = PCURVE('',#7057,#8838);
#8838 = DEFINITIONAL_REPRESENTATION('',(#8839),#8843);
#8839 = LINE('',#8840,#8841);
#8840 = CARTESIAN_POINT('',(0.,0.));
#8841 = VECTOR('',#8842,1.);
#8842 = DIRECTION('',(1.,0.));
#8843 = ( GEOMETRIC_REPRESENTATION_CONTEXT(2)
PARAMETRIC_REPRESENTATION_CONTEXT() REPRESENTATION_CONTEXT('2D SPACE',''
  ) );
#8844 = PCURVE('',#8845,#8850);
#8845 = PLANE('',#8846);
#8846 = AXIS2_PLACEMENT_3D('',#8847,#8848,#8849);
#8847 = CARTESIAN_POINT('',(0.,0.,-0.55));
#8848 = DIRECTION('',(0.,0.,1.));
#8849 = DIRECTION('',(1.,0.,-0.));
#8850 = DEFINITIONAL_REPRESENTATION('',(#8851),#8855);
#8851 = CIRCLE('',#8852,1.);
#8852 = AXIS2_PLACEMENT_2D('',#8853,#8854);
#8853 = CARTESIAN_POINT('',(14.75,-32.5));
#8854 = DIRECTION('',(0.,-1.));
#8855 = ( GEOMETRIC_REPRESENTATION_CONTEXT(2)
PARAMETRIC_REPRESENTATION_CONTEXT() REPRESENTATION_CONTEXT('2D SPACE',''
  ) );
#8856 = ORIENTED_EDGE('',*,*,#8857,.T.);
#8857 = EDGE_CURVE('',#8829,#7041,#8858,.T.);
#8858 = SURFACE_CURVE('',#8859,(#8863,#8870),.PCURVE_S1.);
#8859 = LINE('',#8860,#8861);
#8860 = CARTESIAN_POINT('',(15.75,-32.5,-0.55));
#8861 = VECTOR('',#8862,1.);
#8862 = DIRECTION('',(0.,0.,1.));
#8863 = PCURVE('',#7057,#8864);
#8864 = DEFINITIONAL_REPRESENTATION('',(#8865),#8869);
#8865 = LINE('',#8866,#8867);
#8866 = CARTESIAN_POINT('',(1.570796326795,0.));
#8867 = VECTOR('',#8868,1.);
#8868 = DIRECTION('',(0.,1.));
#8869 = ( GEOMETRIC_REPRESENTATION_CONTEXT(2)
PARAMETRIC_REPRESENTATION_CONTEXT() REPRESENTATION_CONTEXT('2D SPACE',''
  ) );
#8870 = PCURVE('',#7247,#8871);
#8871 = DEFINITIONAL_REPRESENTATION('',(#8872),#8876);
#8872 = LINE('',#8873,#8874);
#8873 = CARTESIAN_POINT('',(1.,0.));
#8874 = VECTOR('',#8875,1.);
#8875 = DIRECTION('',(0.,-1.));
#8876 = ( GEOMETRIC_REPRESENTATION_CONTEXT(2)
PARAMETRIC_REPRESENTATION_CONTEXT() REPRESENTATION_CONTEXT('2D SPACE',''
  ) );
#8877 = ORIENTED_EDGE('',*,*,#7038,.F.);
#8878 = ADVANCED_FACE('',(#8879),#7247,.F.);
#8879 = FACE_BOUND('',#8880,.F.);
#8880 = EDGE_LOOP('',(#8881,#8904,#8905,#8906));
#8881 = ORIENTED_EDGE('',*,*,#8882,.F.);
#8882 = EDGE_CURVE('',#8829,#8883,#8885,.T.);
#8883 = VERTEX_POINT('',#8884);
#8884 = CARTESIAN_POINT('',(15.75,32.5,-0.55));
#8885 = SURFACE_CURVE('',#8886,(#8890,#8897),.PCURVE_S1.);
#8886 = LINE('',#8887,#8888);
#8887 = CARTESIAN_POINT('',(15.75,-33.5,-0.55));
#8888 = VECTOR('',#8889,1.);
#8889 = DIRECTION('',(0.,1.,0.));
#8890 = PCURVE('',#7247,#8891);
#8891 = DEFINITIONAL_REPRESENTATION('',(#8892),#8896);
#8892 = LINE('',#8893,#8894);
#8893 = CARTESIAN_POINT('',(0.,0.));
#8894 = VECTOR('',#8895,1.);
#8895 = DIRECTION('',(1.,0.));
#8896 = ( GEOMETRIC_REPRESENTATION_CONTEXT(2)
PARAMETRIC_REPRESENTATION_CONTEXT() REPRESENTATION_CONTEXT('2D SPACE',''
  ) );
#8897 = PCURVE('',#8845,#8898);
#8898 = DEFINITIONAL_REPRESENTATION('',(#8899),#8903);
#8899 = LINE('',#8900,#8901);
#8900 = CARTESIAN_POINT('',(15.75,-33.5));
#8901 = VECTOR('',#8902,1.);
#8902 = DIRECTION('',(0.,1.));
#8903 = ( GEOMETRIC_REPRESENTATION_CONTEXT(2)
PARAMETRIC_REPRESENTATION_CONTEXT() REPRESENTATION_CONTEXT('2D SPACE',''
  ) );
#8904 = ORIENTED_EDGE('',*,*,#8857,.T.);
#8905 = ORIENTED_EDGE('',*,*,#7234,.F.);
#8906 = ORIENTED_EDGE('',*,*,#8907,.F.);
#8907 = EDGE_CURVE('',#8883,#7206,#8908,.T.);
#8908 = SURFACE_CURVE('',#8909,(#8913,#8920),.PCURVE_S1.);
#8909 = LINE('',#8910,#8911);
#8910 = CARTESIAN_POINT('',(15.75,32.5,-0.55));
#8911 = VECTOR('',#8912,1.);
#8912 = DIRECTION('',(0.,0.,1.));
#8913 = PCURVE('',#7247,#8914);
#8914 = DEFINITIONAL_REPRESENTATION('',(#8915),#8919);
#8915 = LINE('',#8916,#8917);
#8916 = CARTESIAN_POINT('',(66.,0.));
#8917 = VECTOR('',#8918,1.);
#8918 = DIRECTION('',(0.,-1.));
#8919 = ( GEOMETRIC_REPRESENTATION_CONTEXT(2)
PARAMETRIC_REPRESENTATION_CONTEXT() REPRESENTATION_CONTEXT('2D SPACE',''
  ) );
#8920 = PCURVE('',#7222,#8921);
#8921 = DEFINITIONAL_REPRESENTATION('',(#8922),#8926);
#8922 = LINE('',#8923,#8924);
#8923 = CARTESIAN_POINT('',(0.,0.));
#8924 = VECTOR('',#8925,1.);
#8925 = DIRECTION('',(0.,1.));
#8926 = ( GEOMETRIC_REPRESENTATION_CONTEXT(2)
PARAMETRIC_REPRESENTATION_CONTEXT() REPRESENTATION_CONTEXT('2D SPACE',''
  ) );
#8927 = ADVANCED_FACE('',(#8928),#7222,.T.);
#8928 = FACE_BOUND('',#8929,.T.);
#8929 = EDGE_LOOP('',(#8930,#8931,#8955,#8976));
#8930 = ORIENTED_EDGE('',*,*,#8907,.F.);
#8931 = ORIENTED_EDGE('',*,*,#8932,.T.);
#8932 = EDGE_CURVE('',#8883,#8933,#8935,.T.);
#8933 = VERTEX_POINT('',#8934);
#8934 = CARTESIAN_POINT('',(14.75,33.5,-0.55));
#8935 = SURFACE_CURVE('',#8936,(#8941,#8948),.PCURVE_S1.);
#8936 = CIRCLE('',#8937,1.);
#8937 = AXIS2_PLACEMENT_3D('',#8938,#8939,#8940);
#8938 = CARTESIAN_POINT('',(14.75,32.5,-0.55));
#8939 = DIRECTION('',(0.,0.,1.));
#8940 = DIRECTION('',(0.,-1.,0.));
#8941 = PCURVE('',#7222,#8942);
#8942 = DEFINITIONAL_REPRESENTATION('',(#8943),#8947);
#8943 = LINE('',#8944,#8945);
#8944 = CARTESIAN_POINT('',(-1.570796326795,0.));
#8945 = VECTOR('',#8946,1.);
#8946 = DIRECTION('',(1.,0.));
#8947 = ( GEOMETRIC_REPRESENTATION_CONTEXT(2)
PARAMETRIC_REPRESENTATION_CONTEXT() REPRESENTATION_CONTEXT('2D SPACE',''
  ) );
#8948 = PCURVE('',#8845,#8949);
#8949 = DEFINITIONAL_REPRESENTATION('',(#8950),#8954);
#8950 = CIRCLE('',#8951,1.);
#8951 = AXIS2_PLACEMENT_2D('',#8952,#8953);
#8952 = CARTESIAN_POINT('',(14.75,32.5));
#8953 = DIRECTION('',(0.,-1.));
#8954 = ( GEOMETRIC_REPRESENTATION_CONTEXT(2)
PARAMETRIC_REPRESENTATION_CONTEXT() REPRESENTATION_CONTEXT('2D SPACE',''
  ) );
#8955 = ORIENTED_EDGE('',*,*,#8956,.T.);
#8956 = EDGE_CURVE('',#8933,#7180,#8957,.T.);
#8957 = SURFACE_CURVE('',#8958,(#8962,#8969),.PCURVE_S1.);
#8958 = LINE('',#8959,#8960);
#8959 = CARTESIAN_POINT('',(14.75,33.5,-0.55));
#8960 = VECTOR('',#8961,1.);
#8961 = DIRECTION('',(0.,0.,1.));
#8962 = PCURVE('',#7222,#8963);
#8963 = DEFINITIONAL_REPRESENTATION('',(#8964),#8968);
#8964 = LINE('',#8965,#8966);
#8965 = CARTESIAN_POINT('',(1.570796326795,0.));
#8966 = VECTOR('',#8967,1.);
#8967 = DIRECTION('',(0.,1.));
#8968 = ( GEOMETRIC_REPRESENTATION_CONTEXT(2)
PARAMETRIC_REPRESENTATION_CONTEXT() REPRESENTATION_CONTEXT('2D SPACE',''
  ) );
#8969 = PCURVE('',#7194,#8970);
#8970 = DEFINITIONAL_REPRESENTATION('',(#8971),#8975);
#8971 = LINE('',#8972,#8973);
#8972 = CARTESIAN_POINT('',(1.,0.));
#8973 = VECTOR('',#8974,1.);
#8974 = DIRECTION('',(0.,-1.));
#8975 = ( GEOMETRIC_REPRESENTATION_CONTEXT(2)
PARAMETRIC_REPRESENTATION_CONTEXT() REPRESENTATION_CONTEXT('2D SPACE',''
  ) );
#8976 = ORIENTED_EDGE('',*,*,#7205,.F.);
#8977 = ADVANCED_FACE('',(#8978),#7194,.F.);
#8978 = FACE_BOUND('',#8979,.F.);
#8979 = EDGE_LOOP('',(#8980,#9003,#9004,#9005));
#8980 = ORIENTED_EDGE('',*,*,#8981,.F.);
#8981 = EDGE_CURVE('',#8933,#8982,#8984,.T.);
#8982 = VERTEX_POINT('',#8983);
#8983 = CARTESIAN_POINT('',(-14.75,33.5,-0.55));
#8984 = SURFACE_CURVE('',#8985,(#8989,#8996),.PCURVE_S1.);
#8985 = LINE('',#8986,#8987);
#8986 = CARTESIAN_POINT('',(15.75,33.5,-0.55));
#8987 = VECTOR('',#8988,1.);
#8988 = DIRECTION('',(-1.,0.,0.));
#8989 = PCURVE('',#7194,#8990);
#8990 = DEFINITIONAL_REPRESENTATION('',(#8991),#8995);
#8991 = LINE('',#8992,#8993);
#8992 = CARTESIAN_POINT('',(0.,-0.));
#8993 = VECTOR('',#8994,1.);
#8994 = DIRECTION('',(1.,0.));
#8995 = ( GEOMETRIC_REPRESENTATION_CONTEXT(2)
PARAMETRIC_REPRESENTATION_CONTEXT() REPRESENTATION_CONTEXT('2D SPACE',''
  ) );
#8996 = PCURVE('',#8845,#8997);
#8997 = DEFINITIONAL_REPRESENTATION('',(#8998),#9002);
#8998 = LINE('',#8999,#9000);
#8999 = CARTESIAN_POINT('',(15.75,33.5));
#9000 = VECTOR('',#9001,1.);
#9001 = DIRECTION('',(-1.,0.));
#9002 = ( GEOMETRIC_REPRESENTATION_CONTEXT(2)
PARAMETRIC_REPRESENTATION_CONTEXT() REPRESENTATION_CONTEXT('2D SPACE',''
  ) );
#9003 = ORIENTED_EDGE('',*,*,#8956,.T.);
#9004 = ORIENTED_EDGE('',*,*,#7179,.F.);
#9005 = ORIENTED_EDGE('',*,*,#9006,.F.);
#9006 = EDGE_CURVE('',#8982,#7151,#9007,.T.);
#9007 = SURFACE_CURVE('',#9008,(#9012,#9019),.PCURVE_S1.);
#9008 = LINE('',#9009,#9010);
#9009 = CARTESIAN_POINT('',(-14.75,33.5,-0.55));
#9010 = VECTOR('',#9011,1.);
#9011 = DIRECTION('',(0.,0.,1.));
#9012 = PCURVE('',#7194,#9013);
#9013 = DEFINITIONAL_REPRESENTATION('',(#9014),#9018);
#9014 = LINE('',#9015,#9016);
#9015 = CARTESIAN_POINT('',(30.5,0.));
#9016 = VECTOR('',#9017,1.);
#9017 = DIRECTION('',(0.,-1.));
#9018 = ( GEOMETRIC_REPRESENTATION_CONTEXT(2)
PARAMETRIC_REPRESENTATION_CONTEXT() REPRESENTATION_CONTEXT('2D SPACE',''
  ) );
#9019 = PCURVE('',#7167,#9020);
#9020 = DEFINITIONAL_REPRESENTATION('',(#9021),#9025);
#9021 = LINE('',#9022,#9023);
#9022 = CARTESIAN_POINT('',(0.,0.));
#9023 = VECTOR('',#9024,1.);
#9024 = DIRECTION('',(0.,1.));
#9025 = ( GEOMETRIC_REPRESENTATION_CONTEXT(2)
PARAMETRIC_REPRESENTATION_CONTEXT() REPRESENTATION_CONTEXT('2D SPACE',''
  ) );
#9026 = ADVANCED_FACE('',(#9027),#7167,.T.);
#9027 = FACE_BOUND('',#9028,.T.);
#9028 = EDGE_LOOP('',(#9029,#9030,#9054,#9075));
#9029 = ORIENTED_EDGE('',*,*,#9006,.F.);
#9030 = ORIENTED_EDGE('',*,*,#9031,.T.);
#9031 = EDGE_CURVE('',#8982,#9032,#9034,.T.);
#9032 = VERTEX_POINT('',#9033);
#9033 = CARTESIAN_POINT('',(-15.75,32.5,-0.55));
#9034 = SURFACE_CURVE('',#9035,(#9040,#9047),.PCURVE_S1.);
#9035 = CIRCLE('',#9036,1.);
#9036 = AXIS2_PLACEMENT_3D('',#9037,#9038,#9039);
#9037 = CARTESIAN_POINT('',(-14.75,32.5,-0.55));
#9038 = DIRECTION('',(0.,0.,1.));
#9039 = DIRECTION('',(0.,-1.,0.));
#9040 = PCURVE('',#7167,#9041);
#9041 = DEFINITIONAL_REPRESENTATION('',(#9042),#9046);
#9042 = LINE('',#9043,#9044);
#9043 = CARTESIAN_POINT('',(-3.14159265359,0.));
#9044 = VECTOR('',#9045,1.);
#9045 = DIRECTION('',(1.,0.));
#9046 = ( GEOMETRIC_REPRESENTATION_CONTEXT(2)
PARAMETRIC_REPRESENTATION_CONTEXT() REPRESENTATION_CONTEXT('2D SPACE',''
  ) );
#9047 = PCURVE('',#8845,#9048);
#9048 = DEFINITIONAL_REPRESENTATION('',(#9049),#9053);
#9049 = CIRCLE('',#9050,1.);
#9050 = AXIS2_PLACEMENT_2D('',#9051,#9052);
#9051 = CARTESIAN_POINT('',(-14.75,32.5));
#9052 = DIRECTION('',(0.,-1.));
#9053 = ( GEOMETRIC_REPRESENTATION_CONTEXT(2)
PARAMETRIC_REPRESENTATION_CONTEXT() REPRESENTATION_CONTEXT('2D SPACE',''
  ) );
#9054 = ORIENTED_EDGE('',*,*,#9055,.T.);
#9055 = EDGE_CURVE('',#9032,#7125,#9056,.T.);
#9056 = SURFACE_CURVE('',#9057,(#9061,#9068),.PCURVE_S1.);
#9057 = LINE('',#9058,#9059);
#9058 = CARTESIAN_POINT('',(-15.75,32.5,-0.55));
#9059 = VECTOR('',#9060,1.);
#9060 = DIRECTION('',(0.,0.,1.));
#9061 = PCURVE('',#7167,#9062);
#9062 = DEFINITIONAL_REPRESENTATION('',(#9063),#9067);
#9063 = LINE('',#9064,#9065);
#9064 = CARTESIAN_POINT('',(1.570796326795,0.));
#9065 = VECTOR('',#9066,1.);
#9066 = DIRECTION('',(0.,1.));
#9067 = ( GEOMETRIC_REPRESENTATION_CONTEXT(2)
PARAMETRIC_REPRESENTATION_CONTEXT() REPRESENTATION_CONTEXT('2D SPACE',''
  ) );
#9068 = PCURVE('',#7139,#9069);
#9069 = DEFINITIONAL_REPRESENTATION('',(#9070),#9074);
#9070 = LINE('',#9071,#9072);
#9071 = CARTESIAN_POINT('',(1.,0.));
#9072 = VECTOR('',#9073,1.);
#9073 = DIRECTION('',(0.,-1.));
#9074 = ( GEOMETRIC_REPRESENTATION_CONTEXT(2)
PARAMETRIC_REPRESENTATION_CONTEXT() REPRESENTATION_CONTEXT('2D SPACE',''
  ) );
#9075 = ORIENTED_EDGE('',*,*,#7150,.F.);
#9076 = ADVANCED_FACE('',(#9077),#7139,.F.);
#9077 = FACE_BOUND('',#9078,.F.);
#9078 = EDGE_LOOP('',(#9079,#9102,#9103,#9104));
#9079 = ORIENTED_EDGE('',*,*,#9080,.F.);
#9080 = EDGE_CURVE('',#9032,#9081,#9083,.T.);
#9081 = VERTEX_POINT('',#9082);
#9082 = CARTESIAN_POINT('',(-15.75,-32.5,-0.55));
#9083 = SURFACE_CURVE('',#9084,(#9088,#9095),.PCURVE_S1.);
#9084 = LINE('',#9085,#9086);
#9085 = CARTESIAN_POINT('',(-15.75,33.5,-0.55));
#9086 = VECTOR('',#9087,1.);
#9087 = DIRECTION('',(0.,-1.,0.));
#9088 = PCURVE('',#7139,#9089);
#9089 = DEFINITIONAL_REPRESENTATION('',(#9090),#9094);
#9090 = LINE('',#9091,#9092);
#9091 = CARTESIAN_POINT('',(0.,0.));
#9092 = VECTOR('',#9093,1.);
#9093 = DIRECTION('',(1.,0.));
#9094 = ( GEOMETRIC_REPRESENTATION_CONTEXT(2)
PARAMETRIC_REPRESENTATION_CONTEXT() REPRESENTATION_CONTEXT('2D SPACE',''
  ) );
#9095 = PCURVE('',#8845,#9096);
#9096 = DEFINITIONAL_REPRESENTATION('',(#9097),#9101);
#9097 = LINE('',#9098,#9099);
#9098 = CARTESIAN_POINT('',(-15.75,33.5));
#9099 = VECTOR('',#9100,1.);
#9100 = DIRECTION('',(0.,-1.));
#9101 = ( GEOMETRIC_REPRESENTATION_CONTEXT(2)
PARAMETRIC_REPRESENTATION_CONTEXT() REPRESENTATION_CONTEXT('2D SPACE',''
  ) );
#9102 = ORIENTED_EDGE('',*,*,#9055,.T.);
#9103 = ORIENTED_EDGE('',*,*,#7124,.F.);
#9104 = ORIENTED_EDGE('',*,*,#9105,.F.);
#9105 = EDGE_CURVE('',#9081,#7096,#9106,.T.);
#9106 = SURFACE_CURVE('',#9107,(#9111,#9118),.PCURVE_S1.);
#9107 = LINE('',#9108,#9109);
#9108 = CARTESIAN_POINT('',(-15.75,-32.5,-0.55));
#9109 = VECTOR('',#9110,1.);
#9110 = DIRECTION('',(0.,0.,1.));
#9111 = PCURVE('',#7139,#9112);
#9112 = DEFINITIONAL_REPRESENTATION('',(#9113),#9117);
#9113 = LINE('',#9114,#9115);
#9114 = CARTESIAN_POINT('',(66.,0.));
#9115 = VECTOR('',#9116,1.);
#9116 = DIRECTION('',(0.,-1.));
#9117 = ( GEOMETRIC_REPRESENTATION_CONTEXT(2)
PARAMETRIC_REPRESENTATION_CONTEXT() REPRESENTATION_CONTEXT('2D SPACE',''
  ) );
#9118 = PCURVE('',#7112,#9119);
#9119 = DEFINITIONAL_REPRESENTATION('',(#9120),#9124);
#9120 = LINE('',#9121,#9122);
#9121 = CARTESIAN_POINT('',(-1.570796326795,0.));
#9122 = VECTOR('',#9123,1.);
#9123 = DIRECTION('',(-0.,1.));
#9124 = ( GEOMETRIC_REPRESENTATION_CONTEXT(2)
PARAMETRIC_REPRESENTATION_CONTEXT() REPRESENTATION_CONTEXT('2D SPACE',''
  ) );
#9125 = ADVANCED_FACE('',(#9126),#7112,.T.);
#9126 = FACE_BOUND('',#9127,.F.);
#9127 = EDGE_LOOP('',(#9128,#9151,#9177,#9178));
#9128 = ORIENTED_EDGE('',*,*,#9129,.F.);
#9129 = EDGE_CURVE('',#9130,#7070,#9132,.T.);
#9130 = VERTEX_POINT('',#9131);
#9131 = CARTESIAN_POINT('',(-14.75,-33.5,-0.55));
#9132 = SURFACE_CURVE('',#9133,(#9137,#9144),.PCURVE_S1.);
#9133 = LINE('',#9134,#9135);
#9134 = CARTESIAN_POINT('',(-14.75,-33.5,-0.55));
#9135 = VECTOR('',#9136,1.);
#9136 = DIRECTION('',(0.,0.,1.));
#9137 = PCURVE('',#7112,#9138);
#9138 = DEFINITIONAL_REPRESENTATION('',(#9139),#9143);
#9139 = LINE('',#9140,#9141);
#9140 = CARTESIAN_POINT('',(-0.,0.));
#9141 = VECTOR('',#9142,1.);
#9142 = DIRECTION('',(-0.,1.));
#9143 = ( GEOMETRIC_REPRESENTATION_CONTEXT(2)
PARAMETRIC_REPRESENTATION_CONTEXT() REPRESENTATION_CONTEXT('2D SPACE',''
  ) );
#9144 = PCURVE('',#7084,#9145);
#9145 = DEFINITIONAL_REPRESENTATION('',(#9146),#9150);
#9146 = LINE('',#9147,#9148);
#9147 = CARTESIAN_POINT('',(1.,0.));
#9148 = VECTOR('',#9149,1.);
#9149 = DIRECTION('',(0.,-1.));
#9150 = ( GEOMETRIC_REPRESENTATION_CONTEXT(2)
PARAMETRIC_REPRESENTATION_CONTEXT() REPRESENTATION_CONTEXT('2D SPACE',''
  ) );
#9151 = ORIENTED_EDGE('',*,*,#9152,.T.);
#9152 = EDGE_CURVE('',#9130,#9081,#9153,.T.);
#9153 = SURFACE_CURVE('',#9154,(#9159,#9166),.PCURVE_S1.);
#9154 = CIRCLE('',#9155,1.);
#9155 = AXIS2_PLACEMENT_3D('',#9156,#9157,#9158);
#9156 = CARTESIAN_POINT('',(-14.75,-32.5,-0.55));
#9157 = DIRECTION('',(-0.,-0.,-1.));
#9158 = DIRECTION('',(0.,-1.,0.));
#9159 = PCURVE('',#7112,#9160);
#9160 = DEFINITIONAL_REPRESENTATION('',(#9161),#9165);
#9161 = LINE('',#9162,#9163);
#9162 = CARTESIAN_POINT('',(-0.,0.));
#9163 = VECTOR('',#9164,1.);
#9164 = DIRECTION('',(-1.,0.));
#9165 = ( GEOMETRIC_REPRESENTATION_CONTEXT(2)
PARAMETRIC_REPRESENTATION_CONTEXT() REPRESENTATION_CONTEXT('2D SPACE',''
  ) );
#9166 = PCURVE('',#8845,#9167);
#9167 = DEFINITIONAL_REPRESENTATION('',(#9168),#9176);
#9168 = ( BOUNDED_CURVE() B_SPLINE_CURVE(2,(#9169,#9170,#9171,#9172,
#9173,#9174,#9175),.UNSPECIFIED.,.T.,.F.) B_SPLINE_CURVE_WITH_KNOTS((1,2
    ,2,2,2,1),(-2.094395102393,0.,2.094395102393,4.188790204786,
6.28318530718,8.377580409573),.UNSPECIFIED.) CURVE()
GEOMETRIC_REPRESENTATION_ITEM() RATIONAL_B_SPLINE_CURVE((1.,0.5,1.,0.5,
1.,0.5,1.)) REPRESENTATION_ITEM('') );
#9169 = CARTESIAN_POINT('',(-14.75,-33.5));
#9170 = CARTESIAN_POINT('',(-16.48205080756,-33.5));
#9171 = CARTESIAN_POINT('',(-15.61602540378,-32.));
#9172 = CARTESIAN_POINT('',(-14.75,-30.5));
#9173 = CARTESIAN_POINT('',(-13.88397459621,-32.));
#9174 = CARTESIAN_POINT('',(-13.01794919243,-33.5));
#9175 = CARTESIAN_POINT('',(-14.75,-33.5));
#9176 = ( GEOMETRIC_REPRESENTATION_CONTEXT(2)
PARAMETRIC_REPRESENTATION_CONTEXT() REPRESENTATION_CONTEXT('2D SPACE',''
  ) );
#9177 = ORIENTED_EDGE('',*,*,#9105,.T.);
#9178 = ORIENTED_EDGE('',*,*,#7095,.T.);
#9179 = ADVANCED_FACE('',(#9180),#7084,.F.);
#9180 = FACE_BOUND('',#9181,.F.);
#9181 = EDGE_LOOP('',(#9182,#9203,#9204,#9205));
#9182 = ORIENTED_EDGE('',*,*,#9183,.F.);
#9183 = EDGE_CURVE('',#9130,#8806,#9184,.T.);
#9184 = SURFACE_CURVE('',#9185,(#9189,#9196),.PCURVE_S1.);
#9185 = LINE('',#9186,#9187);
#9186 = CARTESIAN_POINT('',(-15.75,-33.5,-0.55));
#9187 = VECTOR('',#9188,1.);
#9188 = DIRECTION('',(1.,0.,0.));
#9189 = PCURVE('',#7084,#9190);
#9190 = DEFINITIONAL_REPRESENTATION('',(#9191),#9195);
#9191 = LINE('',#9192,#9193);
#9192 = CARTESIAN_POINT('',(0.,0.));
#9193 = VECTOR('',#9194,1.);
#9194 = DIRECTION('',(1.,0.));
#9195 = ( GEOMETRIC_REPRESENTATION_CONTEXT(2)
PARAMETRIC_REPRESENTATION_CONTEXT() REPRESENTATION_CONTEXT('2D SPACE',''
  ) );
#9196 = PCURVE('',#8845,#9197);
#9197 = DEFINITIONAL_REPRESENTATION('',(#9198),#9202);
#9198 = LINE('',#9199,#9200);
#9199 = CARTESIAN_POINT('',(-15.75,-33.5));
#9200 = VECTOR('',#9201,1.);
#9201 = DIRECTION('',(1.,0.));
#9202 = ( GEOMETRIC_REPRESENTATION_CONTEXT(2)
PARAMETRIC_REPRESENTATION_CONTEXT() REPRESENTATION_CONTEXT('2D SPACE',''
  ) );
#9203 = ORIENTED_EDGE('',*,*,#9129,.T.);
#9204 = ORIENTED_EDGE('',*,*,#7069,.F.);
#9205 = ORIENTED_EDGE('',*,*,#8805,.F.);
#9206 = ADVANCED_FACE('',(#9207),#7281,.F.);
#9207 = FACE_BOUND('',#9208,.T.);
#9208 = EDGE_LOOP('',(#9209,#9210,#9231,#9232));
#9209 = ORIENTED_EDGE('',*,*,#7260,.T.);
#9210 = ORIENTED_EDGE('',*,*,#9211,.T.);
#9211 = EDGE_CURVE('',#7261,#8142,#9212,.T.);
#9212 = SEAM_CURVE('',#9213,(#9217,#9224),.PCURVE_S1.);
#9213 = LINE('',#9214,#9215);
#9214 = CARTESIAN_POINT('',(22.65,0.,-0.5));
#9215 = VECTOR('',#9216,1.);
#9216 = DIRECTION('',(0.,0.,1.));
#9217 = PCURVE('',#7281,#9218);
#9218 = DEFINITIONAL_REPRESENTATION('',(#9219),#9223);
#9219 = LINE('',#9220,#9221);
#9220 = CARTESIAN_POINT('',(-6.28318530718,0.));
#9221 = VECTOR('',#9222,1.);
#9222 = DIRECTION('',(-0.,-1.));
#9223 = ( GEOMETRIC_REPRESENTATION_CONTEXT(2)
PARAMETRIC_REPRESENTATION_CONTEXT() REPRESENTATION_CONTEXT('2D SPACE',''
  ) );
#9224 = PCURVE('',#7281,#9225);
#9225 = DEFINITIONAL_REPRESENTATION('',(#9226),#9230);
#9226 = LINE('',#9227,#9228);
#9227 = CARTESIAN_POINT('',(-0.,0.));
#9228 = VECTOR('',#9229,1.);
#9229 = DIRECTION('',(-0.,-1.));
#9230 = ( GEOMETRIC_REPRESENTATION_CONTEXT(2)
PARAMETRIC_REPRESENTATION_CONTEXT() REPRESENTATION_CONTEXT('2D SPACE',''
  ) );
#9231 = ORIENTED_EDGE('',*,*,#8141,.F.);
#9232 = ORIENTED_EDGE('',*,*,#9211,.F.);
#9233 = ADVANCED_FACE('',(#9234),#7732,.T.);
#9234 = FACE_BOUND('',#9235,.T.);
#9235 = EDGE_LOOP('',(#9236,#9259,#9280,#9281));
#9236 = ORIENTED_EDGE('',*,*,#9237,.F.);
#9237 = EDGE_CURVE('',#9238,#7692,#9240,.T.);
#9238 = VERTEX_POINT('',#9239);
#9239 = CARTESIAN_POINT('',(-6.5,34.5,0.4));
#9240 = SURFACE_CURVE('',#9241,(#9245,#9252),.PCURVE_S1.);
#9241 = LINE('',#9242,#9243);
#9242 = CARTESIAN_POINT('',(-6.5,34.5,0.4));
#9243 = VECTOR('',#9244,1.);
#9244 = DIRECTION('',(0.,0.,1.));
#9245 = PCURVE('',#7732,#9246);
#9246 = DEFINITIONAL_REPRESENTATION('',(#9247),#9251);
#9247 = LINE('',#9248,#9249);
#9248 = CARTESIAN_POINT('',(0.,0.));
#9249 = VECTOR('',#9250,1.);
#9250 = DIRECTION('',(1.,0.));
#9251 = ( GEOMETRIC_REPRESENTATION_CONTEXT(2)
PARAMETRIC_REPRESENTATION_CONTEXT() REPRESENTATION_CONTEXT('2D SPACE',''
  ) );
#9252 = PCURVE('',#7706,#9253);
#9253 = DEFINITIONAL_REPRESENTATION('',(#9254),#9258);
#9254 = LINE('',#9255,#9256);
#9255 = CARTESIAN_POINT('',(0.,0.));
#9256 = VECTOR('',#9257,1.);
#9257 = DIRECTION('',(1.,0.));
#9258 = ( GEOMETRIC_REPRESENTATION_CONTEXT(2)
PARAMETRIC_REPRESENTATION_CONTEXT() REPRESENTATION_CONTEXT('2D SPACE',''
  ) );
#9259 = ORIENTED_EDGE('',*,*,#9260,.T.);
#9260 = EDGE_CURVE('',#9238,#8722,#9261,.T.);
#9261 = SURFACE_CURVE('',#9262,(#9266,#9273),.PCURVE_S1.);
#9262 = LINE('',#9263,#9264);
#9263 = CARTESIAN_POINT('',(-6.5,34.5,0.4));
#9264 = VECTOR('',#9265,1.);
#9265 = DIRECTION('',(0.,1.,0.));
#9266 = PCURVE('',#7732,#9267);
#9267 = DEFINITIONAL_REPRESENTATION('',(#9268),#9272);
#9268 = LINE('',#9269,#9270);
#9269 = CARTESIAN_POINT('',(0.,0.));
#9270 = VECTOR('',#9271,1.);
#9271 = DIRECTION('',(0.,-1.));
#9272 = ( GEOMETRIC_REPRESENTATION_CONTEXT(2)
PARAMETRIC_REPRESENTATION_CONTEXT() REPRESENTATION_CONTEXT('2D SPACE',''
  ) );
#9273 = PCURVE('',#8736,#9274);
#9274 = DEFINITIONAL_REPRESENTATION('',(#9275),#9279);
#9275 = LINE('',#9276,#9277);
#9276 = CARTESIAN_POINT('',(0.,0.));
#9277 = VECTOR('',#9278,1.);
#9278 = DIRECTION('',(0.,1.));
#9279 = ( GEOMETRIC_REPRESENTATION_CONTEXT(2)
PARAMETRIC_REPRESENTATION_CONTEXT() REPRESENTATION_CONTEXT('2D SPACE',''
  ) );
#9280 = ORIENTED_EDGE('',*,*,#8747,.T.);
#9281 = ORIENTED_EDGE('',*,*,#7717,.F.);
#9282 = ADVANCED_FACE('',(#9283),#7706,.T.);
#9283 = FACE_BOUND('',#9284,.T.);
#9284 = EDGE_LOOP('',(#9285,#9308,#9329,#9330));
#9285 = ORIENTED_EDGE('',*,*,#9286,.F.);
#9286 = EDGE_CURVE('',#9287,#7666,#9289,.T.);
#9287 = VERTEX_POINT('',#9288);
#9288 = CARTESIAN_POINT('',(6.5,34.5,0.4));
#9289 = SURFACE_CURVE('',#9290,(#9294,#9301),.PCURVE_S1.);
#9290 = LINE('',#9291,#9292);
#9291 = CARTESIAN_POINT('',(6.5,34.5,0.4));
#9292 = VECTOR('',#9293,1.);
#9293 = DIRECTION('',(0.,0.,1.));
#9294 = PCURVE('',#7706,#9295);
#9295 = DEFINITIONAL_REPRESENTATION('',(#9296),#9300);
#9296 = LINE('',#9297,#9298);
#9297 = CARTESIAN_POINT('',(0.,13.));
#9298 = VECTOR('',#9299,1.);
#9299 = DIRECTION('',(1.,0.));
#9300 = ( GEOMETRIC_REPRESENTATION_CONTEXT(2)
PARAMETRIC_REPRESENTATION_CONTEXT() REPRESENTATION_CONTEXT('2D SPACE',''
  ) );
#9301 = PCURVE('',#7680,#9302);
#9302 = DEFINITIONAL_REPRESENTATION('',(#9303),#9307);
#9303 = LINE('',#9304,#9305);
#9304 = CARTESIAN_POINT('',(0.,0.));
#9305 = VECTOR('',#9306,1.);
#9306 = DIRECTION('',(1.,0.));
#9307 = ( GEOMETRIC_REPRESENTATION_CONTEXT(2)
PARAMETRIC_REPRESENTATION_CONTEXT() REPRESENTATION_CONTEXT('2D SPACE',''
  ) );
#9308 = ORIENTED_EDGE('',*,*,#9309,.F.);
#9309 = EDGE_CURVE('',#9238,#9287,#9310,.T.);
#9310 = SURFACE_CURVE('',#9311,(#9315,#9322),.PCURVE_S1.);
#9311 = LINE('',#9312,#9313);
#9312 = CARTESIAN_POINT('',(-6.5,34.5,0.4));
#9313 = VECTOR('',#9314,1.);
#9314 = DIRECTION('',(1.,0.,0.));
#9315 = PCURVE('',#7706,#9316);
#9316 = DEFINITIONAL_REPRESENTATION('',(#9317),#9321);
#9317 = LINE('',#9318,#9319);
#9318 = CARTESIAN_POINT('',(0.,0.));
#9319 = VECTOR('',#9320,1.);
#9320 = DIRECTION('',(0.,1.));
#9321 = ( GEOMETRIC_REPRESENTATION_CONTEXT(2)
PARAMETRIC_REPRESENTATION_CONTEXT() REPRESENTATION_CONTEXT('2D SPACE',''
  ) );
#9322 = PCURVE('',#8736,#9323);
#9323 = DEFINITIONAL_REPRESENTATION('',(#9324),#9328);
#9324 = LINE('',#9325,#9326);
#9325 = CARTESIAN_POINT('',(0.,0.));
#9326 = VECTOR('',#9327,1.);
#9327 = DIRECTION('',(1.,0.));
#9328 = ( GEOMETRIC_REPRESENTATION_CONTEXT(2)
PARAMETRIC_REPRESENTATION_CONTEXT() REPRESENTATION_CONTEXT('2D SPACE',''
  ) );
#9329 = ORIENTED_EDGE('',*,*,#9237,.T.);
#9330 = ORIENTED_EDGE('',*,*,#7691,.F.);
#9331 = ADVANCED_FACE('',(#9332),#7680,.F.);
#9332 = FACE_BOUND('',#9333,.F.);
#9333 = EDGE_LOOP('',(#9334,#9335,#9356,#9357));
#9334 = ORIENTED_EDGE('',*,*,#9286,.F.);
#9335 = ORIENTED_EDGE('',*,*,#9336,.T.);
#9336 = EDGE_CURVE('',#9287,#8701,#9337,.T.);
#9337 = SURFACE_CURVE('',#9338,(#9342,#9349),.PCURVE_S1.);
#9338 = LINE('',#9339,#9340);
#9339 = CARTESIAN_POINT('',(6.5,34.5,0.4));
#9340 = VECTOR('',#9341,1.);
#9341 = DIRECTION('',(0.,1.,0.));
#9342 = PCURVE('',#7680,#9343);
#9343 = DEFINITIONAL_REPRESENTATION('',(#9344),#9348);
#9344 = LINE('',#9345,#9346);
#9345 = CARTESIAN_POINT('',(0.,0.));
#9346 = VECTOR('',#9347,1.);
#9347 = DIRECTION('',(0.,-1.));
#9348 = ( GEOMETRIC_REPRESENTATION_CONTEXT(2)
PARAMETRIC_REPRESENTATION_CONTEXT() REPRESENTATION_CONTEXT('2D SPACE',''
  ) );
#9349 = PCURVE('',#8736,#9350);
#9350 = DEFINITIONAL_REPRESENTATION('',(#9351),#9355);
#9351 = LINE('',#9352,#9353);
#9352 = CARTESIAN_POINT('',(13.,0.));
#9353 = VECTOR('',#9354,1.);
#9354 = DIRECTION('',(0.,1.));
#9355 = ( GEOMETRIC_REPRESENTATION_CONTEXT(2)
PARAMETRIC_REPRESENTATION_CONTEXT() REPRESENTATION_CONTEXT('2D SPACE',''
  ) );
#9356 = ORIENTED_EDGE('',*,*,#8700,.T.);
#9357 = ORIENTED_EDGE('',*,*,#7665,.F.);
#9358 = ADVANCED_FACE('',(#9359),#8022,.T.);
#9359 = FACE_BOUND('',#9360,.T.);
#9360 = EDGE_LOOP('',(#9361,#9384,#9410,#9431));
#9361 = ORIENTED_EDGE('',*,*,#9362,.F.);
#9362 = EDGE_CURVE('',#9363,#8006,#9365,.T.);
#9363 = VERTEX_POINT('',#9364);
#9364 = CARTESIAN_POINT('',(9.,-30.,0.));
#9365 = SURFACE_CURVE('',#9366,(#9370,#9377),.PCURVE_S1.);
#9366 = LINE('',#9367,#9368);
#9367 = CARTESIAN_POINT('',(9.,-30.,-0.2));
#9368 = VECTOR('',#9369,1.);
#9369 = DIRECTION('',(0.,0.,1.));
#9370 = PCURVE('',#8022,#9371);
#9371 = DEFINITIONAL_REPRESENTATION('',(#9372),#9376);
#9372 = LINE('',#9373,#9374);
#9373 = CARTESIAN_POINT('',(0.,18.));
#9374 = VECTOR('',#9375,1.);
#9375 = DIRECTION('',(1.,0.));
#9376 = ( GEOMETRIC_REPRESENTATION_CONTEXT(2)
PARAMETRIC_REPRESENTATION_CONTEXT() REPRESENTATION_CONTEXT('2D SPACE',''
  ) );
#9377 = PCURVE('',#8098,#9378);
#9378 = DEFINITIONAL_REPRESENTATION('',(#9379),#9383);
#9379 = LINE('',#9380,#9381);
#9380 = CARTESIAN_POINT('',(0.,0.));
#9381 = VECTOR('',#9382,1.);
#9382 = DIRECTION('',(1.,0.));
#9383 = ( GEOMETRIC_REPRESENTATION_CONTEXT(2)
PARAMETRIC_REPRESENTATION_CONTEXT() REPRESENTATION_CONTEXT('2D SPACE',''
  ) );
#9384 = ORIENTED_EDGE('',*,*,#9385,.T.);
#9385 = EDGE_CURVE('',#9363,#9386,#9388,.T.);
#9386 = VERTEX_POINT('',#9387);
#9387 = CARTESIAN_POINT('',(-9.,-30.,0.));
#9388 = SURFACE_CURVE('',#9389,(#9393,#9399),.PCURVE_S1.);
#9389 = LINE('',#9390,#9391);
#9390 = CARTESIAN_POINT('',(-4.5,-30.,0.));
#9391 = VECTOR('',#9392,1.);
#9392 = DIRECTION('',(-1.,0.,0.));
#9393 = PCURVE('',#8022,#9394);
#9394 = DEFINITIONAL_REPRESENTATION('',(#9395),#9398);
#9395 = B_SPLINE_CURVE_WITH_KNOTS('',1,(#9396,#9397),.UNSPECIFIED.,.F.,
  .F.,(2,2),(-13.5,4.5),.PIECEWISE_BEZIER_KNOTS.);
#9396 = CARTESIAN_POINT('',(0.2,18.));
#9397 = CARTESIAN_POINT('',(0.2,0.));
#9398 = ( GEOMETRIC_REPRESENTATION_CONTEXT(2)
PARAMETRIC_REPRESENTATION_CONTEXT() REPRESENTATION_CONTEXT('2D SPACE',''
  ) );
#9399 = PCURVE('',#9400,#9405);
#9400 = PLANE('',#9401);
#9401 = AXIS2_PLACEMENT_3D('',#9402,#9403,#9404);
#9402 = CARTESIAN_POINT('',(1.059523184731E-15,-1.059523184731E-15,0.));
#9403 = DIRECTION('',(0.,0.,1.));
#9404 = DIRECTION('',(1.,0.,-0.));
#9405 = DEFINITIONAL_REPRESENTATION('',(#9406),#9409);
#9406 = B_SPLINE_CURVE_WITH_KNOTS('',1,(#9407,#9408),.UNSPECIFIED.,.F.,
  .F.,(2,2),(-13.5,4.5),.PIECEWISE_BEZIER_KNOTS.);
#9407 = CARTESIAN_POINT('',(9.,-30.));
#9408 = CARTESIAN_POINT('',(-9.,-30.));
#9409 = ( GEOMETRIC_REPRESENTATION_CONTEXT(2)
PARAMETRIC_REPRESENTATION_CONTEXT() REPRESENTATION_CONTEXT('2D SPACE',''
  ) );
#9410 = ORIENTED_EDGE('',*,*,#9411,.T.);
#9411 = EDGE_CURVE('',#9386,#8008,#9412,.T.);
#9412 = SURFACE_CURVE('',#9413,(#9417,#9424),.PCURVE_S1.);
#9413 = LINE('',#9414,#9415);
#9414 = CARTESIAN_POINT('',(-9.,-30.,-0.2));
#9415 = VECTOR('',#9416,1.);
#9416 = DIRECTION('',(0.,0.,1.));
#9417 = PCURVE('',#8022,#9418);
#9418 = DEFINITIONAL_REPRESENTATION('',(#9419),#9423);
#9419 = LINE('',#9420,#9421);
#9420 = CARTESIAN_POINT('',(0.,0.));
#9421 = VECTOR('',#9422,1.);
#9422 = DIRECTION('',(1.,0.));
#9423 = ( GEOMETRIC_REPRESENTATION_CONTEXT(2)
PARAMETRIC_REPRESENTATION_CONTEXT() REPRESENTATION_CONTEXT('2D SPACE',''
  ) );
#9424 = PCURVE('',#8048,#9425);
#9425 = DEFINITIONAL_REPRESENTATION('',(#9426),#9430);
#9426 = LINE('',#9427,#9428);
#9427 = CARTESIAN_POINT('',(0.,0.));
#9428 = VECTOR('',#9429,1.);
#9429 = DIRECTION('',(1.,0.));
#9430 = ( GEOMETRIC_REPRESENTATION_CONTEXT(2)
PARAMETRIC_REPRESENTATION_CONTEXT() REPRESENTATION_CONTEXT('2D SPACE',''
  ) );
#9431 = ORIENTED_EDGE('',*,*,#8005,.F.);
#9432 = ADVANCED_FACE('',(#9433),#8098,.F.);
#9433 = FACE_BOUND('',#9434,.F.);
#9434 = EDGE_LOOP('',(#9435,#9436,#9457,#9478));
#9435 = ORIENTED_EDGE('',*,*,#9362,.F.);
#9436 = ORIENTED_EDGE('',*,*,#9437,.T.);
#9437 = EDGE_CURVE('',#9363,#9438,#9440,.T.);
#9438 = VERTEX_POINT('',#9439);
#9439 = CARTESIAN_POINT('',(9.,-12.,0.));
#9440 = SURFACE_CURVE('',#9441,(#9445,#9451),.PCURVE_S1.);
#9441 = LINE('',#9442,#9443);
#9442 = CARTESIAN_POINT('',(9.,-15.,0.));
#9443 = VECTOR('',#9444,1.);
#9444 = DIRECTION('',(0.,1.,0.));
#9445 = PCURVE('',#8098,#9446);
#9446 = DEFINITIONAL_REPRESENTATION('',(#9447),#9450);
#9447 = B_SPLINE_CURVE_WITH_KNOTS('',1,(#9448,#9449),.UNSPECIFIED.,.F.,
  .F.,(2,2),(-15.,3.),.PIECEWISE_BEZIER_KNOTS.);
#9448 = CARTESIAN_POINT('',(0.2,0.));
#9449 = CARTESIAN_POINT('',(0.2,-18.));
#9450 = ( GEOMETRIC_REPRESENTATION_CONTEXT(2)
PARAMETRIC_REPRESENTATION_CONTEXT() REPRESENTATION_CONTEXT('2D SPACE',''
  ) );
#9451 = PCURVE('',#9400,#9452);
#9452 = DEFINITIONAL_REPRESENTATION('',(#9453),#9456);
#9453 = B_SPLINE_CURVE_WITH_KNOTS('',1,(#9454,#9455),.UNSPECIFIED.,.F.,
  .F.,(2,2),(-15.,3.),.PIECEWISE_BEZIER_KNOTS.);
#9454 = CARTESIAN_POINT('',(9.,-30.));
#9455 = CARTESIAN_POINT('',(9.,-12.));
#9456 = ( GEOMETRIC_REPRESENTATION_CONTEXT(2)
PARAMETRIC_REPRESENTATION_CONTEXT() REPRESENTATION_CONTEXT('2D SPACE',''
  ) );
#9457 = ORIENTED_EDGE('',*,*,#9458,.T.);
#9458 = EDGE_CURVE('',#9438,#8060,#9459,.T.);
#9459 = SURFACE_CURVE('',#9460,(#9464,#9471),.PCURVE_S1.);
#9460 = LINE('',#9461,#9462);
#9461 = CARTESIAN_POINT('',(9.,-12.,-0.2));
#9462 = VECTOR('',#9463,1.);
#9463 = DIRECTION('',(0.,0.,1.));
#9464 = PCURVE('',#8098,#9465);
#9465 = DEFINITIONAL_REPRESENTATION('',(#9466),#9470);
#9466 = LINE('',#9467,#9468);
#9467 = CARTESIAN_POINT('',(0.,-18.));
#9468 = VECTOR('',#9469,1.);
#9469 = DIRECTION('',(1.,0.));
#9470 = ( GEOMETRIC_REPRESENTATION_CONTEXT(2)
PARAMETRIC_REPRESENTATION_CONTEXT() REPRESENTATION_CONTEXT('2D SPACE',''
  ) );
#9471 = PCURVE('',#8074,#9472);
#9472 = DEFINITIONAL_REPRESENTATION('',(#9473),#9477);
#9473 = LINE('',#9474,#9475);
#9474 = CARTESIAN_POINT('',(0.,18.));
#9475 = VECTOR('',#9476,1.);
#9476 = DIRECTION('',(1.,0.));
#9477 = ( GEOMETRIC_REPRESENTATION_CONTEXT(2)
PARAMETRIC_REPRESENTATION_CONTEXT() REPRESENTATION_CONTEXT('2D SPACE',''
  ) );
#9478 = ORIENTED_EDGE('',*,*,#8085,.F.);
#9479 = ADVANCED_FACE('',(#9480),#8048,.T.);
#9480 = FACE_BOUND('',#9481,.T.);
#9481 = EDGE_LOOP('',(#9482,#9483,#9504,#9525));
#9482 = ORIENTED_EDGE('',*,*,#9411,.F.);
#9483 = ORIENTED_EDGE('',*,*,#9484,.T.);
#9484 = EDGE_CURVE('',#9386,#9485,#9487,.T.);
#9485 = VERTEX_POINT('',#9486);
#9486 = CARTESIAN_POINT('',(-9.,-12.,0.));
#9487 = SURFACE_CURVE('',#9488,(#9492,#9498),.PCURVE_S1.);
#9488 = LINE('',#9489,#9490);
#9489 = CARTESIAN_POINT('',(-9.,-15.,0.));
#9490 = VECTOR('',#9491,1.);
#9491 = DIRECTION('',(0.,1.,0.));
#9492 = PCURVE('',#8048,#9493);
#9493 = DEFINITIONAL_REPRESENTATION('',(#9494),#9497);
#9494 = B_SPLINE_CURVE_WITH_KNOTS('',1,(#9495,#9496),.UNSPECIFIED.,.F.,
  .F.,(2,2),(-15.,3.),.PIECEWISE_BEZIER_KNOTS.);
#9495 = CARTESIAN_POINT('',(0.2,0.));
#9496 = CARTESIAN_POINT('',(0.2,-18.));
#9497 = ( GEOMETRIC_REPRESENTATION_CONTEXT(2)
PARAMETRIC_REPRESENTATION_CONTEXT() REPRESENTATION_CONTEXT('2D SPACE',''
  ) );
#9498 = PCURVE('',#9400,#9499);
#9499 = DEFINITIONAL_REPRESENTATION('',(#9500),#9503);
#9500 = B_SPLINE_CURVE_WITH_KNOTS('',1,(#9501,#9502),.UNSPECIFIED.,.F.,
  .F.,(2,2),(-15.,3.),.PIECEWISE_BEZIER_KNOTS.);
#9501 = CARTESIAN_POINT('',(-9.,-30.));
#9502 = CARTESIAN_POINT('',(-9.,-12.));
#9503 = ( GEOMETRIC_REPRESENTATION_CONTEXT(2)
PARAMETRIC_REPRESENTATION_CONTEXT() REPRESENTATION_CONTEXT('2D SPACE',''
  ) );
#9504 = ORIENTED_EDGE('',*,*,#9505,.T.);
#9505 = EDGE_CURVE('',#9485,#8034,#9506,.T.);
#9506 = SURFACE_CURVE('',#9507,(#9511,#9518),.PCURVE_S1.);
#9507 = LINE('',#9508,#9509);
#9508 = CARTESIAN_POINT('',(-9.,-12.,-0.2));
#9509 = VECTOR('',#9510,1.);
#9510 = DIRECTION('',(0.,0.,1.));
#9511 = PCURVE('',#8048,#9512);
#9512 = DEFINITIONAL_REPRESENTATION('',(#9513),#9517);
#9513 = LINE('',#9514,#9515);
#9514 = CARTESIAN_POINT('',(0.,-18.));
#9515 = VECTOR('',#9516,1.);
#9516 = DIRECTION('',(1.,0.));
#9517 = ( GEOMETRIC_REPRESENTATION_CONTEXT(2)
PARAMETRIC_REPRESENTATION_CONTEXT() REPRESENTATION_CONTEXT('2D SPACE',''
  ) );
#9518 = PCURVE('',#8074,#9519);
#9519 = DEFINITIONAL_REPRESENTATION('',(#9520),#9524);
#9520 = LINE('',#9521,#9522);
#9521 = CARTESIAN_POINT('',(0.,0.));
#9522 = VECTOR('',#9523,1.);
#9523 = DIRECTION('',(1.,0.));
#9524 = ( GEOMETRIC_REPRESENTATION_CONTEXT(2)
PARAMETRIC_REPRESENTATION_CONTEXT() REPRESENTATION_CONTEXT('2D SPACE',''
  ) );
#9525 = ORIENTED_EDGE('',*,*,#8033,.F.);
#9526 = ADVANCED_FACE('',(#9527),#8074,.F.);
#9527 = FACE_BOUND('',#9528,.F.);
#9528 = EDGE_LOOP('',(#9529,#9530,#9549,#9550));
#9529 = ORIENTED_EDGE('',*,*,#9458,.F.);
#9530 = ORIENTED_EDGE('',*,*,#9531,.T.);
#9531 = EDGE_CURVE('',#9438,#9485,#9532,.T.);
#9532 = SURFACE_CURVE('',#9533,(#9537,#9543),.PCURVE_S1.);
#9533 = LINE('',#9534,#9535);
#9534 = CARTESIAN_POINT('',(-4.5,-12.,0.));
#9535 = VECTOR('',#9536,1.);
#9536 = DIRECTION('',(-1.,0.,0.));
#9537 = PCURVE('',#8074,#9538);
#9538 = DEFINITIONAL_REPRESENTATION('',(#9539),#9542);
#9539 = B_SPLINE_CURVE_WITH_KNOTS('',1,(#9540,#9541),.UNSPECIFIED.,.F.,
  .F.,(2,2),(-13.5,4.5),.PIECEWISE_BEZIER_KNOTS.);
#9540 = CARTESIAN_POINT('',(0.2,18.));
#9541 = CARTESIAN_POINT('',(0.2,0.));
#9542 = ( GEOMETRIC_REPRESENTATION_CONTEXT(2)
PARAMETRIC_REPRESENTATION_CONTEXT() REPRESENTATION_CONTEXT('2D SPACE',''
  ) );
#9543 = PCURVE('',#9400,#9544);
#9544 = DEFINITIONAL_REPRESENTATION('',(#9545),#9548);
#9545 = B_SPLINE_CURVE_WITH_KNOTS('',1,(#9546,#9547),.UNSPECIFIED.,.F.,
  .F.,(2,2),(-13.5,4.5),.PIECEWISE_BEZIER_KNOTS.);
#9546 = CARTESIAN_POINT('',(9.,-12.));
#9547 = CARTESIAN_POINT('',(-9.,-12.));
#9548 = ( GEOMETRIC_REPRESENTATION_CONTEXT(2)
PARAMETRIC_REPRESENTATION_CONTEXT() REPRESENTATION_CONTEXT('2D SPACE',''
  ) );
#9549 = ORIENTED_EDGE('',*,*,#9505,.T.);
#9550 = ORIENTED_EDGE('',*,*,#8059,.F.);
#9551 = ADVANCED_FACE('',(#9552),#8736,.T.);
#9552 = FACE_BOUND('',#9553,.T.);
#9553 = EDGE_LOOP('',(#9554,#9555,#9556,#9557));
#9554 = ORIENTED_EDGE('',*,*,#9260,.F.);
#9555 = ORIENTED_EDGE('',*,*,#9309,.T.);
#9556 = ORIENTED_EDGE('',*,*,#9336,.T.);
#9557 = ORIENTED_EDGE('',*,*,#8721,.T.);
#9558 = ADVANCED_FACE('',(#9559,#9569),#8845,.F.);
#9559 = FACE_BOUND('',#9560,.F.);
#9560 = EDGE_LOOP('',(#9561,#9562,#9563,#9564,#9565,#9566,#9567,#9568));
#9561 = ORIENTED_EDGE('',*,*,#9183,.T.);
#9562 = ORIENTED_EDGE('',*,*,#8828,.T.);
#9563 = ORIENTED_EDGE('',*,*,#8882,.T.);
#9564 = ORIENTED_EDGE('',*,*,#8932,.T.);
#9565 = ORIENTED_EDGE('',*,*,#8981,.T.);
#9566 = ORIENTED_EDGE('',*,*,#9031,.T.);
#9567 = ORIENTED_EDGE('',*,*,#9080,.T.);
#9568 = ORIENTED_EDGE('',*,*,#9152,.F.);
#9569 = FACE_BOUND('',#9570,.F.);
#9570 = EDGE_LOOP('',(#9571,#9601,#9634,#9662,#9691,#9719,#9748,#9776));
#9571 = ORIENTED_EDGE('',*,*,#9572,.F.);
#9572 = EDGE_CURVE('',#9573,#9575,#9577,.T.);
#9573 = VERTEX_POINT('',#9574);
#9574 = CARTESIAN_POINT('',(-13.55,-32.1,-0.55));
#9575 = VERTEX_POINT('',#9576);
#9576 = CARTESIAN_POINT('',(13.55,-32.1,-0.55));
#9577 = SURFACE_CURVE('',#9578,(#9582,#9589),.PCURVE_S1.);
#9578 = LINE('',#9579,#9580);
#9579 = CARTESIAN_POINT('',(-14.35,-32.1,-0.55));
#9580 = VECTOR('',#9581,1.);
#9581 = DIRECTION('',(1.,0.,0.));
#9582 = PCURVE('',#8845,#9583);
#9583 = DEFINITIONAL_REPRESENTATION('',(#9584),#9588);
#9584 = LINE('',#9585,#9586);
#9585 = CARTESIAN_POINT('',(-14.35,-32.1));
#9586 = VECTOR('',#9587,1.);
#9587 = DIRECTION('',(1.,0.));
#9588 = ( GEOMETRIC_REPRESENTATION_CONTEXT(2)
PARAMETRIC_REPRESENTATION_CONTEXT() REPRESENTATION_CONTEXT('2D SPACE',''
  ) );
#9589 = PCURVE('',#9590,#9595);
#9590 = PLANE('',#9591);
#9591 = AXIS2_PLACEMENT_3D('',#9592,#9593,#9594);
#9592 = CARTESIAN_POINT('',(-14.35,-32.1,-0.55));
#9593 = DIRECTION('',(0.,1.,0.));
#9594 = DIRECTION('',(1.,0.,0.));
#9595 = DEFINITIONAL_REPRESENTATION('',(#9596),#9600);
#9596 = LINE('',#9597,#9598);
#9597 = CARTESIAN_POINT('',(0.,0.));
#9598 = VECTOR('',#9599,1.);
#9599 = DIRECTION('',(1.,0.));
#9600 = ( GEOMETRIC_REPRESENTATION_CONTEXT(2)
PARAMETRIC_REPRESENTATION_CONTEXT() REPRESENTATION_CONTEXT('2D SPACE',''
  ) );
#9601 = ORIENTED_EDGE('',*,*,#9602,.T.);
#9602 = EDGE_CURVE('',#9573,#9603,#9605,.T.);
#9603 = VERTEX_POINT('',#9604);
#9604 = CARTESIAN_POINT('',(-14.35,-31.3,-0.55));
#9605 = SURFACE_CURVE('',#9606,(#9611,#9622),.PCURVE_S1.);
#9606 = CIRCLE('',#9607,0.8);
#9607 = AXIS2_PLACEMENT_3D('',#9608,#9609,#9610);
#9608 = CARTESIAN_POINT('',(-13.55,-31.3,-0.55));
#9609 = DIRECTION('',(-0.,-0.,-1.));
#9610 = DIRECTION('',(0.,-1.,0.));
#9611 = PCURVE('',#8845,#9612);
#9612 = DEFINITIONAL_REPRESENTATION('',(#9613),#9621);
#9613 = ( BOUNDED_CURVE() B_SPLINE_CURVE(2,(#9614,#9615,#9616,#9617,
#9618,#9619,#9620),.UNSPECIFIED.,.T.,.F.) B_SPLINE_CURVE_WITH_KNOTS((1,2
    ,2,2,2,1),(-2.094395102393,0.,2.094395102393,4.188790204786,
6.28318530718,8.377580409573),.UNSPECIFIED.) CURVE()
GEOMETRIC_REPRESENTATION_ITEM() RATIONAL_B_SPLINE_CURVE((1.,0.5,1.,0.5,
1.,0.5,1.)) REPRESENTATION_ITEM('') );
#9614 = CARTESIAN_POINT('',(-13.55,-32.1));
#9615 = CARTESIAN_POINT('',(-14.93564064605,-32.1));
#9616 = CARTESIAN_POINT('',(-14.24282032302,-30.9));
#9617 = CARTESIAN_POINT('',(-13.55,-29.7));
#9618 = CARTESIAN_POINT('',(-12.85717967697,-30.9));
#9619 = CARTESIAN_POINT('',(-12.16435935394,-32.1));
#9620 = CARTESIAN_POINT('',(-13.55,-32.1));
#9621 = ( GEOMETRIC_REPRESENTATION_CONTEXT(2)
PARAMETRIC_REPRESENTATION_CONTEXT() REPRESENTATION_CONTEXT('2D SPACE',''
  ) );
#9622 = PCURVE('',#9623,#9628);
#9623 = CYLINDRICAL_SURFACE('',#9624,0.8);
#9624 = AXIS2_PLACEMENT_3D('',#9625,#9626,#9627);
#9625 = CARTESIAN_POINT('',(-13.55,-31.3,-0.55));
#9626 = DIRECTION('',(0.,0.,1.));
#9627 = DIRECTION('',(0.,-1.,0.));
#9628 = DEFINITIONAL_REPRESENTATION('',(#9629),#9633);
#9629 = LINE('',#9630,#9631);
#9630 = CARTESIAN_POINT('',(-0.,0.));
#9631 = VECTOR('',#9632,1.);
#9632 = DIRECTION('',(-1.,0.));
#9633 = ( GEOMETRIC_REPRESENTATION_CONTEXT(2)
PARAMETRIC_REPRESENTATION_CONTEXT() REPRESENTATION_CONTEXT('2D SPACE',''
  ) );
#9634 = ORIENTED_EDGE('',*,*,#9635,.F.);
#9635 = EDGE_CURVE('',#9636,#9603,#9638,.T.);
#9636 = VERTEX_POINT('',#9637);
#9637 = CARTESIAN_POINT('',(-14.35,31.3,-0.55));
#9638 = SURFACE_CURVE('',#9639,(#9643,#9650),.PCURVE_S1.);
#9639 = LINE('',#9640,#9641);
#9640 = CARTESIAN_POINT('',(-14.35,32.1,-0.55));
#9641 = VECTOR('',#9642,1.);
#9642 = DIRECTION('',(0.,-1.,0.));
#9643 = PCURVE('',#8845,#9644);
#9644 = DEFINITIONAL_REPRESENTATION('',(#9645),#9649);
#9645 = LINE('',#9646,#9647);
#9646 = CARTESIAN_POINT('',(-14.35,32.1));
#9647 = VECTOR('',#9648,1.);
#9648 = DIRECTION('',(0.,-1.));
#9649 = ( GEOMETRIC_REPRESENTATION_CONTEXT(2)
PARAMETRIC_REPRESENTATION_CONTEXT() REPRESENTATION_CONTEXT('2D SPACE',''
  ) );
#9650 = PCURVE('',#9651,#9656);
#9651 = PLANE('',#9652);
#9652 = AXIS2_PLACEMENT_3D('',#9653,#9654,#9655);
#9653 = CARTESIAN_POINT('',(-14.35,32.1,-0.55));
#9654 = DIRECTION('',(1.,0.,-0.));
#9655 = DIRECTION('',(0.,-1.,0.));
#9656 = DEFINITIONAL_REPRESENTATION('',(#9657),#9661);
#9657 = LINE('',#9658,#9659);
#9658 = CARTESIAN_POINT('',(0.,0.));
#9659 = VECTOR('',#9660,1.);
#9660 = DIRECTION('',(1.,0.));
#9661 = ( GEOMETRIC_REPRESENTATION_CONTEXT(2)
PARAMETRIC_REPRESENTATION_CONTEXT() REPRESENTATION_CONTEXT('2D SPACE',''
  ) );
#9662 = ORIENTED_EDGE('',*,*,#9663,.F.);
#9663 = EDGE_CURVE('',#9664,#9636,#9666,.T.);
#9664 = VERTEX_POINT('',#9665);
#9665 = CARTESIAN_POINT('',(-13.55,32.1,-0.55));
#9666 = SURFACE_CURVE('',#9667,(#9672,#9679),.PCURVE_S1.);
#9667 = CIRCLE('',#9668,0.8);
#9668 = AXIS2_PLACEMENT_3D('',#9669,#9670,#9671);
#9669 = CARTESIAN_POINT('',(-13.55,31.3,-0.55));
#9670 = DIRECTION('',(0.,0.,1.));
#9671 = DIRECTION('',(0.,-1.,0.));
#9672 = PCURVE('',#8845,#9673);
#9673 = DEFINITIONAL_REPRESENTATION('',(#9674),#9678);
#9674 = CIRCLE('',#9675,0.8);
#9675 = AXIS2_PLACEMENT_2D('',#9676,#9677);
#9676 = CARTESIAN_POINT('',(-13.55,31.3));
#9677 = DIRECTION('',(0.,-1.));
#9678 = ( GEOMETRIC_REPRESENTATION_CONTEXT(2)
PARAMETRIC_REPRESENTATION_CONTEXT() REPRESENTATION_CONTEXT('2D SPACE',''
  ) );
#9679 = PCURVE('',#9680,#9685);
#9680 = CYLINDRICAL_SURFACE('',#9681,0.8);
#9681 = AXIS2_PLACEMENT_3D('',#9682,#9683,#9684);
#9682 = CARTESIAN_POINT('',(-13.55,31.3,-0.55));
#9683 = DIRECTION('',(0.,0.,1.));
#9684 = DIRECTION('',(-0.,1.,0.));
#9685 = DEFINITIONAL_REPRESENTATION('',(#9686),#9690);
#9686 = LINE('',#9687,#9688);
#9687 = CARTESIAN_POINT('',(-3.14159265359,0.));
#9688 = VECTOR('',#9689,1.);
#9689 = DIRECTION('',(1.,0.));
#9690 = ( GEOMETRIC_REPRESENTATION_CONTEXT(2)
PARAMETRIC_REPRESENTATION_CONTEXT() REPRESENTATION_CONTEXT('2D SPACE',''
  ) );
#9691 = ORIENTED_EDGE('',*,*,#9692,.F.);
#9692 = EDGE_CURVE('',#9693,#9664,#9695,.T.);
#9693 = VERTEX_POINT('',#9694);
#9694 = CARTESIAN_POINT('',(13.55,32.1,-0.55));
#9695 = SURFACE_CURVE('',#9696,(#9700,#9707),.PCURVE_S1.);
#9696 = LINE('',#9697,#9698);
#9697 = CARTESIAN_POINT('',(14.35,32.1,-0.55));
#9698 = VECTOR('',#9699,1.);
#9699 = DIRECTION('',(-1.,0.,0.));
#9700 = PCURVE('',#8845,#9701);
#9701 = DEFINITIONAL_REPRESENTATION('',(#9702),#9706);
#9702 = LINE('',#9703,#9704);
#9703 = CARTESIAN_POINT('',(14.35,32.1));
#9704 = VECTOR('',#9705,1.);
#9705 = DIRECTION('',(-1.,0.));
#9706 = ( GEOMETRIC_REPRESENTATION_CONTEXT(2)
PARAMETRIC_REPRESENTATION_CONTEXT() REPRESENTATION_CONTEXT('2D SPACE',''
  ) );
#9707 = PCURVE('',#9708,#9713);
#9708 = PLANE('',#9709);
#9709 = AXIS2_PLACEMENT_3D('',#9710,#9711,#9712);
#9710 = CARTESIAN_POINT('',(14.35,32.1,-0.55));
#9711 = DIRECTION('',(0.,-1.,0.));
#9712 = DIRECTION('',(-1.,0.,0.));
#9713 = DEFINITIONAL_REPRESENTATION('',(#9714),#9718);
#9714 = LINE('',#9715,#9716);
#9715 = CARTESIAN_POINT('',(0.,-0.));
#9716 = VECTOR('',#9717,1.);
#9717 = DIRECTION('',(1.,0.));
#9718 = ( GEOMETRIC_REPRESENTATION_CONTEXT(2)
PARAMETRIC_REPRESENTATION_CONTEXT() REPRESENTATION_CONTEXT('2D SPACE',''
  ) );
#9719 = ORIENTED_EDGE('',*,*,#9720,.F.);
#9720 = EDGE_CURVE('',#9721,#9693,#9723,.T.);
#9721 = VERTEX_POINT('',#9722);
#9722 = CARTESIAN_POINT('',(14.35,31.3,-0.55));
#9723 = SURFACE_CURVE('',#9724,(#9729,#9736),.PCURVE_S1.);
#9724 = CIRCLE('',#9725,0.8);
#9725 = AXIS2_PLACEMENT_3D('',#9726,#9727,#9728);
#9726 = CARTESIAN_POINT('',(13.55,31.3,-0.55));
#9727 = DIRECTION('',(0.,0.,1.));
#9728 = DIRECTION('',(0.,-1.,0.));
#9729 = PCURVE('',#8845,#9730);
#9730 = DEFINITIONAL_REPRESENTATION('',(#9731),#9735);
#9731 = CIRCLE('',#9732,0.8);
#9732 = AXIS2_PLACEMENT_2D('',#9733,#9734);
#9733 = CARTESIAN_POINT('',(13.55,31.3));
#9734 = DIRECTION('',(0.,-1.));
#9735 = ( GEOMETRIC_REPRESENTATION_CONTEXT(2)
PARAMETRIC_REPRESENTATION_CONTEXT() REPRESENTATION_CONTEXT('2D SPACE',''
  ) );
#9736 = PCURVE('',#9737,#9742);
#9737 = CYLINDRICAL_SURFACE('',#9738,0.8);
#9738 = AXIS2_PLACEMENT_3D('',#9739,#9740,#9741);
#9739 = CARTESIAN_POINT('',(13.55,31.3,-0.55));
#9740 = DIRECTION('',(0.,0.,1.));
#9741 = DIRECTION('',(1.,0.,-0.));
#9742 = DEFINITIONAL_REPRESENTATION('',(#9743),#9747);
#9743 = LINE('',#9744,#9745);
#9744 = CARTESIAN_POINT('',(-1.570796326795,0.));
#9745 = VECTOR('',#9746,1.);
#9746 = DIRECTION('',(1.,0.));
#9747 = ( GEOMETRIC_REPRESENTATION_CONTEXT(2)
PARAMETRIC_REPRESENTATION_CONTEXT() REPRESENTATION_CONTEXT('2D SPACE',''
  ) );
#9748 = ORIENTED_EDGE('',*,*,#9749,.F.);
#9749 = EDGE_CURVE('',#9750,#9721,#9752,.T.);
#9750 = VERTEX_POINT('',#9751);
#9751 = CARTESIAN_POINT('',(14.35,-31.3,-0.55));
#9752 = SURFACE_CURVE('',#9753,(#9757,#9764),.PCURVE_S1.);
#9753 = LINE('',#9754,#9755);
#9754 = CARTESIAN_POINT('',(14.35,-32.1,-0.55));
#9755 = VECTOR('',#9756,1.);
#9756 = DIRECTION('',(0.,1.,0.));
#9757 = PCURVE('',#8845,#9758);
#9758 = DEFINITIONAL_REPRESENTATION('',(#9759),#9763);
#9759 = LINE('',#9760,#9761);
#9760 = CARTESIAN_POINT('',(14.35,-32.1));
#9761 = VECTOR('',#9762,1.);
#9762 = DIRECTION('',(0.,1.));
#9763 = ( GEOMETRIC_REPRESENTATION_CONTEXT(2)
PARAMETRIC_REPRESENTATION_CONTEXT() REPRESENTATION_CONTEXT('2D SPACE',''
  ) );
#9764 = PCURVE('',#9765,#9770);
#9765 = PLANE('',#9766);
#9766 = AXIS2_PLACEMENT_3D('',#9767,#9768,#9769);
#9767 = CARTESIAN_POINT('',(14.35,-32.1,-0.55));
#9768 = DIRECTION('',(-1.,0.,0.));
#9769 = DIRECTION('',(0.,1.,0.));
#9770 = DEFINITIONAL_REPRESENTATION('',(#9771),#9775);
#9771 = LINE('',#9772,#9773);
#9772 = CARTESIAN_POINT('',(0.,0.));
#9773 = VECTOR('',#9774,1.);
#9774 = DIRECTION('',(1.,0.));
#9775 = ( GEOMETRIC_REPRESENTATION_CONTEXT(2)
PARAMETRIC_REPRESENTATION_CONTEXT() REPRESENTATION_CONTEXT('2D SPACE',''
  ) );
#9776 = ORIENTED_EDGE('',*,*,#9777,.F.);
#9777 = EDGE_CURVE('',#9575,#9750,#9778,.T.);
#9778 = SURFACE_CURVE('',#9779,(#9784,#9791),.PCURVE_S1.);
#9779 = CIRCLE('',#9780,0.8);
#9780 = AXIS2_PLACEMENT_3D('',#9781,#9782,#9783);
#9781 = CARTESIAN_POINT('',(13.55,-31.3,-0.55));
#9782 = DIRECTION('',(0.,0.,1.));
#9783 = DIRECTION('',(0.,-1.,0.));
#9784 = PCURVE('',#8845,#9785);
#9785 = DEFINITIONAL_REPRESENTATION('',(#9786),#9790);
#9786 = CIRCLE('',#9787,0.8);
#9787 = AXIS2_PLACEMENT_2D('',#9788,#9789);
#9788 = CARTESIAN_POINT('',(13.55,-31.3));
#9789 = DIRECTION('',(0.,-1.));
#9790 = ( GEOMETRIC_REPRESENTATION_CONTEXT(2)
PARAMETRIC_REPRESENTATION_CONTEXT() REPRESENTATION_CONTEXT('2D SPACE',''
  ) );
#9791 = PCURVE('',#9792,#9797);
#9792 = CYLINDRICAL_SURFACE('',#9793,0.8);
#9793 = AXIS2_PLACEMENT_3D('',#9794,#9795,#9796);
#9794 = CARTESIAN_POINT('',(13.55,-31.3,-0.55));
#9795 = DIRECTION('',(0.,0.,1.));
#9796 = DIRECTION('',(0.,-1.,0.));
#9797 = DEFINITIONAL_REPRESENTATION('',(#9798),#9802);
#9798 = LINE('',#9799,#9800);
#9799 = CARTESIAN_POINT('',(0.,0.));
#9800 = VECTOR('',#9801,1.);
#9801 = DIRECTION('',(1.,0.));
#9802 = ( GEOMETRIC_REPRESENTATION_CONTEXT(2)
PARAMETRIC_REPRESENTATION_CONTEXT() REPRESENTATION_CONTEXT('2D SPACE',''
  ) );
#9803 = ADVANCED_FACE('',(#9804,#9986,#10100,#10106,#10220,#10334),#9400
  ,.F.);
#9804 = FACE_BOUND('',#9805,.F.);
#9805 = EDGE_LOOP('',(#9806,#9829,#9853,#9874,#9898,#9919,#9943,#9964));
#9806 = ORIENTED_EDGE('',*,*,#9807,.F.);
#9807 = EDGE_CURVE('',#9808,#9810,#9812,.T.);
#9808 = VERTEX_POINT('',#9809);
#9809 = CARTESIAN_POINT('',(13.55,-32.1,0.));
#9810 = VERTEX_POINT('',#9811);
#9811 = CARTESIAN_POINT('',(-13.55,-32.1,0.));
#9812 = SURFACE_CURVE('',#9813,(#9817,#9823),.PCURVE_S1.);
#9813 = LINE('',#9814,#9815);
#9814 = CARTESIAN_POINT('',(-7.175,-32.1,0.));
#9815 = VECTOR('',#9816,1.);
#9816 = DIRECTION('',(-1.,0.,0.));
#9817 = PCURVE('',#9400,#9818);
#9818 = DEFINITIONAL_REPRESENTATION('',(#9819),#9822);
#9819 = B_SPLINE_CURVE_WITH_KNOTS('',1,(#9820,#9821),.UNSPECIFIED.,.F.,
  .F.,(2,2),(-20.725,6.375),.PIECEWISE_BEZIER_KNOTS.);
#9820 = CARTESIAN_POINT('',(13.55,-32.1));
#9821 = CARTESIAN_POINT('',(-13.55,-32.1));
#9822 = ( GEOMETRIC_REPRESENTATION_CONTEXT(2)
PARAMETRIC_REPRESENTATION_CONTEXT() REPRESENTATION_CONTEXT('2D SPACE',''
  ) );
#9823 = PCURVE('',#9590,#9824);
#9824 = DEFINITIONAL_REPRESENTATION('',(#9825),#9828);
#9825 = B_SPLINE_CURVE_WITH_KNOTS('',1,(#9826,#9827),.UNSPECIFIED.,.F.,
  .F.,(2,2),(-20.725,6.375),.PIECEWISE_BEZIER_KNOTS.);
#9826 = CARTESIAN_POINT('',(27.9,-0.55));
#9827 = CARTESIAN_POINT('',(0.8,-0.55));
#9828 = ( GEOMETRIC_REPRESENTATION_CONTEXT(2)
PARAMETRIC_REPRESENTATION_CONTEXT() REPRESENTATION_CONTEXT('2D SPACE',''
  ) );
#9829 = ORIENTED_EDGE('',*,*,#9830,.T.);
#9830 = EDGE_CURVE('',#9808,#9831,#9833,.T.);
#9831 = VERTEX_POINT('',#9832);
#9832 = CARTESIAN_POINT('',(14.35,-31.3,0.));
#9833 = SURFACE_CURVE('',#9834,(#9839,#9846),.PCURVE_S1.);
#9834 = CIRCLE('',#9835,0.8);
#9835 = AXIS2_PLACEMENT_3D('',#9836,#9837,#9838);
#9836 = CARTESIAN_POINT('',(13.55,-31.3,0.));
#9837 = DIRECTION('',(0.,0.,1.));
#9838 = DIRECTION('',(0.,-1.,0.));
#9839 = PCURVE('',#9400,#9840);
#9840 = DEFINITIONAL_REPRESENTATION('',(#9841),#9845);
#9841 = CIRCLE('',#9842,0.8);
#9842 = AXIS2_PLACEMENT_2D('',#9843,#9844);
#9843 = CARTESIAN_POINT('',(13.55,-31.3));
#9844 = DIRECTION('',(0.,-1.));
#9845 = ( GEOMETRIC_REPRESENTATION_CONTEXT(2)
PARAMETRIC_REPRESENTATION_CONTEXT() REPRESENTATION_CONTEXT('2D SPACE',''
  ) );
#9846 = PCURVE('',#9792,#9847);
#9847 = DEFINITIONAL_REPRESENTATION('',(#9848),#9852);
#9848 = LINE('',#9849,#9850);
#9849 = CARTESIAN_POINT('',(0.,0.55));
#9850 = VECTOR('',#9851,1.);
#9851 = DIRECTION('',(1.,0.));
#9852 = ( GEOMETRIC_REPRESENTATION_CONTEXT(2)
PARAMETRIC_REPRESENTATION_CONTEXT() REPRESENTATION_CONTEXT('2D SPACE',''
  ) );
#9853 = ORIENTED_EDGE('',*,*,#9854,.F.);
#9854 = EDGE_CURVE('',#9855,#9831,#9857,.T.);
#9855 = VERTEX_POINT('',#9856);
#9856 = CARTESIAN_POINT('',(14.35,31.3,0.));
#9857 = SURFACE_CURVE('',#9858,(#9862,#9868),.PCURVE_S1.);
#9858 = LINE('',#9859,#9860);
#9859 = CARTESIAN_POINT('',(14.35,-16.05,0.));
#9860 = VECTOR('',#9861,1.);
#9861 = DIRECTION('',(0.,-1.,0.));
#9862 = PCURVE('',#9400,#9863);
#9863 = DEFINITIONAL_REPRESENTATION('',(#9864),#9867);
#9864 = B_SPLINE_CURVE_WITH_KNOTS('',1,(#9865,#9866),.UNSPECIFIED.,.F.,
  .F.,(2,2),(-47.35,15.25),.PIECEWISE_BEZIER_KNOTS.);
#9865 = CARTESIAN_POINT('',(14.35,31.3));
#9866 = CARTESIAN_POINT('',(14.35,-31.3));
#9867 = ( GEOMETRIC_REPRESENTATION_CONTEXT(2)
PARAMETRIC_REPRESENTATION_CONTEXT() REPRESENTATION_CONTEXT('2D SPACE',''
  ) );
#9868 = PCURVE('',#9765,#9869);
#9869 = DEFINITIONAL_REPRESENTATION('',(#9870),#9873);
#9870 = B_SPLINE_CURVE_WITH_KNOTS('',1,(#9871,#9872),.UNSPECIFIED.,.F.,
  .F.,(2,2),(-47.35,15.25),.PIECEWISE_BEZIER_KNOTS.);
#9871 = CARTESIAN_POINT('',(63.4,-0.55));
#9872 = CARTESIAN_POINT('',(0.8,-0.55));
#9873 = ( GEOMETRIC_REPRESENTATION_CONTEXT(2)
PARAMETRIC_REPRESENTATION_CONTEXT() REPRESENTATION_CONTEXT('2D SPACE',''
  ) );
#9874 = ORIENTED_EDGE('',*,*,#9875,.T.);
#9875 = EDGE_CURVE('',#9855,#9876,#9878,.T.);
#9876 = VERTEX_POINT('',#9877);
#9877 = CARTESIAN_POINT('',(13.55,32.1,0.));
#9878 = SURFACE_CURVE('',#9879,(#9884,#9891),.PCURVE_S1.);
#9879 = CIRCLE('',#9880,0.8);
#9880 = AXIS2_PLACEMENT_3D('',#9881,#9882,#9883);
#9881 = CARTESIAN_POINT('',(13.55,31.3,0.));
#9882 = DIRECTION('',(0.,0.,1.));
#9883 = DIRECTION('',(1.,0.,-0.));
#9884 = PCURVE('',#9400,#9885);
#9885 = DEFINITIONAL_REPRESENTATION('',(#9886),#9890);
#9886 = CIRCLE('',#9887,0.8);
#9887 = AXIS2_PLACEMENT_2D('',#9888,#9889);
#9888 = CARTESIAN_POINT('',(13.55,31.3));
#9889 = DIRECTION('',(1.,0.));
#9890 = ( GEOMETRIC_REPRESENTATION_CONTEXT(2)
PARAMETRIC_REPRESENTATION_CONTEXT() REPRESENTATION_CONTEXT('2D SPACE',''
  ) );
#9891 = PCURVE('',#9737,#9892);
#9892 = DEFINITIONAL_REPRESENTATION('',(#9893),#9897);
#9893 = LINE('',#9894,#9895);
#9894 = CARTESIAN_POINT('',(0.,0.55));
#9895 = VECTOR('',#9896,1.);
#9896 = DIRECTION('',(1.,0.));
#9897 = ( GEOMETRIC_REPRESENTATION_CONTEXT(2)
PARAMETRIC_REPRESENTATION_CONTEXT() REPRESENTATION_CONTEXT('2D SPACE',''
  ) );
#9898 = ORIENTED_EDGE('',*,*,#9899,.F.);
#9899 = EDGE_CURVE('',#9900,#9876,#9902,.T.);
#9900 = VERTEX_POINT('',#9901);
#9901 = CARTESIAN_POINT('',(-13.55,32.1,0.));
#9902 = SURFACE_CURVE('',#9903,(#9907,#9913),.PCURVE_S1.);
#9903 = LINE('',#9904,#9905);
#9904 = CARTESIAN_POINT('',(7.175,32.1,0.));
#9905 = VECTOR('',#9906,1.);
#9906 = DIRECTION('',(1.,0.,-0.));
#9907 = PCURVE('',#9400,#9908);
#9908 = DEFINITIONAL_REPRESENTATION('',(#9909),#9912);
#9909 = B_SPLINE_CURVE_WITH_KNOTS('',1,(#9910,#9911),.UNSPECIFIED.,.F.,
  .F.,(2,2),(-20.725,6.375),.PIECEWISE_BEZIER_KNOTS.);
#9910 = CARTESIAN_POINT('',(-13.55,32.1));
#9911 = CARTESIAN_POINT('',(13.55,32.1));
#9912 = ( GEOMETRIC_REPRESENTATION_CONTEXT(2)
PARAMETRIC_REPRESENTATION_CONTEXT() REPRESENTATION_CONTEXT('2D SPACE',''
  ) );
#9913 = PCURVE('',#9708,#9914);
#9914 = DEFINITIONAL_REPRESENTATION('',(#9915),#9918);
#9915 = B_SPLINE_CURVE_WITH_KNOTS('',1,(#9916,#9917),.UNSPECIFIED.,.F.,
  .F.,(2,2),(-20.725,6.375),.PIECEWISE_BEZIER_KNOTS.);
#9916 = CARTESIAN_POINT('',(27.9,-0.55));
#9917 = CARTESIAN_POINT('',(0.8,-0.55));
#9918 = ( GEOMETRIC_REPRESENTATION_CONTEXT(2)
PARAMETRIC_REPRESENTATION_CONTEXT() REPRESENTATION_CONTEXT('2D SPACE',''
  ) );
#9919 = ORIENTED_EDGE('',*,*,#9920,.T.);
#9920 = EDGE_CURVE('',#9900,#9921,#9923,.T.);
#9921 = VERTEX_POINT('',#9922);
#9922 = CARTESIAN_POINT('',(-14.35,31.3,0.));
#9923 = SURFACE_CURVE('',#9924,(#9929,#9936),.PCURVE_S1.);
#9924 = CIRCLE('',#9925,0.8);
#9925 = AXIS2_PLACEMENT_3D('',#9926,#9927,#9928);
#9926 = CARTESIAN_POINT('',(-13.55,31.3,0.));
#9927 = DIRECTION('',(0.,0.,1.));
#9928 = DIRECTION('',(-0.,1.,0.));
#9929 = PCURVE('',#9400,#9930);
#9930 = DEFINITIONAL_REPRESENTATION('',(#9931),#9935);
#9931 = CIRCLE('',#9932,0.8);
#9932 = AXIS2_PLACEMENT_2D('',#9933,#9934);
#9933 = CARTESIAN_POINT('',(-13.55,31.3));
#9934 = DIRECTION('',(0.,1.));
#9935 = ( GEOMETRIC_REPRESENTATION_CONTEXT(2)
PARAMETRIC_REPRESENTATION_CONTEXT() REPRESENTATION_CONTEXT('2D SPACE',''
  ) );
#9936 = PCURVE('',#9680,#9937);
#9937 = DEFINITIONAL_REPRESENTATION('',(#9938),#9942);
#9938 = LINE('',#9939,#9940);
#9939 = CARTESIAN_POINT('',(0.,0.55));
#9940 = VECTOR('',#9941,1.);
#9941 = DIRECTION('',(1.,0.));
#9942 = ( GEOMETRIC_REPRESENTATION_CONTEXT(2)
PARAMETRIC_REPRESENTATION_CONTEXT() REPRESENTATION_CONTEXT('2D SPACE',''
  ) );
#9943 = ORIENTED_EDGE('',*,*,#9944,.F.);
#9944 = EDGE_CURVE('',#9945,#9921,#9947,.T.);
#9945 = VERTEX_POINT('',#9946);
#9946 = CARTESIAN_POINT('',(-14.35,-31.3,0.));
#9947 = SURFACE_CURVE('',#9948,(#9952,#9958),.PCURVE_S1.);
#9948 = LINE('',#9949,#9950);
#9949 = CARTESIAN_POINT('',(-14.35,16.05,0.));
#9950 = VECTOR('',#9951,1.);
#9951 = DIRECTION('',(-0.,1.,0.));
#9952 = PCURVE('',#9400,#9953);
#9953 = DEFINITIONAL_REPRESENTATION('',(#9954),#9957);
#9954 = B_SPLINE_CURVE_WITH_KNOTS('',1,(#9955,#9956),.UNSPECIFIED.,.F.,
  .F.,(2,2),(-47.35,15.25),.PIECEWISE_BEZIER_KNOTS.);
#9955 = CARTESIAN_POINT('',(-14.35,-31.3));
#9956 = CARTESIAN_POINT('',(-14.35,31.3));
#9957 = ( GEOMETRIC_REPRESENTATION_CONTEXT(2)
PARAMETRIC_REPRESENTATION_CONTEXT() REPRESENTATION_CONTEXT('2D SPACE',''
  ) );
#9958 = PCURVE('',#9651,#9959);
#9959 = DEFINITIONAL_REPRESENTATION('',(#9960),#9963);
#9960 = B_SPLINE_CURVE_WITH_KNOTS('',1,(#9961,#9962),.UNSPECIFIED.,.F.,
  .F.,(2,2),(-47.35,15.25),.PIECEWISE_BEZIER_KNOTS.);
#9961 = CARTESIAN_POINT('',(63.4,-0.55));
#9962 = CARTESIAN_POINT('',(0.8,-0.55));
#9963 = ( GEOMETRIC_REPRESENTATION_CONTEXT(2)
PARAMETRIC_REPRESENTATION_CONTEXT() REPRESENTATION_CONTEXT('2D SPACE',''
  ) );
#9964 = ORIENTED_EDGE('',*,*,#9965,.T.);
#9965 = EDGE_CURVE('',#9945,#9810,#9966,.T.);
#9966 = SURFACE_CURVE('',#9967,(#9972,#9979),.PCURVE_S1.);
#9967 = CIRCLE('',#9968,0.8);
#9968 = AXIS2_PLACEMENT_3D('',#9969,#9970,#9971);
#9969 = CARTESIAN_POINT('',(-13.55,-31.3,0.));
#9970 = DIRECTION('',(0.,0.,1.));
#9971 = DIRECTION('',(0.,-1.,0.));
#9972 = PCURVE('',#9400,#9973);
#9973 = DEFINITIONAL_REPRESENTATION('',(#9974),#9978);
#9974 = CIRCLE('',#9975,0.8);
#9975 = AXIS2_PLACEMENT_2D('',#9976,#9977);
#9976 = CARTESIAN_POINT('',(-13.55,-31.3));
#9977 = DIRECTION('',(0.,-1.));
#9978 = ( GEOMETRIC_REPRESENTATION_CONTEXT(2)
PARAMETRIC_REPRESENTATION_CONTEXT() REPRESENTATION_CONTEXT('2D SPACE',''
  ) );
#9979 = PCURVE('',#9623,#9980);
#9980 = DEFINITIONAL_REPRESENTATION('',(#9981),#9985);
#9981 = LINE('',#9982,#9983);
#9982 = CARTESIAN_POINT('',(-6.28318530718,0.55));
#9983 = VECTOR('',#9984,1.);
#9984 = DIRECTION('',(1.,-0.));
#9985 = ( GEOMETRIC_REPRESENTATION_CONTEXT(2)
PARAMETRIC_REPRESENTATION_CONTEXT() REPRESENTATION_CONTEXT('2D SPACE',''
  ) );
#9986 = FACE_BOUND('',#9987,.F.);
#9987 = EDGE_LOOP('',(#9988,#10018,#10046,#10074));
#9988 = ORIENTED_EDGE('',*,*,#9989,.T.);
#9989 = EDGE_CURVE('',#9990,#9992,#9994,.T.);
#9990 = VERTEX_POINT('',#9991);
#9991 = CARTESIAN_POINT('',(-14.25,-30.5,0.));
#9992 = VERTEX_POINT('',#9993);
#9993 = CARTESIAN_POINT('',(-14.25,-23.5,0.));
#9994 = SURFACE_CURVE('',#9995,(#9999,#10006),.PCURVE_S1.);
#9995 = LINE('',#9996,#9997);
#9996 = CARTESIAN_POINT('',(-14.25,-30.5,0.));
#9997 = VECTOR('',#9998,1.);
#9998 = DIRECTION('',(0.,1.,0.));
#9999 = PCURVE('',#9400,#10000);
#10000 = DEFINITIONAL_REPRESENTATION('',(#10001),#10005);
#10001 = LINE('',#10002,#10003);
#10002 = CARTESIAN_POINT('',(-14.25,-30.5));
#10003 = VECTOR('',#10004,1.);
#10004 = DIRECTION('',(0.,1.));
#10005 = ( GEOMETRIC_REPRESENTATION_CONTEXT(2)
PARAMETRIC_REPRESENTATION_CONTEXT() REPRESENTATION_CONTEXT('2D SPACE',''
  ) );
#10006 = PCURVE('',#10007,#10012);
#10007 = PLANE('',#10008);
#10008 = AXIS2_PLACEMENT_3D('',#10009,#10010,#10011);
#10009 = CARTESIAN_POINT('',(-14.25,-30.5,-0.9));
#10010 = DIRECTION('',(1.,0.,0.));
#10011 = DIRECTION('',(0.,0.,1.));
#10012 = DEFINITIONAL_REPRESENTATION('',(#10013),#10017);
#10013 = LINE('',#10014,#10015);
#10014 = CARTESIAN_POINT('',(0.9,0.));
#10015 = VECTOR('',#10016,1.);
#10016 = DIRECTION('',(0.,-1.));
#10017 = ( GEOMETRIC_REPRESENTATION_CONTEXT(2)
PARAMETRIC_REPRESENTATION_CONTEXT() REPRESENTATION_CONTEXT('2D SPACE',''
  ) );
#10018 = ORIENTED_EDGE('',*,*,#10019,.T.);
#10019 = EDGE_CURVE('',#9992,#10020,#10022,.T.);
#10020 = VERTEX_POINT('',#10021);
#10021 = CARTESIAN_POINT('',(-10.25,-23.5,0.));
#10022 = SURFACE_CURVE('',#10023,(#10027,#10034),.PCURVE_S1.);
#10023 = LINE('',#10024,#10025);
#10024 = CARTESIAN_POINT('',(-14.25,-23.5,0.));
#10025 = VECTOR('',#10026,1.);
#10026 = DIRECTION('',(1.,0.,0.));
#10027 = PCURVE('',#9400,#10028);
#10028 = DEFINITIONAL_REPRESENTATION('',(#10029),#10033);
#10029 = LINE('',#10030,#10031);
#10030 = CARTESIAN_POINT('',(-14.25,-23.5));
#10031 = VECTOR('',#10032,1.);
#10032 = DIRECTION('',(1.,0.));
#10033 = ( GEOMETRIC_REPRESENTATION_CONTEXT(2)
PARAMETRIC_REPRESENTATION_CONTEXT() REPRESENTATION_CONTEXT('2D SPACE',''
  ) );
#10034 = PCURVE('',#10035,#10040);
#10035 = PLANE('',#10036);
#10036 = AXIS2_PLACEMENT_3D('',#10037,#10038,#10039);
#10037 = CARTESIAN_POINT('',(-14.25,-23.5,-0.9));
#10038 = DIRECTION('',(0.,1.,0.));
#10039 = DIRECTION('',(0.,0.,1.));
#10040 = DEFINITIONAL_REPRESENTATION('',(#10041),#10045);
#10041 = LINE('',#10042,#10043);
#10042 = CARTESIAN_POINT('',(0.9,0.));
#10043 = VECTOR('',#10044,1.);
#10044 = DIRECTION('',(0.,1.));
#10045 = ( GEOMETRIC_REPRESENTATION_CONTEXT(2)
PARAMETRIC_REPRESENTATION_CONTEXT() REPRESENTATION_CONTEXT('2D SPACE',''
  ) );
#10046 = ORIENTED_EDGE('',*,*,#10047,.F.);
#10047 = EDGE_CURVE('',#10048,#10020,#10050,.T.);
#10048 = VERTEX_POINT('',#10049);
#10049 = CARTESIAN_POINT('',(-10.25,-30.5,0.));
#10050 = SURFACE_CURVE('',#10051,(#10055,#10062),.PCURVE_S1.);
#10051 = LINE('',#10052,#10053);
#10052 = CARTESIAN_POINT('',(-10.25,-30.5,0.));
#10053 = VECTOR('',#10054,1.);
#10054 = DIRECTION('',(0.,1.,0.));
#10055 = PCURVE('',#9400,#10056);
#10056 = DEFINITIONAL_REPRESENTATION('',(#10057),#10061);
#10057 = LINE('',#10058,#10059);
#10058 = CARTESIAN_POINT('',(-10.25,-30.5));
#10059 = VECTOR('',#10060,1.);
#10060 = DIRECTION('',(0.,1.));
#10061 = ( GEOMETRIC_REPRESENTATION_CONTEXT(2)
PARAMETRIC_REPRESENTATION_CONTEXT() REPRESENTATION_CONTEXT('2D SPACE',''
  ) );
#10062 = PCURVE('',#10063,#10068);
#10063 = PLANE('',#10064);
#10064 = AXIS2_PLACEMENT_3D('',#10065,#10066,#10067);
#10065 = CARTESIAN_POINT('',(-10.25,-30.5,-0.9));
#10066 = DIRECTION('',(1.,0.,0.));
#10067 = DIRECTION('',(0.,0.,1.));
#10068 = DEFINITIONAL_REPRESENTATION('',(#10069),#10073);
#10069 = LINE('',#10070,#10071);
#10070 = CARTESIAN_POINT('',(0.9,0.));
#10071 = VECTOR('',#10072,1.);
#10072 = DIRECTION('',(0.,-1.));
#10073 = ( GEOMETRIC_REPRESENTATION_CONTEXT(2)
PARAMETRIC_REPRESENTATION_CONTEXT() REPRESENTATION_CONTEXT('2D SPACE',''
  ) );
#10074 = ORIENTED_EDGE('',*,*,#10075,.F.);
#10075 = EDGE_CURVE('',#9990,#10048,#10076,.T.);
#10076 = SURFACE_CURVE('',#10077,(#10081,#10088),.PCURVE_S1.);
#10077 = LINE('',#10078,#10079);
#10078 = CARTESIAN_POINT('',(-14.25,-30.5,0.));
#10079 = VECTOR('',#10080,1.);
#10080 = DIRECTION('',(1.,0.,0.));
#10081 = PCURVE('',#9400,#10082);
#10082 = DEFINITIONAL_REPRESENTATION('',(#10083),#10087);
#10083 = LINE('',#10084,#10085);
#10084 = CARTESIAN_POINT('',(-14.25,-30.5));
#10085 = VECTOR('',#10086,1.);
#10086 = DIRECTION('',(1.,0.));
#10087 = ( GEOMETRIC_REPRESENTATION_CONTEXT(2)
PARAMETRIC_REPRESENTATION_CONTEXT() REPRESENTATION_CONTEXT('2D SPACE',''
  ) );
#10088 = PCURVE('',#10089,#10094);
#10089 = PLANE('',#10090);
#10090 = AXIS2_PLACEMENT_3D('',#10091,#10092,#10093);
#10091 = CARTESIAN_POINT('',(-14.25,-30.5,-0.9));
#10092 = DIRECTION('',(0.,1.,0.));
#10093 = DIRECTION('',(0.,0.,1.));
#10094 = DEFINITIONAL_REPRESENTATION('',(#10095),#10099);
#10095 = LINE('',#10096,#10097);
#10096 = CARTESIAN_POINT('',(0.9,0.));
#10097 = VECTOR('',#10098,1.);
#10098 = DIRECTION('',(0.,1.));
#10099 = ( GEOMETRIC_REPRESENTATION_CONTEXT(2)
PARAMETRIC_REPRESENTATION_CONTEXT() REPRESENTATION_CONTEXT('2D SPACE',''
  ) );
#10100 = FACE_BOUND('',#10101,.F.);
#10101 = EDGE_LOOP('',(#10102,#10103,#10104,#10105));
#10102 = ORIENTED_EDGE('',*,*,#9385,.T.);
#10103 = ORIENTED_EDGE('',*,*,#9484,.T.);
#10104 = ORIENTED_EDGE('',*,*,#9531,.F.);
#10105 = ORIENTED_EDGE('',*,*,#9437,.F.);
#10106 = FACE_BOUND('',#10107,.F.);
#10107 = EDGE_LOOP('',(#10108,#10138,#10166,#10194));
#10108 = ORIENTED_EDGE('',*,*,#10109,.T.);
#10109 = EDGE_CURVE('',#10110,#10112,#10114,.T.);
#10110 = VERTEX_POINT('',#10111);
#10111 = CARTESIAN_POINT('',(10.25,-30.5,0.));
#10112 = VERTEX_POINT('',#10113);
#10113 = CARTESIAN_POINT('',(10.25,-23.5,0.));
#10114 = SURFACE_CURVE('',#10115,(#10119,#10126),.PCURVE_S1.);
#10115 = LINE('',#10116,#10117);
#10116 = CARTESIAN_POINT('',(10.25,-30.5,0.));
#10117 = VECTOR('',#10118,1.);
#10118 = DIRECTION('',(0.,1.,0.));
#10119 = PCURVE('',#9400,#10120);
#10120 = DEFINITIONAL_REPRESENTATION('',(#10121),#10125);
#10121 = LINE('',#10122,#10123);
#10122 = CARTESIAN_POINT('',(10.25,-30.5));
#10123 = VECTOR('',#10124,1.);
#10124 = DIRECTION('',(0.,1.));
#10125 = ( GEOMETRIC_REPRESENTATION_CONTEXT(2)
PARAMETRIC_REPRESENTATION_CONTEXT() REPRESENTATION_CONTEXT('2D SPACE',''
  ) );
#10126 = PCURVE('',#10127,#10132);
#10127 = PLANE('',#10128);
#10128 = AXIS2_PLACEMENT_3D('',#10129,#10130,#10131);
#10129 = CARTESIAN_POINT('',(10.25,-30.5,-0.9));
#10130 = DIRECTION('',(1.,0.,0.));
#10131 = DIRECTION('',(0.,0.,1.));
#10132 = DEFINITIONAL_REPRESENTATION('',(#10133),#10137);
#10133 = LINE('',#10134,#10135);
#10134 = CARTESIAN_POINT('',(0.9,0.));
#10135 = VECTOR('',#10136,1.);
#10136 = DIRECTION('',(0.,-1.));
#10137 = ( GEOMETRIC_REPRESENTATION_CONTEXT(2)
PARAMETRIC_REPRESENTATION_CONTEXT() REPRESENTATION_CONTEXT('2D SPACE',''
  ) );
#10138 = ORIENTED_EDGE('',*,*,#10139,.T.);
#10139 = EDGE_CURVE('',#10112,#10140,#10142,.T.);
#10140 = VERTEX_POINT('',#10141);
#10141 = CARTESIAN_POINT('',(14.25,-23.5,0.));
#10142 = SURFACE_CURVE('',#10143,(#10147,#10154),.PCURVE_S1.);
#10143 = LINE('',#10144,#10145);
#10144 = CARTESIAN_POINT('',(10.25,-23.5,0.));
#10145 = VECTOR('',#10146,1.);
#10146 = DIRECTION('',(1.,0.,0.));
#10147 = PCURVE('',#9400,#10148);
#10148 = DEFINITIONAL_REPRESENTATION('',(#10149),#10153);
#10149 = LINE('',#10150,#10151);
#10150 = CARTESIAN_POINT('',(10.25,-23.5));
#10151 = VECTOR('',#10152,1.);
#10152 = DIRECTION('',(1.,0.));
#10153 = ( GEOMETRIC_REPRESENTATION_CONTEXT(2)
PARAMETRIC_REPRESENTATION_CONTEXT() REPRESENTATION_CONTEXT('2D SPACE',''
  ) );
#10154 = PCURVE('',#10155,#10160);
#10155 = PLANE('',#10156);
#10156 = AXIS2_PLACEMENT_3D('',#10157,#10158,#10159);
#10157 = CARTESIAN_POINT('',(10.25,-23.5,-0.9));
#10158 = DIRECTION('',(0.,1.,0.));
#10159 = DIRECTION('',(0.,0.,1.));
#10160 = DEFINITIONAL_REPRESENTATION('',(#10161),#10165);
#10161 = LINE('',#10162,#10163);
#10162 = CARTESIAN_POINT('',(0.9,0.));
#10163 = VECTOR('',#10164,1.);
#10164 = DIRECTION('',(0.,1.));
#10165 = ( GEOMETRIC_REPRESENTATION_CONTEXT(2)
PARAMETRIC_REPRESENTATION_CONTEXT() REPRESENTATION_CONTEXT('2D SPACE',''
  ) );
#10166 = ORIENTED_EDGE('',*,*,#10167,.F.);
#10167 = EDGE_CURVE('',#10168,#10140,#10170,.T.);
#10168 = VERTEX_POINT('',#10169);
#10169 = CARTESIAN_POINT('',(14.25,-30.5,0.));
#10170 = SURFACE_CURVE('',#10171,(#10175,#10182),.PCURVE_S1.);
#10171 = LINE('',#10172,#10173);
#10172 = CARTESIAN_POINT('',(14.25,-30.5,0.));
#10173 = VECTOR('',#10174,1.);
#10174 = DIRECTION('',(0.,1.,0.));
#10175 = PCURVE('',#9400,#10176);
#10176 = DEFINITIONAL_REPRESENTATION('',(#10177),#10181);
#10177 = LINE('',#10178,#10179);
#10178 = CARTESIAN_POINT('',(14.25,-30.5));
#10179 = VECTOR('',#10180,1.);
#10180 = DIRECTION('',(0.,1.));
#10181 = ( GEOMETRIC_REPRESENTATION_CONTEXT(2)
PARAMETRIC_REPRESENTATION_CONTEXT() REPRESENTATION_CONTEXT('2D SPACE',''
  ) );
#10182 = PCURVE('',#10183,#10188);
#10183 = PLANE('',#10184);
#10184 = AXIS2_PLACEMENT_3D('',#10185,#10186,#10187);
#10185 = CARTESIAN_POINT('',(14.25,-30.5,-0.9));
#10186 = DIRECTION('',(1.,0.,0.));
#10187 = DIRECTION('',(0.,0.,1.));
#10188 = DEFINITIONAL_REPRESENTATION('',(#10189),#10193);
#10189 = LINE('',#10190,#10191);
#10190 = CARTESIAN_POINT('',(0.9,0.));
#10191 = VECTOR('',#10192,1.);
#10192 = DIRECTION('',(0.,-1.));
#10193 = ( GEOMETRIC_REPRESENTATION_CONTEXT(2)
PARAMETRIC_REPRESENTATION_CONTEXT() REPRESENTATION_CONTEXT('2D SPACE',''
  ) );
#10194 = ORIENTED_EDGE('',*,*,#10195,.F.);
#10195 = EDGE_CURVE('',#10110,#10168,#10196,.T.);
#10196 = SURFACE_CURVE('',#10197,(#10201,#10208),.PCURVE_S1.);
#10197 = LINE('',#10198,#10199);
#10198 = CARTESIAN_POINT('',(10.25,-30.5,0.));
#10199 = VECTOR('',#10200,1.);
#10200 = DIRECTION('',(1.,0.,0.));
#10201 = PCURVE('',#9400,#10202);
#10202 = DEFINITIONAL_REPRESENTATION('',(#10203),#10207);
#10203 = LINE('',#10204,#10205);
#10204 = CARTESIAN_POINT('',(10.25,-30.5));
#10205 = VECTOR('',#10206,1.);
#10206 = DIRECTION('',(1.,0.));
#10207 = ( GEOMETRIC_REPRESENTATION_CONTEXT(2)
PARAMETRIC_REPRESENTATION_CONTEXT() REPRESENTATION_CONTEXT('2D SPACE',''
  ) );
#10208 = PCURVE('',#10209,#10214);
#10209 = PLANE('',#10210);
#10210 = AXIS2_PLACEMENT_3D('',#10211,#10212,#10213);
#10211 = CARTESIAN_POINT('',(10.25,-30.5,-0.9));
#10212 = DIRECTION('',(0.,1.,0.));
#10213 = DIRECTION('',(0.,0.,1.));
#10214 = DEFINITIONAL_REPRESENTATION('',(#10215),#10219);
#10215 = LINE('',#10216,#10217);
#10216 = CARTESIAN_POINT('',(0.9,0.));
#10217 = VECTOR('',#10218,1.);
#10218 = DIRECTION('',(0.,1.));
#10219 = ( GEOMETRIC_REPRESENTATION_CONTEXT(2)
PARAMETRIC_REPRESENTATION_CONTEXT() REPRESENTATION_CONTEXT('2D SPACE',''
  ) );
#10220 = FACE_BOUND('',#10221,.F.);
#10221 = EDGE_LOOP('',(#10222,#10252,#10280,#10308));
#10222 = ORIENTED_EDGE('',*,*,#10223,.T.);
#10223 = EDGE_CURVE('',#10224,#10226,#10228,.T.);
#10224 = VERTEX_POINT('',#10225);
#10225 = CARTESIAN_POINT('',(-14.25,6.5,0.));
#10226 = VERTEX_POINT('',#10227);
#10227 = CARTESIAN_POINT('',(-14.25,13.5,0.));
#10228 = SURFACE_CURVE('',#10229,(#10233,#10240),.PCURVE_S1.);
#10229 = LINE('',#10230,#10231);
#10230 = CARTESIAN_POINT('',(-14.25,6.5,0.));
#10231 = VECTOR('',#10232,1.);
#10232 = DIRECTION('',(0.,1.,0.));
#10233 = PCURVE('',#9400,#10234);
#10234 = DEFINITIONAL_REPRESENTATION('',(#10235),#10239);
#10235 = LINE('',#10236,#10237);
#10236 = CARTESIAN_POINT('',(-14.25,6.5));
#10237 = VECTOR('',#10238,1.);
#10238 = DIRECTION('',(0.,1.));
#10239 = ( GEOMETRIC_REPRESENTATION_CONTEXT(2)
PARAMETRIC_REPRESENTATION_CONTEXT() REPRESENTATION_CONTEXT('2D SPACE',''
  ) );
#10240 = PCURVE('',#10241,#10246);
#10241 = PLANE('',#10242);
#10242 = AXIS2_PLACEMENT_3D('',#10243,#10244,#10245);
#10243 = CARTESIAN_POINT('',(-14.25,6.5,-0.9));
#10244 = DIRECTION('',(1.,0.,0.));
#10245 = DIRECTION('',(0.,0.,1.));
#10246 = DEFINITIONAL_REPRESENTATION('',(#10247),#10251);
#10247 = LINE('',#10248,#10249);
#10248 = CARTESIAN_POINT('',(0.9,0.));
#10249 = VECTOR('',#10250,1.);
#10250 = DIRECTION('',(0.,-1.));
#10251 = ( GEOMETRIC_REPRESENTATION_CONTEXT(2)
PARAMETRIC_REPRESENTATION_CONTEXT() REPRESENTATION_CONTEXT('2D SPACE',''
  ) );
#10252 = ORIENTED_EDGE('',*,*,#10253,.T.);
#10253 = EDGE_CURVE('',#10226,#10254,#10256,.T.);
#10254 = VERTEX_POINT('',#10255);
#10255 = CARTESIAN_POINT('',(-10.25,13.5,0.));
#10256 = SURFACE_CURVE('',#10257,(#10261,#10268),.PCURVE_S1.);
#10257 = LINE('',#10258,#10259);
#10258 = CARTESIAN_POINT('',(-14.25,13.5,0.));
#10259 = VECTOR('',#10260,1.);
#10260 = DIRECTION('',(1.,0.,0.));
#10261 = PCURVE('',#9400,#10262);
#10262 = DEFINITIONAL_REPRESENTATION('',(#10263),#10267);
#10263 = LINE('',#10264,#10265);
#10264 = CARTESIAN_POINT('',(-14.25,13.5));
#10265 = VECTOR('',#10266,1.);
#10266 = DIRECTION('',(1.,0.));
#10267 = ( GEOMETRIC_REPRESENTATION_CONTEXT(2)
PARAMETRIC_REPRESENTATION_CONTEXT() REPRESENTATION_CONTEXT('2D SPACE',''
  ) );
#10268 = PCURVE('',#10269,#10274);
#10269 = PLANE('',#10270);
#10270 = AXIS2_PLACEMENT_3D('',#10271,#10272,#10273);
#10271 = CARTESIAN_POINT('',(-14.25,13.5,-0.9));
#10272 = DIRECTION('',(0.,1.,0.));
#10273 = DIRECTION('',(0.,0.,1.));
#10274 = DEFINITIONAL_REPRESENTATION('',(#10275),#10279);
#10275 = LINE('',#10276,#10277);
#10276 = CARTESIAN_POINT('',(0.9,0.));
#10277 = VECTOR('',#10278,1.);
#10278 = DIRECTION('',(0.,1.));
#10279 = ( GEOMETRIC_REPRESENTATION_CONTEXT(2)
PARAMETRIC_REPRESENTATION_CONTEXT() REPRESENTATION_CONTEXT('2D SPACE',''
  ) );
#10280 = ORIENTED_EDGE('',*,*,#10281,.F.);
#10281 = EDGE_CURVE('',#10282,#10254,#10284,.T.);
#10282 = VERTEX_POINT('',#10283);
#10283 = CARTESIAN_POINT('',(-10.25,6.5,0.));
#10284 = SURFACE_CURVE('',#10285,(#10289,#10296),.PCURVE_S1.);
#10285 = LINE('',#10286,#10287);
#10286 = CARTESIAN_POINT('',(-10.25,6.5,0.));
#10287 = VECTOR('',#10288,1.);
#10288 = DIRECTION('',(0.,1.,0.));
#10289 = PCURVE('',#9400,#10290);
#10290 = DEFINITIONAL_REPRESENTATION('',(#10291),#10295);
#10291 = LINE('',#10292,#10293);
#10292 = CARTESIAN_POINT('',(-10.25,6.5));
#10293 = VECTOR('',#10294,1.);
#10294 = DIRECTION('',(0.,1.));
#10295 = ( GEOMETRIC_REPRESENTATION_CONTEXT(2)
PARAMETRIC_REPRESENTATION_CONTEXT() REPRESENTATION_CONTEXT('2D SPACE',''
  ) );
#10296 = PCURVE('',#10297,#10302);
#10297 = PLANE('',#10298);
#10298 = AXIS2_PLACEMENT_3D('',#10299,#10300,#10301);
#10299 = CARTESIAN_POINT('',(-10.25,6.5,-0.9));
#10300 = DIRECTION('',(1.,0.,0.));
#10301 = DIRECTION('',(0.,0.,1.));
#10302 = DEFINITIONAL_REPRESENTATION('',(#10303),#10307);
#10303 = LINE('',#10304,#10305);
#10304 = CARTESIAN_POINT('',(0.9,0.));
#10305 = VECTOR('',#10306,1.);
#10306 = DIRECTION('',(0.,-1.));
#10307 = ( GEOMETRIC_REPRESENTATION_CONTEXT(2)
PARAMETRIC_REPRESENTATION_CONTEXT() REPRESENTATION_CONTEXT('2D SPACE',''
  ) );
#10308 = ORIENTED_EDGE('',*,*,#10309,.F.);
#10309 = EDGE_CURVE('',#10224,#10282,#10310,.T.);
#10310 = SURFACE_CURVE('',#10311,(#10315,#10322),.PCURVE_S1.);
#10311 = LINE('',#10312,#10313);
#10312 = CARTESIAN_POINT('',(-14.25,6.5,0.));
#10313 = VECTOR('',#10314,1.);
#10314 = DIRECTION('',(1.,0.,0.));
#10315 = PCURVE('',#9400,#10316);
#10316 = DEFINITIONAL_REPRESENTATION('',(#10317),#10321);
#10317 = LINE('',#10318,#10319);
#10318 = CARTESIAN_POINT('',(-14.25,6.5));
#10319 = VECTOR('',#10320,1.);
#10320 = DIRECTION('',(1.,0.));
#10321 = ( GEOMETRIC_REPRESENTATION_CONTEXT(2)
PARAMETRIC_REPRESENTATION_CONTEXT() REPRESENTATION_CONTEXT('2D SPACE',''
  ) );
#10322 = PCURVE('',#10323,#10328);
#10323 = PLANE('',#10324);
#10324 = AXIS2_PLACEMENT_3D('',#10325,#10326,#10327);
#10325 = CARTESIAN_POINT('',(-14.25,6.5,-0.9));
#10326 = DIRECTION('',(0.,1.,0.));
#10327 = DIRECTION('',(0.,0.,1.));
#10328 = DEFINITIONAL_REPRESENTATION('',(#10329),#10333);
#10329 = LINE('',#10330,#10331);
#10330 = CARTESIAN_POINT('',(0.9,0.));
#10331 = VECTOR('',#10332,1.);
#10332 = DIRECTION('',(0.,1.));
#10333 = ( GEOMETRIC_REPRESENTATION_CONTEXT(2)
PARAMETRIC_REPRESENTATION_CONTEXT() REPRESENTATION_CONTEXT('2D SPACE',''
  ) );
#10334 = FACE_BOUND('',#10335,.F.);
#10335 = EDGE_LOOP('',(#10336,#10366,#10394,#10422));
#10336 = ORIENTED_EDGE('',*,*,#10337,.T.);
#10337 = EDGE_CURVE('',#10338,#10340,#10342,.T.);
#10338 = VERTEX_POINT('',#10339);
#10339 = CARTESIAN_POINT('',(10.25,6.5,0.));
#10340 = VERTEX_POINT('',#10341);
#10341 = CARTESIAN_POINT('',(10.25,13.5,0.));
#10342 = SURFACE_CURVE('',#10343,(#10347,#10354),.PCURVE_S1.);
#10343 = LINE('',#10344,#10345);
#10344 = CARTESIAN_POINT('',(10.25,6.5,0.));
#10345 = VECTOR('',#10346,1.);
#10346 = DIRECTION('',(0.,1.,0.));
#10347 = PCURVE('',#9400,#10348);
#10348 = DEFINITIONAL_REPRESENTATION('',(#10349),#10353);
#10349 = LINE('',#10350,#10351);
#10350 = CARTESIAN_POINT('',(10.25,6.5));
#10351 = VECTOR('',#10352,1.);
#10352 = DIRECTION('',(0.,1.));
#10353 = ( GEOMETRIC_REPRESENTATION_CONTEXT(2)
PARAMETRIC_REPRESENTATION_CONTEXT() REPRESENTATION_CONTEXT('2D SPACE',''
  ) );
#10354 = PCURVE('',#10355,#10360);
#10355 = PLANE('',#10356);
#10356 = AXIS2_PLACEMENT_3D('',#10357,#10358,#10359);
#10357 = CARTESIAN_POINT('',(10.25,6.5,-0.9));
#10358 = DIRECTION('',(1.,0.,0.));
#10359 = DIRECTION('',(0.,0.,1.));
#10360 = DEFINITIONAL_REPRESENTATION('',(#10361),#10365);
#10361 = LINE('',#10362,#10363);
#10362 = CARTESIAN_POINT('',(0.9,0.));
#10363 = VECTOR('',#10364,1.);
#10364 = DIRECTION('',(0.,-1.));
#10365 = ( GEOMETRIC_REPRESENTATION_CONTEXT(2)
PARAMETRIC_REPRESENTATION_CONTEXT() REPRESENTATION_CONTEXT('2D SPACE',''
  ) );
#10366 = ORIENTED_EDGE('',*,*,#10367,.T.);
#10367 = EDGE_CURVE('',#10340,#10368,#10370,.T.);
#10368 = VERTEX_POINT('',#10369);
#10369 = CARTESIAN_POINT('',(14.25,13.5,0.));
#10370 = SURFACE_CURVE('',#10371,(#10375,#10382),.PCURVE_S1.);
#10371 = LINE('',#10372,#10373);
#10372 = CARTESIAN_POINT('',(10.25,13.5,0.));
#10373 = VECTOR('',#10374,1.);
#10374 = DIRECTION('',(1.,0.,0.));
#10375 = PCURVE('',#9400,#10376);
#10376 = DEFINITIONAL_REPRESENTATION('',(#10377),#10381);
#10377 = LINE('',#10378,#10379);
#10378 = CARTESIAN_POINT('',(10.25,13.5));
#10379 = VECTOR('',#10380,1.);
#10380 = DIRECTION('',(1.,0.));
#10381 = ( GEOMETRIC_REPRESENTATION_CONTEXT(2)
PARAMETRIC_REPRESENTATION_CONTEXT() REPRESENTATION_CONTEXT('2D SPACE',''
  ) );
#10382 = PCURVE('',#10383,#10388);
#10383 = PLANE('',#10384);
#10384 = AXIS2_PLACEMENT_3D('',#10385,#10386,#10387);
#10385 = CARTESIAN_POINT('',(10.25,13.5,-0.9));
#10386 = DIRECTION('',(0.,1.,0.));
#10387 = DIRECTION('',(0.,0.,1.));
#10388 = DEFINITIONAL_REPRESENTATION('',(#10389),#10393);
#10389 = LINE('',#10390,#10391);
#10390 = CARTESIAN_POINT('',(0.9,0.));
#10391 = VECTOR('',#10392,1.);
#10392 = DIRECTION('',(0.,1.));
#10393 = ( GEOMETRIC_REPRESENTATION_CONTEXT(2)
PARAMETRIC_REPRESENTATION_CONTEXT() REPRESENTATION_CONTEXT('2D SPACE',''
  ) );
#10394 = ORIENTED_EDGE('',*,*,#10395,.F.);
#10395 = EDGE_CURVE('',#10396,#10368,#10398,.T.);
#10396 = VERTEX_POINT('',#10397);
#10397 = CARTESIAN_POINT('',(14.25,6.5,0.));
#10398 = SURFACE_CURVE('',#10399,(#10403,#10410),.PCURVE_S1.);
#10399 = LINE('',#10400,#10401);
#10400 = CARTESIAN_POINT('',(14.25,6.5,0.));
#10401 = VECTOR('',#10402,1.);
#10402 = DIRECTION('',(0.,1.,0.));
#10403 = PCURVE('',#9400,#10404);
#10404 = DEFINITIONAL_REPRESENTATION('',(#10405),#10409);
#10405 = LINE('',#10406,#10407);
#10406 = CARTESIAN_POINT('',(14.25,6.5));
#10407 = VECTOR('',#10408,1.);
#10408 = DIRECTION('',(0.,1.));
#10409 = ( GEOMETRIC_REPRESENTATION_CONTEXT(2)
PARAMETRIC_REPRESENTATION_CONTEXT() REPRESENTATION_CONTEXT('2D SPACE',''
  ) );
#10410 = PCURVE('',#10411,#10416);
#10411 = PLANE('',#10412);
#10412 = AXIS2_PLACEMENT_3D('',#10413,#10414,#10415);
#10413 = CARTESIAN_POINT('',(14.25,6.5,-0.9));
#10414 = DIRECTION('',(1.,0.,0.));
#10415 = DIRECTION('',(0.,0.,1.));
#10416 = DEFINITIONAL_REPRESENTATION('',(#10417),#10421);
#10417 = LINE('',#10418,#10419);
#10418 = CARTESIAN_POINT('',(0.9,0.));
#10419 = VECTOR('',#10420,1.);
#10420 = DIRECTION('',(0.,-1.));
#10421 = ( GEOMETRIC_REPRESENTATION_CONTEXT(2)
PARAMETRIC_REPRESENTATION_CONTEXT() REPRESENTATION_CONTEXT('2D SPACE',''
  ) );
#10422 = ORIENTED_EDGE('',*,*,#10423,.F.);
#10423 = EDGE_CURVE('',#10338,#10396,#10424,.T.);
#10424 = SURFACE_CURVE('',#10425,(#10429,#10436),.PCURVE_S1.);
#10425 = LINE('',#10426,#10427);
#10426 = CARTESIAN_POINT('',(10.25,6.5,0.));
#10427 = VECTOR('',#10428,1.);
#10428 = DIRECTION('',(1.,0.,0.));
#10429 = PCURVE('',#9400,#10430);
#10430 = DEFINITIONAL_REPRESENTATION('',(#10431),#10435);
#10431 = LINE('',#10432,#10433);
#10432 = CARTESIAN_POINT('',(10.25,6.5));
#10433 = VECTOR('',#10434,1.);
#10434 = DIRECTION('',(1.,0.));
#10435 = ( GEOMETRIC_REPRESENTATION_CONTEXT(2)
PARAMETRIC_REPRESENTATION_CONTEXT() REPRESENTATION_CONTEXT('2D SPACE',''
  ) );
#10436 = PCURVE('',#10437,#10442);
#10437 = PLANE('',#10438);
#10438 = AXIS2_PLACEMENT_3D('',#10439,#10440,#10441);
#10439 = CARTESIAN_POINT('',(10.25,6.5,-0.9));
#10440 = DIRECTION('',(0.,1.,0.));
#10441 = DIRECTION('',(0.,0.,1.));
#10442 = DEFINITIONAL_REPRESENTATION('',(#10443),#10447);
#10443 = LINE('',#10444,#10445);
#10444 = CARTESIAN_POINT('',(0.9,0.));
#10445 = VECTOR('',#10446,1.);
#10446 = DIRECTION('',(0.,1.));
#10447 = ( GEOMETRIC_REPRESENTATION_CONTEXT(2)
PARAMETRIC_REPRESENTATION_CONTEXT() REPRESENTATION_CONTEXT('2D SPACE',''
  ) );
#10448 = ADVANCED_FACE('',(#10449),#9590,.T.);
#10449 = FACE_BOUND('',#10450,.T.);
#10450 = EDGE_LOOP('',(#10451,#10452,#10473,#10474));
#10451 = ORIENTED_EDGE('',*,*,#9572,.F.);
#10452 = ORIENTED_EDGE('',*,*,#10453,.T.);
#10453 = EDGE_CURVE('',#9573,#9810,#10454,.T.);
#10454 = SURFACE_CURVE('',#10455,(#10459,#10466),.PCURVE_S1.);
#10455 = LINE('',#10456,#10457);
#10456 = CARTESIAN_POINT('',(-13.55,-32.1,-0.55));
#10457 = VECTOR('',#10458,1.);
#10458 = DIRECTION('',(0.,0.,1.));
#10459 = PCURVE('',#9590,#10460);
#10460 = DEFINITIONAL_REPRESENTATION('',(#10461),#10465);
#10461 = LINE('',#10462,#10463);
#10462 = CARTESIAN_POINT('',(0.8,0.));
#10463 = VECTOR('',#10464,1.);
#10464 = DIRECTION('',(0.,-1.));
#10465 = ( GEOMETRIC_REPRESENTATION_CONTEXT(2)
PARAMETRIC_REPRESENTATION_CONTEXT() REPRESENTATION_CONTEXT('2D SPACE',''
  ) );
#10466 = PCURVE('',#9623,#10467);
#10467 = DEFINITIONAL_REPRESENTATION('',(#10468),#10472);
#10468 = LINE('',#10469,#10470);
#10469 = CARTESIAN_POINT('',(-0.,0.));
#10470 = VECTOR('',#10471,1.);
#10471 = DIRECTION('',(-0.,1.));
#10472 = ( GEOMETRIC_REPRESENTATION_CONTEXT(2)
PARAMETRIC_REPRESENTATION_CONTEXT() REPRESENTATION_CONTEXT('2D SPACE',''
  ) );
#10473 = ORIENTED_EDGE('',*,*,#9807,.F.);
#10474 = ORIENTED_EDGE('',*,*,#10475,.F.);
#10475 = EDGE_CURVE('',#9575,#9808,#10476,.T.);
#10476 = SURFACE_CURVE('',#10477,(#10481,#10488),.PCURVE_S1.);
#10477 = LINE('',#10478,#10479);
#10478 = CARTESIAN_POINT('',(13.55,-32.1,-0.55));
#10479 = VECTOR('',#10480,1.);
#10480 = DIRECTION('',(0.,0.,1.));
#10481 = PCURVE('',#9590,#10482);
#10482 = DEFINITIONAL_REPRESENTATION('',(#10483),#10487);
#10483 = LINE('',#10484,#10485);
#10484 = CARTESIAN_POINT('',(27.9,0.));
#10485 = VECTOR('',#10486,1.);
#10486 = DIRECTION('',(0.,-1.));
#10487 = ( GEOMETRIC_REPRESENTATION_CONTEXT(2)
PARAMETRIC_REPRESENTATION_CONTEXT() REPRESENTATION_CONTEXT('2D SPACE',''
  ) );
#10488 = PCURVE('',#9792,#10489);
#10489 = DEFINITIONAL_REPRESENTATION('',(#10490),#10494);
#10490 = LINE('',#10491,#10492);
#10491 = CARTESIAN_POINT('',(0.,0.));
#10492 = VECTOR('',#10493,1.);
#10493 = DIRECTION('',(0.,1.));
#10494 = ( GEOMETRIC_REPRESENTATION_CONTEXT(2)
PARAMETRIC_REPRESENTATION_CONTEXT() REPRESENTATION_CONTEXT('2D SPACE',''
  ) );
#10495 = ADVANCED_FACE('',(#10496),#9792,.F.);
#10496 = FACE_BOUND('',#10497,.F.);
#10497 = EDGE_LOOP('',(#10498,#10499,#10500,#10521));
#10498 = ORIENTED_EDGE('',*,*,#10475,.F.);
#10499 = ORIENTED_EDGE('',*,*,#9777,.T.);
#10500 = ORIENTED_EDGE('',*,*,#10501,.T.);
#10501 = EDGE_CURVE('',#9750,#9831,#10502,.T.);
#10502 = SURFACE_CURVE('',#10503,(#10507,#10514),.PCURVE_S1.);
#10503 = LINE('',#10504,#10505);
#10504 = CARTESIAN_POINT('',(14.35,-31.3,-0.55));
#10505 = VECTOR('',#10506,1.);
#10506 = DIRECTION('',(0.,0.,1.));
#10507 = PCURVE('',#9792,#10508);
#10508 = DEFINITIONAL_REPRESENTATION('',(#10509),#10513);
#10509 = LINE('',#10510,#10511);
#10510 = CARTESIAN_POINT('',(1.570796326795,0.));
#10511 = VECTOR('',#10512,1.);
#10512 = DIRECTION('',(0.,1.));
#10513 = ( GEOMETRIC_REPRESENTATION_CONTEXT(2)
PARAMETRIC_REPRESENTATION_CONTEXT() REPRESENTATION_CONTEXT('2D SPACE',''
  ) );
#10514 = PCURVE('',#9765,#10515);
#10515 = DEFINITIONAL_REPRESENTATION('',(#10516),#10520);
#10516 = LINE('',#10517,#10518);
#10517 = CARTESIAN_POINT('',(0.8,0.));
#10518 = VECTOR('',#10519,1.);
#10519 = DIRECTION('',(0.,-1.));
#10520 = ( GEOMETRIC_REPRESENTATION_CONTEXT(2)
PARAMETRIC_REPRESENTATION_CONTEXT() REPRESENTATION_CONTEXT('2D SPACE',''
  ) );
#10521 = ORIENTED_EDGE('',*,*,#9830,.F.);
#10522 = ADVANCED_FACE('',(#10523),#9765,.T.);
#10523 = FACE_BOUND('',#10524,.T.);
#10524 = EDGE_LOOP('',(#10525,#10526,#10527,#10528));
#10525 = ORIENTED_EDGE('',*,*,#9749,.F.);
#10526 = ORIENTED_EDGE('',*,*,#10501,.T.);
#10527 = ORIENTED_EDGE('',*,*,#9854,.F.);
#10528 = ORIENTED_EDGE('',*,*,#10529,.F.);
#10529 = EDGE_CURVE('',#9721,#9855,#10530,.T.);
#10530 = SURFACE_CURVE('',#10531,(#10535,#10542),.PCURVE_S1.);
#10531 = LINE('',#10532,#10533);
#10532 = CARTESIAN_POINT('',(14.35,31.3,-0.55));
#10533 = VECTOR('',#10534,1.);
#10534 = DIRECTION('',(0.,0.,1.));
#10535 = PCURVE('',#9765,#10536);
#10536 = DEFINITIONAL_REPRESENTATION('',(#10537),#10541);
#10537 = LINE('',#10538,#10539);
#10538 = CARTESIAN_POINT('',(63.4,0.));
#10539 = VECTOR('',#10540,1.);
#10540 = DIRECTION('',(0.,-1.));
#10541 = ( GEOMETRIC_REPRESENTATION_CONTEXT(2)
PARAMETRIC_REPRESENTATION_CONTEXT() REPRESENTATION_CONTEXT('2D SPACE',''
  ) );
#10542 = PCURVE('',#9737,#10543);
#10543 = DEFINITIONAL_REPRESENTATION('',(#10544),#10548);
#10544 = LINE('',#10545,#10546);
#10545 = CARTESIAN_POINT('',(0.,0.));
#10546 = VECTOR('',#10547,1.);
#10547 = DIRECTION('',(0.,1.));
#10548 = ( GEOMETRIC_REPRESENTATION_CONTEXT(2)
PARAMETRIC_REPRESENTATION_CONTEXT() REPRESENTATION_CONTEXT('2D SPACE',''
  ) );
#10549 = ADVANCED_FACE('',(#10550),#9737,.F.);
#10550 = FACE_BOUND('',#10551,.F.);
#10551 = EDGE_LOOP('',(#10552,#10553,#10554,#10575));
#10552 = ORIENTED_EDGE('',*,*,#10529,.F.);
#10553 = ORIENTED_EDGE('',*,*,#9720,.T.);
#10554 = ORIENTED_EDGE('',*,*,#10555,.T.);
#10555 = EDGE_CURVE('',#9693,#9876,#10556,.T.);
#10556 = SURFACE_CURVE('',#10557,(#10561,#10568),.PCURVE_S1.);
#10557 = LINE('',#10558,#10559);
#10558 = CARTESIAN_POINT('',(13.55,32.1,-0.55));
#10559 = VECTOR('',#10560,1.);
#10560 = DIRECTION('',(0.,0.,1.));
#10561 = PCURVE('',#9737,#10562);
#10562 = DEFINITIONAL_REPRESENTATION('',(#10563),#10567);
#10563 = LINE('',#10564,#10565);
#10564 = CARTESIAN_POINT('',(1.570796326795,0.));
#10565 = VECTOR('',#10566,1.);
#10566 = DIRECTION('',(0.,1.));
#10567 = ( GEOMETRIC_REPRESENTATION_CONTEXT(2)
PARAMETRIC_REPRESENTATION_CONTEXT() REPRESENTATION_CONTEXT('2D SPACE',''
  ) );
#10568 = PCURVE('',#9708,#10569);
#10569 = DEFINITIONAL_REPRESENTATION('',(#10570),#10574);
#10570 = LINE('',#10571,#10572);
#10571 = CARTESIAN_POINT('',(0.8,0.));
#10572 = VECTOR('',#10573,1.);
#10573 = DIRECTION('',(0.,-1.));
#10574 = ( GEOMETRIC_REPRESENTATION_CONTEXT(2)
PARAMETRIC_REPRESENTATION_CONTEXT() REPRESENTATION_CONTEXT('2D SPACE',''
  ) );
#10575 = ORIENTED_EDGE('',*,*,#9875,.F.);
#10576 = ADVANCED_FACE('',(#10577),#9708,.T.);
#10577 = FACE_BOUND('',#10578,.T.);
#10578 = EDGE_LOOP('',(#10579,#10580,#10581,#10582));
#10579 = ORIENTED_EDGE('',*,*,#9692,.F.);
#10580 = ORIENTED_EDGE('',*,*,#10555,.T.);
#10581 = ORIENTED_EDGE('',*,*,#9899,.F.);
#10582 = ORIENTED_EDGE('',*,*,#10583,.F.);
#10583 = EDGE_CURVE('',#9664,#9900,#10584,.T.);
#10584 = SURFACE_CURVE('',#10585,(#10589,#10596),.PCURVE_S1.);
#10585 = LINE('',#10586,#10587);
#10586 = CARTESIAN_POINT('',(-13.55,32.1,-0.55));
#10587 = VECTOR('',#10588,1.);
#10588 = DIRECTION('',(0.,0.,1.));
#10589 = PCURVE('',#9708,#10590);
#10590 = DEFINITIONAL_REPRESENTATION('',(#10591),#10595);
#10591 = LINE('',#10592,#10593);
#10592 = CARTESIAN_POINT('',(27.9,0.));
#10593 = VECTOR('',#10594,1.);
#10594 = DIRECTION('',(0.,-1.));
#10595 = ( GEOMETRIC_REPRESENTATION_CONTEXT(2)
PARAMETRIC_REPRESENTATION_CONTEXT() REPRESENTATION_CONTEXT('2D SPACE',''
  ) );
#10596 = PCURVE('',#9680,#10597);
#10597 = DEFINITIONAL_REPRESENTATION('',(#10598),#10602);
#10598 = LINE('',#10599,#10600);
#10599 = CARTESIAN_POINT('',(0.,0.));
#10600 = VECTOR('',#10601,1.);
#10601 = DIRECTION('',(0.,1.));
#10602 = ( GEOMETRIC_REPRESENTATION_CONTEXT(2)
PARAMETRIC_REPRESENTATION_CONTEXT() REPRESENTATION_CONTEXT('2D SPACE',''
  ) );
#10603 = ADVANCED_FACE('',(#10604),#9680,.F.);
#10604 = FACE_BOUND('',#10605,.F.);
#10605 = EDGE_LOOP('',(#10606,#10607,#10608,#10629));
#10606 = ORIENTED_EDGE('',*,*,#10583,.F.);
#10607 = ORIENTED_EDGE('',*,*,#9663,.T.);
#10608 = ORIENTED_EDGE('',*,*,#10609,.T.);
#10609 = EDGE_CURVE('',#9636,#9921,#10610,.T.);
#10610 = SURFACE_CURVE('',#10611,(#10615,#10622),.PCURVE_S1.);
#10611 = LINE('',#10612,#10613);
#10612 = CARTESIAN_POINT('',(-14.35,31.3,-0.55));
#10613 = VECTOR('',#10614,1.);
#10614 = DIRECTION('',(0.,0.,1.));
#10615 = PCURVE('',#9680,#10616);
#10616 = DEFINITIONAL_REPRESENTATION('',(#10617),#10621);
#10617 = LINE('',#10618,#10619);
#10618 = CARTESIAN_POINT('',(1.570796326795,0.));
#10619 = VECTOR('',#10620,1.);
#10620 = DIRECTION('',(0.,1.));
#10621 = ( GEOMETRIC_REPRESENTATION_CONTEXT(2)
PARAMETRIC_REPRESENTATION_CONTEXT() REPRESENTATION_CONTEXT('2D SPACE',''
  ) );
#10622 = PCURVE('',#9651,#10623);
#10623 = DEFINITIONAL_REPRESENTATION('',(#10624),#10628);
#10624 = LINE('',#10625,#10626);
#10625 = CARTESIAN_POINT('',(0.8,0.));
#10626 = VECTOR('',#10627,1.);
#10627 = DIRECTION('',(0.,-1.));
#10628 = ( GEOMETRIC_REPRESENTATION_CONTEXT(2)
PARAMETRIC_REPRESENTATION_CONTEXT() REPRESENTATION_CONTEXT('2D SPACE',''
  ) );
#10629 = ORIENTED_EDGE('',*,*,#9920,.F.);
#10630 = ADVANCED_FACE('',(#10631),#9651,.T.);
#10631 = FACE_BOUND('',#10632,.T.);
#10632 = EDGE_LOOP('',(#10633,#10634,#10635,#10636));
#10633 = ORIENTED_EDGE('',*,*,#9635,.F.);
#10634 = ORIENTED_EDGE('',*,*,#10609,.T.);
#10635 = ORIENTED_EDGE('',*,*,#9944,.F.);
#10636 = ORIENTED_EDGE('',*,*,#10637,.F.);
#10637 = EDGE_CURVE('',#9603,#9945,#10638,.T.);
#10638 = SURFACE_CURVE('',#10639,(#10643,#10650),.PCURVE_S1.);
#10639 = LINE('',#10640,#10641);
#10640 = CARTESIAN_POINT('',(-14.35,-31.3,-0.55));
#10641 = VECTOR('',#10642,1.);
#10642 = DIRECTION('',(0.,0.,1.));
#10643 = PCURVE('',#9651,#10644);
#10644 = DEFINITIONAL_REPRESENTATION('',(#10645),#10649);
#10645 = LINE('',#10646,#10647);
#10646 = CARTESIAN_POINT('',(63.4,0.));
#10647 = VECTOR('',#10648,1.);
#10648 = DIRECTION('',(0.,-1.));
#10649 = ( GEOMETRIC_REPRESENTATION_CONTEXT(2)
PARAMETRIC_REPRESENTATION_CONTEXT() REPRESENTATION_CONTEXT('2D SPACE',''
  ) );
#10650 = PCURVE('',#9623,#10651);
#10651 = DEFINITIONAL_REPRESENTATION('',(#10652),#10656);
#10652 = LINE('',#10653,#10654);
#10653 = CARTESIAN_POINT('',(-1.570796326795,0.));
#10654 = VECTOR('',#10655,1.);
#10655 = DIRECTION('',(-0.,1.));
#10656 = ( GEOMETRIC_REPRESENTATION_CONTEXT(2)
PARAMETRIC_REPRESENTATION_CONTEXT() REPRESENTATION_CONTEXT('2D SPACE',''
  ) );
#10657 = ADVANCED_FACE('',(#10658),#9623,.F.);
#10658 = FACE_BOUND('',#10659,.T.);
#10659 = EDGE_LOOP('',(#10660,#10661,#10662,#10663));
#10660 = ORIENTED_EDGE('',*,*,#10453,.F.);
#10661 = ORIENTED_EDGE('',*,*,#9602,.T.);
#10662 = ORIENTED_EDGE('',*,*,#10637,.T.);
#10663 = ORIENTED_EDGE('',*,*,#9965,.T.);
#10664 = ADVANCED_FACE('',(#10665),#10007,.F.);
#10665 = FACE_BOUND('',#10666,.F.);
#10666 = EDGE_LOOP('',(#10667,#10690,#10718,#10739));
#10667 = ORIENTED_EDGE('',*,*,#10668,.F.);
#10668 = EDGE_CURVE('',#10669,#9990,#10671,.T.);
#10669 = VERTEX_POINT('',#10670);
#10670 = CARTESIAN_POINT('',(-14.25,-30.5,-0.9));
#10671 = SURFACE_CURVE('',#10672,(#10676,#10683),.PCURVE_S1.);
#10672 = LINE('',#10673,#10674);
#10673 = CARTESIAN_POINT('',(-14.25,-30.5,-0.9));
#10674 = VECTOR('',#10675,1.);
#10675 = DIRECTION('',(0.,0.,1.));
#10676 = PCURVE('',#10007,#10677);
#10677 = DEFINITIONAL_REPRESENTATION('',(#10678),#10682);
#10678 = LINE('',#10679,#10680);
#10679 = CARTESIAN_POINT('',(0.,0.));
#10680 = VECTOR('',#10681,1.);
#10681 = DIRECTION('',(1.,0.));
#10682 = ( GEOMETRIC_REPRESENTATION_CONTEXT(2)
PARAMETRIC_REPRESENTATION_CONTEXT() REPRESENTATION_CONTEXT('2D SPACE',''
  ) );
#10683 = PCURVE('',#10089,#10684);
#10684 = DEFINITIONAL_REPRESENTATION('',(#10685),#10689);
#10685 = LINE('',#10686,#10687);
#10686 = CARTESIAN_POINT('',(0.,0.));
#10687 = VECTOR('',#10688,1.);
#10688 = DIRECTION('',(1.,0.));
#10689 = ( GEOMETRIC_REPRESENTATION_CONTEXT(2)
PARAMETRIC_REPRESENTATION_CONTEXT() REPRESENTATION_CONTEXT('2D SPACE',''
  ) );
#10690 = ORIENTED_EDGE('',*,*,#10691,.T.);
#10691 = EDGE_CURVE('',#10669,#10692,#10694,.T.);
#10692 = VERTEX_POINT('',#10693);
#10693 = CARTESIAN_POINT('',(-14.25,-23.5,-0.9));
#10694 = SURFACE_CURVE('',#10695,(#10699,#10706),.PCURVE_S1.);
#10695 = LINE('',#10696,#10697);
#10696 = CARTESIAN_POINT('',(-14.25,-30.5,-0.9));
#10697 = VECTOR('',#10698,1.);
#10698 = DIRECTION('',(0.,1.,0.));
#10699 = PCURVE('',#10007,#10700);
#10700 = DEFINITIONAL_REPRESENTATION('',(#10701),#10705);
#10701 = LINE('',#10702,#10703);
#10702 = CARTESIAN_POINT('',(0.,0.));
#10703 = VECTOR('',#10704,1.);
#10704 = DIRECTION('',(0.,-1.));
#10705 = ( GEOMETRIC_REPRESENTATION_CONTEXT(2)
PARAMETRIC_REPRESENTATION_CONTEXT() REPRESENTATION_CONTEXT('2D SPACE',''
  ) );
#10706 = PCURVE('',#10707,#10712);
#10707 = PLANE('',#10708);
#10708 = AXIS2_PLACEMENT_3D('',#10709,#10710,#10711);
#10709 = CARTESIAN_POINT('',(-14.25,-30.5,-0.9));
#10710 = DIRECTION('',(0.,0.,1.));
#10711 = DIRECTION('',(1.,0.,0.));
#10712 = DEFINITIONAL_REPRESENTATION('',(#10713),#10717);
#10713 = LINE('',#10714,#10715);
#10714 = CARTESIAN_POINT('',(0.,0.));
#10715 = VECTOR('',#10716,1.);
#10716 = DIRECTION('',(0.,1.));
#10717 = ( GEOMETRIC_REPRESENTATION_CONTEXT(2)
PARAMETRIC_REPRESENTATION_CONTEXT() REPRESENTATION_CONTEXT('2D SPACE',''
  ) );
#10718 = ORIENTED_EDGE('',*,*,#10719,.T.);
#10719 = EDGE_CURVE('',#10692,#9992,#10720,.T.);
#10720 = SURFACE_CURVE('',#10721,(#10725,#10732),.PCURVE_S1.);
#10721 = LINE('',#10722,#10723);
#10722 = CARTESIAN_POINT('',(-14.25,-23.5,-0.9));
#10723 = VECTOR('',#10724,1.);
#10724 = DIRECTION('',(0.,0.,1.));
#10725 = PCURVE('',#10007,#10726);
#10726 = DEFINITIONAL_REPRESENTATION('',(#10727),#10731);
#10727 = LINE('',#10728,#10729);
#10728 = CARTESIAN_POINT('',(0.,-7.));
#10729 = VECTOR('',#10730,1.);
#10730 = DIRECTION('',(1.,0.));
#10731 = ( GEOMETRIC_REPRESENTATION_CONTEXT(2)
PARAMETRIC_REPRESENTATION_CONTEXT() REPRESENTATION_CONTEXT('2D SPACE',''
  ) );
#10732 = PCURVE('',#10035,#10733);
#10733 = DEFINITIONAL_REPRESENTATION('',(#10734),#10738);
#10734 = LINE('',#10735,#10736);
#10735 = CARTESIAN_POINT('',(0.,0.));
#10736 = VECTOR('',#10737,1.);
#10737 = DIRECTION('',(1.,0.));
#10738 = ( GEOMETRIC_REPRESENTATION_CONTEXT(2)
PARAMETRIC_REPRESENTATION_CONTEXT() REPRESENTATION_CONTEXT('2D SPACE',''
  ) );
#10739 = ORIENTED_EDGE('',*,*,#9989,.F.);
#10740 = ADVANCED_FACE('',(#10741),#10035,.T.);
#10741 = FACE_BOUND('',#10742,.T.);
#10742 = EDGE_LOOP('',(#10743,#10766,#10767,#10768));
#10743 = ORIENTED_EDGE('',*,*,#10744,.F.);
#10744 = EDGE_CURVE('',#10692,#10745,#10747,.T.);
#10745 = VERTEX_POINT('',#10746);
#10746 = CARTESIAN_POINT('',(-10.25,-23.5,-0.9));
#10747 = SURFACE_CURVE('',#10748,(#10752,#10759),.PCURVE_S1.);
#10748 = LINE('',#10749,#10750);
#10749 = CARTESIAN_POINT('',(-14.25,-23.5,-0.9));
#10750 = VECTOR('',#10751,1.);
#10751 = DIRECTION('',(1.,0.,0.));
#10752 = PCURVE('',#10035,#10753);
#10753 = DEFINITIONAL_REPRESENTATION('',(#10754),#10758);
#10754 = LINE('',#10755,#10756);
#10755 = CARTESIAN_POINT('',(0.,0.));
#10756 = VECTOR('',#10757,1.);
#10757 = DIRECTION('',(0.,1.));
#10758 = ( GEOMETRIC_REPRESENTATION_CONTEXT(2)
PARAMETRIC_REPRESENTATION_CONTEXT() REPRESENTATION_CONTEXT('2D SPACE',''
  ) );
#10759 = PCURVE('',#10707,#10760);
#10760 = DEFINITIONAL_REPRESENTATION('',(#10761),#10765);
#10761 = LINE('',#10762,#10763);
#10762 = CARTESIAN_POINT('',(0.,7.));
#10763 = VECTOR('',#10764,1.);
#10764 = DIRECTION('',(1.,0.));
#10765 = ( GEOMETRIC_REPRESENTATION_CONTEXT(2)
PARAMETRIC_REPRESENTATION_CONTEXT() REPRESENTATION_CONTEXT('2D SPACE',''
  ) );
#10766 = ORIENTED_EDGE('',*,*,#10719,.T.);
#10767 = ORIENTED_EDGE('',*,*,#10019,.T.);
#10768 = ORIENTED_EDGE('',*,*,#10769,.F.);
#10769 = EDGE_CURVE('',#10745,#10020,#10770,.T.);
#10770 = SURFACE_CURVE('',#10771,(#10775,#10782),.PCURVE_S1.);
#10771 = LINE('',#10772,#10773);
#10772 = CARTESIAN_POINT('',(-10.25,-23.5,-0.9));
#10773 = VECTOR('',#10774,1.);
#10774 = DIRECTION('',(0.,0.,1.));
#10775 = PCURVE('',#10035,#10776);
#10776 = DEFINITIONAL_REPRESENTATION('',(#10777),#10781);
#10777 = LINE('',#10778,#10779);
#10778 = CARTESIAN_POINT('',(0.,4.));
#10779 = VECTOR('',#10780,1.);
#10780 = DIRECTION('',(1.,0.));
#10781 = ( GEOMETRIC_REPRESENTATION_CONTEXT(2)
PARAMETRIC_REPRESENTATION_CONTEXT() REPRESENTATION_CONTEXT('2D SPACE',''
  ) );
#10782 = PCURVE('',#10063,#10783);
#10783 = DEFINITIONAL_REPRESENTATION('',(#10784),#10788);
#10784 = LINE('',#10785,#10786);
#10785 = CARTESIAN_POINT('',(0.,-7.));
#10786 = VECTOR('',#10787,1.);
#10787 = DIRECTION('',(1.,0.));
#10788 = ( GEOMETRIC_REPRESENTATION_CONTEXT(2)
PARAMETRIC_REPRESENTATION_CONTEXT() REPRESENTATION_CONTEXT('2D SPACE',''
  ) );
#10789 = ADVANCED_FACE('',(#10790),#10089,.F.);
#10790 = FACE_BOUND('',#10791,.F.);
#10791 = EDGE_LOOP('',(#10792,#10815,#10816,#10817));
#10792 = ORIENTED_EDGE('',*,*,#10793,.F.);
#10793 = EDGE_CURVE('',#10669,#10794,#10796,.T.);
#10794 = VERTEX_POINT('',#10795);
#10795 = CARTESIAN_POINT('',(-10.25,-30.5,-0.9));
#10796 = SURFACE_CURVE('',#10797,(#10801,#10808),.PCURVE_S1.);
#10797 = LINE('',#10798,#10799);
#10798 = CARTESIAN_POINT('',(-14.25,-30.5,-0.9));
#10799 = VECTOR('',#10800,1.);
#10800 = DIRECTION('',(1.,0.,0.));
#10801 = PCURVE('',#10089,#10802);
#10802 = DEFINITIONAL_REPRESENTATION('',(#10803),#10807);
#10803 = LINE('',#10804,#10805);
#10804 = CARTESIAN_POINT('',(0.,0.));
#10805 = VECTOR('',#10806,1.);
#10806 = DIRECTION('',(0.,1.));
#10807 = ( GEOMETRIC_REPRESENTATION_CONTEXT(2)
PARAMETRIC_REPRESENTATION_CONTEXT() REPRESENTATION_CONTEXT('2D SPACE',''
  ) );
#10808 = PCURVE('',#10707,#10809);
#10809 = DEFINITIONAL_REPRESENTATION('',(#10810),#10814);
#10810 = LINE('',#10811,#10812);
#10811 = CARTESIAN_POINT('',(0.,0.));
#10812 = VECTOR('',#10813,1.);
#10813 = DIRECTION('',(1.,0.));
#10814 = ( GEOMETRIC_REPRESENTATION_CONTEXT(2)
PARAMETRIC_REPRESENTATION_CONTEXT() REPRESENTATION_CONTEXT('2D SPACE',''
  ) );
#10815 = ORIENTED_EDGE('',*,*,#10668,.T.);
#10816 = ORIENTED_EDGE('',*,*,#10075,.T.);
#10817 = ORIENTED_EDGE('',*,*,#10818,.F.);
#10818 = EDGE_CURVE('',#10794,#10048,#10819,.T.);
#10819 = SURFACE_CURVE('',#10820,(#10824,#10831),.PCURVE_S1.);
#10820 = LINE('',#10821,#10822);
#10821 = CARTESIAN_POINT('',(-10.25,-30.5,-0.9));
#10822 = VECTOR('',#10823,1.);
#10823 = DIRECTION('',(0.,0.,1.));
#10824 = PCURVE('',#10089,#10825);
#10825 = DEFINITIONAL_REPRESENTATION('',(#10826),#10830);
#10826 = LINE('',#10827,#10828);
#10827 = CARTESIAN_POINT('',(0.,4.));
#10828 = VECTOR('',#10829,1.);
#10829 = DIRECTION('',(1.,0.));
#10830 = ( GEOMETRIC_REPRESENTATION_CONTEXT(2)
PARAMETRIC_REPRESENTATION_CONTEXT() REPRESENTATION_CONTEXT('2D SPACE',''
  ) );
#10831 = PCURVE('',#10063,#10832);
#10832 = DEFINITIONAL_REPRESENTATION('',(#10833),#10837);
#10833 = LINE('',#10834,#10835);
#10834 = CARTESIAN_POINT('',(0.,0.));
#10835 = VECTOR('',#10836,1.);
#10836 = DIRECTION('',(1.,0.));
#10837 = ( GEOMETRIC_REPRESENTATION_CONTEXT(2)
PARAMETRIC_REPRESENTATION_CONTEXT() REPRESENTATION_CONTEXT('2D SPACE',''
  ) );
#10838 = ADVANCED_FACE('',(#10839),#10063,.T.);
#10839 = FACE_BOUND('',#10840,.T.);
#10840 = EDGE_LOOP('',(#10841,#10842,#10863,#10864));
#10841 = ORIENTED_EDGE('',*,*,#10818,.F.);
#10842 = ORIENTED_EDGE('',*,*,#10843,.T.);
#10843 = EDGE_CURVE('',#10794,#10745,#10844,.T.);
#10844 = SURFACE_CURVE('',#10845,(#10849,#10856),.PCURVE_S1.);
#10845 = LINE('',#10846,#10847);
#10846 = CARTESIAN_POINT('',(-10.25,-30.5,-0.9));
#10847 = VECTOR('',#10848,1.);
#10848 = DIRECTION('',(0.,1.,0.));
#10849 = PCURVE('',#10063,#10850);
#10850 = DEFINITIONAL_REPRESENTATION('',(#10851),#10855);
#10851 = LINE('',#10852,#10853);
#10852 = CARTESIAN_POINT('',(0.,0.));
#10853 = VECTOR('',#10854,1.);
#10854 = DIRECTION('',(0.,-1.));
#10855 = ( GEOMETRIC_REPRESENTATION_CONTEXT(2)
PARAMETRIC_REPRESENTATION_CONTEXT() REPRESENTATION_CONTEXT('2D SPACE',''
  ) );
#10856 = PCURVE('',#10707,#10857);
#10857 = DEFINITIONAL_REPRESENTATION('',(#10858),#10862);
#10858 = LINE('',#10859,#10860);
#10859 = CARTESIAN_POINT('',(4.,0.));
#10860 = VECTOR('',#10861,1.);
#10861 = DIRECTION('',(0.,1.));
#10862 = ( GEOMETRIC_REPRESENTATION_CONTEXT(2)
PARAMETRIC_REPRESENTATION_CONTEXT() REPRESENTATION_CONTEXT('2D SPACE',''
  ) );
#10863 = ORIENTED_EDGE('',*,*,#10769,.T.);
#10864 = ORIENTED_EDGE('',*,*,#10047,.F.);
#10865 = ADVANCED_FACE('',(#10866),#10127,.F.);
#10866 = FACE_BOUND('',#10867,.F.);
#10867 = EDGE_LOOP('',(#10868,#10891,#10919,#10940));
#10868 = ORIENTED_EDGE('',*,*,#10869,.F.);
#10869 = EDGE_CURVE('',#10870,#10110,#10872,.T.);
#10870 = VERTEX_POINT('',#10871);
#10871 = CARTESIAN_POINT('',(10.25,-30.5,-0.9));
#10872 = SURFACE_CURVE('',#10873,(#10877,#10884),.PCURVE_S1.);
#10873 = LINE('',#10874,#10875);
#10874 = CARTESIAN_POINT('',(10.25,-30.5,-0.9));
#10875 = VECTOR('',#10876,1.);
#10876 = DIRECTION('',(0.,0.,1.));
#10877 = PCURVE('',#10127,#10878);
#10878 = DEFINITIONAL_REPRESENTATION('',(#10879),#10883);
#10879 = LINE('',#10880,#10881);
#10880 = CARTESIAN_POINT('',(0.,0.));
#10881 = VECTOR('',#10882,1.);
#10882 = DIRECTION('',(1.,0.));
#10883 = ( GEOMETRIC_REPRESENTATION_CONTEXT(2)
PARAMETRIC_REPRESENTATION_CONTEXT() REPRESENTATION_CONTEXT('2D SPACE',''
  ) );
#10884 = PCURVE('',#10209,#10885);
#10885 = DEFINITIONAL_REPRESENTATION('',(#10886),#10890);
#10886 = LINE('',#10887,#10888);
#10887 = CARTESIAN_POINT('',(0.,0.));
#10888 = VECTOR('',#10889,1.);
#10889 = DIRECTION('',(1.,0.));
#10890 = ( GEOMETRIC_REPRESENTATION_CONTEXT(2)
PARAMETRIC_REPRESENTATION_CONTEXT() REPRESENTATION_CONTEXT('2D SPACE',''
  ) );
#10891 = ORIENTED_EDGE('',*,*,#10892,.T.);
#10892 = EDGE_CURVE('',#10870,#10893,#10895,.T.);
#10893 = VERTEX_POINT('',#10894);
#10894 = CARTESIAN_POINT('',(10.25,-23.5,-0.9));
#10895 = SURFACE_CURVE('',#10896,(#10900,#10907),.PCURVE_S1.);
#10896 = LINE('',#10897,#10898);
#10897 = CARTESIAN_POINT('',(10.25,-30.5,-0.9));
#10898 = VECTOR('',#10899,1.);
#10899 = DIRECTION('',(0.,1.,0.));
#10900 = PCURVE('',#10127,#10901);
#10901 = DEFINITIONAL_REPRESENTATION('',(#10902),#10906);
#10902 = LINE('',#10903,#10904);
#10903 = CARTESIAN_POINT('',(0.,0.));
#10904 = VECTOR('',#10905,1.);
#10905 = DIRECTION('',(0.,-1.));
#10906 = ( GEOMETRIC_REPRESENTATION_CONTEXT(2)
PARAMETRIC_REPRESENTATION_CONTEXT() REPRESENTATION_CONTEXT('2D SPACE',''
  ) );
#10907 = PCURVE('',#10908,#10913);
#10908 = PLANE('',#10909);
#10909 = AXIS2_PLACEMENT_3D('',#10910,#10911,#10912);
#10910 = CARTESIAN_POINT('',(10.25,-30.5,-0.9));
#10911 = DIRECTION('',(0.,0.,1.));
#10912 = DIRECTION('',(1.,0.,0.));
#10913 = DEFINITIONAL_REPRESENTATION('',(#10914),#10918);
#10914 = LINE('',#10915,#10916);
#10915 = CARTESIAN_POINT('',(0.,0.));
#10916 = VECTOR('',#10917,1.);
#10917 = DIRECTION('',(0.,1.));
#10918 = ( GEOMETRIC_REPRESENTATION_CONTEXT(2)
PARAMETRIC_REPRESENTATION_CONTEXT() REPRESENTATION_CONTEXT('2D SPACE',''
  ) );
#10919 = ORIENTED_EDGE('',*,*,#10920,.T.);
#10920 = EDGE_CURVE('',#10893,#10112,#10921,.T.);
#10921 = SURFACE_CURVE('',#10922,(#10926,#10933),.PCURVE_S1.);
#10922 = LINE('',#10923,#10924);
#10923 = CARTESIAN_POINT('',(10.25,-23.5,-0.9));
#10924 = VECTOR('',#10925,1.);
#10925 = DIRECTION('',(0.,0.,1.));
#10926 = PCURVE('',#10127,#10927);
#10927 = DEFINITIONAL_REPRESENTATION('',(#10928),#10932);
#10928 = LINE('',#10929,#10930);
#10929 = CARTESIAN_POINT('',(0.,-7.));
#10930 = VECTOR('',#10931,1.);
#10931 = DIRECTION('',(1.,0.));
#10932 = ( GEOMETRIC_REPRESENTATION_CONTEXT(2)
PARAMETRIC_REPRESENTATION_CONTEXT() REPRESENTATION_CONTEXT('2D SPACE',''
  ) );
#10933 = PCURVE('',#10155,#10934);
#10934 = DEFINITIONAL_REPRESENTATION('',(#10935),#10939);
#10935 = LINE('',#10936,#10937);
#10936 = CARTESIAN_POINT('',(0.,0.));
#10937 = VECTOR('',#10938,1.);
#10938 = DIRECTION('',(1.,0.));
#10939 = ( GEOMETRIC_REPRESENTATION_CONTEXT(2)
PARAMETRIC_REPRESENTATION_CONTEXT() REPRESENTATION_CONTEXT('2D SPACE',''
  ) );
#10940 = ORIENTED_EDGE('',*,*,#10109,.F.);
#10941 = ADVANCED_FACE('',(#10942),#10155,.T.);
#10942 = FACE_BOUND('',#10943,.T.);
#10943 = EDGE_LOOP('',(#10944,#10967,#10968,#10969));
#10944 = ORIENTED_EDGE('',*,*,#10945,.F.);
#10945 = EDGE_CURVE('',#10893,#10946,#10948,.T.);
#10946 = VERTEX_POINT('',#10947);
#10947 = CARTESIAN_POINT('',(14.25,-23.5,-0.9));
#10948 = SURFACE_CURVE('',#10949,(#10953,#10960),.PCURVE_S1.);
#10949 = LINE('',#10950,#10951);
#10950 = CARTESIAN_POINT('',(10.25,-23.5,-0.9));
#10951 = VECTOR('',#10952,1.);
#10952 = DIRECTION('',(1.,0.,0.));
#10953 = PCURVE('',#10155,#10954);
#10954 = DEFINITIONAL_REPRESENTATION('',(#10955),#10959);
#10955 = LINE('',#10956,#10957);
#10956 = CARTESIAN_POINT('',(0.,0.));
#10957 = VECTOR('',#10958,1.);
#10958 = DIRECTION('',(0.,1.));
#10959 = ( GEOMETRIC_REPRESENTATION_CONTEXT(2)
PARAMETRIC_REPRESENTATION_CONTEXT() REPRESENTATION_CONTEXT('2D SPACE',''
  ) );
#10960 = PCURVE('',#10908,#10961);
#10961 = DEFINITIONAL_REPRESENTATION('',(#10962),#10966);
#10962 = LINE('',#10963,#10964);
#10963 = CARTESIAN_POINT('',(0.,7.));
#10964 = VECTOR('',#10965,1.);
#10965 = DIRECTION('',(1.,0.));
#10966 = ( GEOMETRIC_REPRESENTATION_CONTEXT(2)
PARAMETRIC_REPRESENTATION_CONTEXT() REPRESENTATION_CONTEXT('2D SPACE',''
  ) );
#10967 = ORIENTED_EDGE('',*,*,#10920,.T.);
#10968 = ORIENTED_EDGE('',*,*,#10139,.T.);
#10969 = ORIENTED_EDGE('',*,*,#10970,.F.);
#10970 = EDGE_CURVE('',#10946,#10140,#10971,.T.);
#10971 = SURFACE_CURVE('',#10972,(#10976,#10983),.PCURVE_S1.);
#10972 = LINE('',#10973,#10974);
#10973 = CARTESIAN_POINT('',(14.25,-23.5,-0.9));
#10974 = VECTOR('',#10975,1.);
#10975 = DIRECTION('',(0.,0.,1.));
#10976 = PCURVE('',#10155,#10977);
#10977 = DEFINITIONAL_REPRESENTATION('',(#10978),#10982);
#10978 = LINE('',#10979,#10980);
#10979 = CARTESIAN_POINT('',(0.,4.));
#10980 = VECTOR('',#10981,1.);
#10981 = DIRECTION('',(1.,0.));
#10982 = ( GEOMETRIC_REPRESENTATION_CONTEXT(2)
PARAMETRIC_REPRESENTATION_CONTEXT() REPRESENTATION_CONTEXT('2D SPACE',''
  ) );
#10983 = PCURVE('',#10183,#10984);
#10984 = DEFINITIONAL_REPRESENTATION('',(#10985),#10989);
#10985 = LINE('',#10986,#10987);
#10986 = CARTESIAN_POINT('',(0.,-7.));
#10987 = VECTOR('',#10988,1.);
#10988 = DIRECTION('',(1.,0.));
#10989 = ( GEOMETRIC_REPRESENTATION_CONTEXT(2)
PARAMETRIC_REPRESENTATION_CONTEXT() REPRESENTATION_CONTEXT('2D SPACE',''
  ) );
#10990 = ADVANCED_FACE('',(#10991),#10209,.F.);
#10991 = FACE_BOUND('',#10992,.F.);
#10992 = EDGE_LOOP('',(#10993,#11016,#11017,#11018));
#10993 = ORIENTED_EDGE('',*,*,#10994,.F.);
#10994 = EDGE_CURVE('',#10870,#10995,#10997,.T.);
#10995 = VERTEX_POINT('',#10996);
#10996 = CARTESIAN_POINT('',(14.25,-30.5,-0.9));
#10997 = SURFACE_CURVE('',#10998,(#11002,#11009),.PCURVE_S1.);
#10998 = LINE('',#10999,#11000);
#10999 = CARTESIAN_POINT('',(10.25,-30.5,-0.9));
#11000 = VECTOR('',#11001,1.);
#11001 = DIRECTION('',(1.,0.,0.));
#11002 = PCURVE('',#10209,#11003);
#11003 = DEFINITIONAL_REPRESENTATION('',(#11004),#11008);
#11004 = LINE('',#11005,#11006);
#11005 = CARTESIAN_POINT('',(0.,0.));
#11006 = VECTOR('',#11007,1.);
#11007 = DIRECTION('',(0.,1.));
#11008 = ( GEOMETRIC_REPRESENTATION_CONTEXT(2)
PARAMETRIC_REPRESENTATION_CONTEXT() REPRESENTATION_CONTEXT('2D SPACE',''
  ) );
#11009 = PCURVE('',#10908,#11010);
#11010 = DEFINITIONAL_REPRESENTATION('',(#11011),#11015);
#11011 = LINE('',#11012,#11013);
#11012 = CARTESIAN_POINT('',(0.,0.));
#11013 = VECTOR('',#11014,1.);
#11014 = DIRECTION('',(1.,0.));
#11015 = ( GEOMETRIC_REPRESENTATION_CONTEXT(2)
PARAMETRIC_REPRESENTATION_CONTEXT() REPRESENTATION_CONTEXT('2D SPACE',''
  ) );
#11016 = ORIENTED_EDGE('',*,*,#10869,.T.);
#11017 = ORIENTED_EDGE('',*,*,#10195,.T.);
#11018 = ORIENTED_EDGE('',*,*,#11019,.F.);
#11019 = EDGE_CURVE('',#10995,#10168,#11020,.T.);
#11020 = SURFACE_CURVE('',#11021,(#11025,#11032),.PCURVE_S1.);
#11021 = LINE('',#11022,#11023);
#11022 = CARTESIAN_POINT('',(14.25,-30.5,-0.9));
#11023 = VECTOR('',#11024,1.);
#11024 = DIRECTION('',(0.,0.,1.));
#11025 = PCURVE('',#10209,#11026);
#11026 = DEFINITIONAL_REPRESENTATION('',(#11027),#11031);
#11027 = LINE('',#11028,#11029);
#11028 = CARTESIAN_POINT('',(0.,4.));
#11029 = VECTOR('',#11030,1.);
#11030 = DIRECTION('',(1.,0.));
#11031 = ( GEOMETRIC_REPRESENTATION_CONTEXT(2)
PARAMETRIC_REPRESENTATION_CONTEXT() REPRESENTATION_CONTEXT('2D SPACE',''
  ) );
#11032 = PCURVE('',#10183,#11033);
#11033 = DEFINITIONAL_REPRESENTATION('',(#11034),#11038);
#11034 = LINE('',#11035,#11036);
#11035 = CARTESIAN_POINT('',(0.,0.));
#11036 = VECTOR('',#11037,1.);
#11037 = DIRECTION('',(1.,0.));
#11038 = ( GEOMETRIC_REPRESENTATION_CONTEXT(2)
PARAMETRIC_REPRESENTATION_CONTEXT() REPRESENTATION_CONTEXT('2D SPACE',''
  ) );
#11039 = ADVANCED_FACE('',(#11040),#10183,.T.);
#11040 = FACE_BOUND('',#11041,.T.);
#11041 = EDGE_LOOP('',(#11042,#11043,#11064,#11065));
#11042 = ORIENTED_EDGE('',*,*,#11019,.F.);
#11043 = ORIENTED_EDGE('',*,*,#11044,.T.);
#11044 = EDGE_CURVE('',#10995,#10946,#11045,.T.);
#11045 = SURFACE_CURVE('',#11046,(#11050,#11057),.PCURVE_S1.);
#11046 = LINE('',#11047,#11048);
#11047 = CARTESIAN_POINT('',(14.25,-30.5,-0.9));
#11048 = VECTOR('',#11049,1.);
#11049 = DIRECTION('',(0.,1.,0.));
#11050 = PCURVE('',#10183,#11051);
#11051 = DEFINITIONAL_REPRESENTATION('',(#11052),#11056);
#11052 = LINE('',#11053,#11054);
#11053 = CARTESIAN_POINT('',(0.,0.));
#11054 = VECTOR('',#11055,1.);
#11055 = DIRECTION('',(0.,-1.));
#11056 = ( GEOMETRIC_REPRESENTATION_CONTEXT(2)
PARAMETRIC_REPRESENTATION_CONTEXT() REPRESENTATION_CONTEXT('2D SPACE',''
  ) );
#11057 = PCURVE('',#10908,#11058);
#11058 = DEFINITIONAL_REPRESENTATION('',(#11059),#11063);
#11059 = LINE('',#11060,#11061);
#11060 = CARTESIAN_POINT('',(4.,0.));
#11061 = VECTOR('',#11062,1.);
#11062 = DIRECTION('',(0.,1.));
#11063 = ( GEOMETRIC_REPRESENTATION_CONTEXT(2)
PARAMETRIC_REPRESENTATION_CONTEXT() REPRESENTATION_CONTEXT('2D SPACE',''
  ) );
#11064 = ORIENTED_EDGE('',*,*,#10970,.T.);
#11065 = ORIENTED_EDGE('',*,*,#10167,.F.);
#11066 = ADVANCED_FACE('',(#11067),#10241,.F.);
#11067 = FACE_BOUND('',#11068,.F.);
#11068 = EDGE_LOOP('',(#11069,#11092,#11120,#11141));
#11069 = ORIENTED_EDGE('',*,*,#11070,.F.);
#11070 = EDGE_CURVE('',#11071,#10224,#11073,.T.);
#11071 = VERTEX_POINT('',#11072);
#11072 = CARTESIAN_POINT('',(-14.25,6.5,-0.9));
#11073 = SURFACE_CURVE('',#11074,(#11078,#11085),.PCURVE_S1.);
#11074 = LINE('',#11075,#11076);
#11075 = CARTESIAN_POINT('',(-14.25,6.5,-0.9));
#11076 = VECTOR('',#11077,1.);
#11077 = DIRECTION('',(0.,0.,1.));
#11078 = PCURVE('',#10241,#11079);
#11079 = DEFINITIONAL_REPRESENTATION('',(#11080),#11084);
#11080 = LINE('',#11081,#11082);
#11081 = CARTESIAN_POINT('',(0.,0.));
#11082 = VECTOR('',#11083,1.);
#11083 = DIRECTION('',(1.,0.));
#11084 = ( GEOMETRIC_REPRESENTATION_CONTEXT(2)
PARAMETRIC_REPRESENTATION_CONTEXT() REPRESENTATION_CONTEXT('2D SPACE',''
  ) );
#11085 = PCURVE('',#10323,#11086);
#11086 = DEFINITIONAL_REPRESENTATION('',(#11087),#11091);
#11087 = LINE('',#11088,#11089);
#11088 = CARTESIAN_POINT('',(0.,0.));
#11089 = VECTOR('',#11090,1.);
#11090 = DIRECTION('',(1.,0.));
#11091 = ( GEOMETRIC_REPRESENTATION_CONTEXT(2)
PARAMETRIC_REPRESENTATION_CONTEXT() REPRESENTATION_CONTEXT('2D SPACE',''
  ) );
#11092 = ORIENTED_EDGE('',*,*,#11093,.T.);
#11093 = EDGE_CURVE('',#11071,#11094,#11096,.T.);
#11094 = VERTEX_POINT('',#11095);
#11095 = CARTESIAN_POINT('',(-14.25,13.5,-0.9));
#11096 = SURFACE_CURVE('',#11097,(#11101,#11108),.PCURVE_S1.);
#11097 = LINE('',#11098,#11099);
#11098 = CARTESIAN_POINT('',(-14.25,6.5,-0.9));
#11099 = VECTOR('',#11100,1.);
#11100 = DIRECTION('',(0.,1.,0.));
#11101 = PCURVE('',#10241,#11102);
#11102 = DEFINITIONAL_REPRESENTATION('',(#11103),#11107);
#11103 = LINE('',#11104,#11105);
#11104 = CARTESIAN_POINT('',(0.,0.));
#11105 = VECTOR('',#11106,1.);
#11106 = DIRECTION('',(0.,-1.));
#11107 = ( GEOMETRIC_REPRESENTATION_CONTEXT(2)
PARAMETRIC_REPRESENTATION_CONTEXT() REPRESENTATION_CONTEXT('2D SPACE',''
  ) );
#11108 = PCURVE('',#11109,#11114);
#11109 = PLANE('',#11110);
#11110 = AXIS2_PLACEMENT_3D('',#11111,#11112,#11113);
#11111 = CARTESIAN_POINT('',(-14.25,6.5,-0.9));
#11112 = DIRECTION('',(0.,0.,1.));
#11113 = DIRECTION('',(1.,0.,0.));
#11114 = DEFINITIONAL_REPRESENTATION('',(#11115),#11119);
#11115 = LINE('',#11116,#11117);
#11116 = CARTESIAN_POINT('',(0.,0.));
#11117 = VECTOR('',#11118,1.);
#11118 = DIRECTION('',(0.,1.));
#11119 = ( GEOMETRIC_REPRESENTATION_CONTEXT(2)
PARAMETRIC_REPRESENTATION_CONTEXT() REPRESENTATION_CONTEXT('2D SPACE',''
  ) );
#11120 = ORIENTED_EDGE('',*,*,#11121,.T.);
#11121 = EDGE_CURVE('',#11094,#10226,#11122,.T.);
#11122 = SURFACE_CURVE('',#11123,(#11127,#11134),.PCURVE_S1.);
#11123 = LINE('',#11124,#11125);
#11124 = CARTESIAN_POINT('',(-14.25,13.5,-0.9));
#11125 = VECTOR('',#11126,1.);
#11126 = DIRECTION('',(0.,0.,1.));
#11127 = PCURVE('',#10241,#11128);
#11128 = DEFINITIONAL_REPRESENTATION('',(#11129),#11133);
#11129 = LINE('',#11130,#11131);
#11130 = CARTESIAN_POINT('',(0.,-7.));
#11131 = VECTOR('',#11132,1.);
#11132 = DIRECTION('',(1.,0.));
#11133 = ( GEOMETRIC_REPRESENTATION_CONTEXT(2)
PARAMETRIC_REPRESENTATION_CONTEXT() REPRESENTATION_CONTEXT('2D SPACE',''
  ) );
#11134 = PCURVE('',#10269,#11135);
#11135 = DEFINITIONAL_REPRESENTATION('',(#11136),#11140);
#11136 = LINE('',#11137,#11138);
#11137 = CARTESIAN_POINT('',(0.,0.));
#11138 = VECTOR('',#11139,1.);
#11139 = DIRECTION('',(1.,0.));
#11140 = ( GEOMETRIC_REPRESENTATION_CONTEXT(2)
PARAMETRIC_REPRESENTATION_CONTEXT() REPRESENTATION_CONTEXT('2D SPACE',''
  ) );
#11141 = ORIENTED_EDGE('',*,*,#10223,.F.);
#11142 = ADVANCED_FACE('',(#11143),#10269,.T.);
#11143 = FACE_BOUND('',#11144,.T.);
#11144 = EDGE_LOOP('',(#11145,#11168,#11169,#11170));
#11145 = ORIENTED_EDGE('',*,*,#11146,.F.);
#11146 = EDGE_CURVE('',#11094,#11147,#11149,.T.);
#11147 = VERTEX_POINT('',#11148);
#11148 = CARTESIAN_POINT('',(-10.25,13.5,-0.9));
#11149 = SURFACE_CURVE('',#11150,(#11154,#11161),.PCURVE_S1.);
#11150 = LINE('',#11151,#11152);
#11151 = CARTESIAN_POINT('',(-14.25,13.5,-0.9));
#11152 = VECTOR('',#11153,1.);
#11153 = DIRECTION('',(1.,0.,0.));
#11154 = PCURVE('',#10269,#11155);
#11155 = DEFINITIONAL_REPRESENTATION('',(#11156),#11160);
#11156 = LINE('',#11157,#11158);
#11157 = CARTESIAN_POINT('',(0.,0.));
#11158 = VECTOR('',#11159,1.);
#11159 = DIRECTION('',(0.,1.));
#11160 = ( GEOMETRIC_REPRESENTATION_CONTEXT(2)
PARAMETRIC_REPRESENTATION_CONTEXT() REPRESENTATION_CONTEXT('2D SPACE',''
  ) );
#11161 = PCURVE('',#11109,#11162);
#11162 = DEFINITIONAL_REPRESENTATION('',(#11163),#11167);
#11163 = LINE('',#11164,#11165);
#11164 = CARTESIAN_POINT('',(0.,7.));
#11165 = VECTOR('',#11166,1.);
#11166 = DIRECTION('',(1.,0.));
#11167 = ( GEOMETRIC_REPRESENTATION_CONTEXT(2)
PARAMETRIC_REPRESENTATION_CONTEXT() REPRESENTATION_CONTEXT('2D SPACE',''
  ) );
#11168 = ORIENTED_EDGE('',*,*,#11121,.T.);
#11169 = ORIENTED_EDGE('',*,*,#10253,.T.);
#11170 = ORIENTED_EDGE('',*,*,#11171,.F.);
#11171 = EDGE_CURVE('',#11147,#10254,#11172,.T.);
#11172 = SURFACE_CURVE('',#11173,(#11177,#11184),.PCURVE_S1.);
#11173 = LINE('',#11174,#11175);
#11174 = CARTESIAN_POINT('',(-10.25,13.5,-0.9));
#11175 = VECTOR('',#11176,1.);
#11176 = DIRECTION('',(0.,0.,1.));
#11177 = PCURVE('',#10269,#11178);
#11178 = DEFINITIONAL_REPRESENTATION('',(#11179),#11183);
#11179 = LINE('',#11180,#11181);
#11180 = CARTESIAN_POINT('',(0.,4.));
#11181 = VECTOR('',#11182,1.);
#11182 = DIRECTION('',(1.,0.));
#11183 = ( GEOMETRIC_REPRESENTATION_CONTEXT(2)
PARAMETRIC_REPRESENTATION_CONTEXT() REPRESENTATION_CONTEXT('2D SPACE',''
  ) );
#11184 = PCURVE('',#10297,#11185);
#11185 = DEFINITIONAL_REPRESENTATION('',(#11186),#11190);
#11186 = LINE('',#11187,#11188);
#11187 = CARTESIAN_POINT('',(0.,-7.));
#11188 = VECTOR('',#11189,1.);
#11189 = DIRECTION('',(1.,0.));
#11190 = ( GEOMETRIC_REPRESENTATION_CONTEXT(2)
PARAMETRIC_REPRESENTATION_CONTEXT() REPRESENTATION_CONTEXT('2D SPACE',''
  ) );
#11191 = ADVANCED_FACE('',(#11192),#10323,.F.);
#11192 = FACE_BOUND('',#11193,.F.);
#11193 = EDGE_LOOP('',(#11194,#11217,#11218,#11219));
#11194 = ORIENTED_EDGE('',*,*,#11195,.F.);
#11195 = EDGE_CURVE('',#11071,#11196,#11198,.T.);
#11196 = VERTEX_POINT('',#11197);
#11197 = CARTESIAN_POINT('',(-10.25,6.5,-0.9));
#11198 = SURFACE_CURVE('',#11199,(#11203,#11210),.PCURVE_S1.);
#11199 = LINE('',#11200,#11201);
#11200 = CARTESIAN_POINT('',(-14.25,6.5,-0.9));
#11201 = VECTOR('',#11202,1.);
#11202 = DIRECTION('',(1.,0.,0.));
#11203 = PCURVE('',#10323,#11204);
#11204 = DEFINITIONAL_REPRESENTATION('',(#11205),#11209);
#11205 = LINE('',#11206,#11207);
#11206 = CARTESIAN_POINT('',(0.,0.));
#11207 = VECTOR('',#11208,1.);
#11208 = DIRECTION('',(0.,1.));
#11209 = ( GEOMETRIC_REPRESENTATION_CONTEXT(2)
PARAMETRIC_REPRESENTATION_CONTEXT() REPRESENTATION_CONTEXT('2D SPACE',''
  ) );
#11210 = PCURVE('',#11109,#11211);
#11211 = DEFINITIONAL_REPRESENTATION('',(#11212),#11216);
#11212 = LINE('',#11213,#11214);
#11213 = CARTESIAN_POINT('',(0.,0.));
#11214 = VECTOR('',#11215,1.);
#11215 = DIRECTION('',(1.,0.));
#11216 = ( GEOMETRIC_REPRESENTATION_CONTEXT(2)
PARAMETRIC_REPRESENTATION_CONTEXT() REPRESENTATION_CONTEXT('2D SPACE',''
  ) );
#11217 = ORIENTED_EDGE('',*,*,#11070,.T.);
#11218 = ORIENTED_EDGE('',*,*,#10309,.T.);
#11219 = ORIENTED_EDGE('',*,*,#11220,.F.);
#11220 = EDGE_CURVE('',#11196,#10282,#11221,.T.);
#11221 = SURFACE_CURVE('',#11222,(#11226,#11233),.PCURVE_S1.);
#11222 = LINE('',#11223,#11224);
#11223 = CARTESIAN_POINT('',(-10.25,6.5,-0.9));
#11224 = VECTOR('',#11225,1.);
#11225 = DIRECTION('',(0.,0.,1.));
#11226 = PCURVE('',#10323,#11227);
#11227 = DEFINITIONAL_REPRESENTATION('',(#11228),#11232);
#11228 = LINE('',#11229,#11230);
#11229 = CARTESIAN_POINT('',(0.,4.));
#11230 = VECTOR('',#11231,1.);
#11231 = DIRECTION('',(1.,0.));
#11232 = ( GEOMETRIC_REPRESENTATION_CONTEXT(2)
PARAMETRIC_REPRESENTATION_CONTEXT() REPRESENTATION_CONTEXT('2D SPACE',''
  ) );
#11233 = PCURVE('',#10297,#11234);
#11234 = DEFINITIONAL_REPRESENTATION('',(#11235),#11239);
#11235 = LINE('',#11236,#11237);
#11236 = CARTESIAN_POINT('',(0.,0.));
#11237 = VECTOR('',#11238,1.);
#11238 = DIRECTION('',(1.,0.));
#11239 = ( GEOMETRIC_REPRESENTATION_CONTEXT(2)
PARAMETRIC_REPRESENTATION_CONTEXT() REPRESENTATION_CONTEXT('2D SPACE',''
  ) );
#11240 = ADVANCED_FACE('',(#11241),#10297,.T.);
#11241 = FACE_BOUND('',#11242,.T.);
#11242 = EDGE_LOOP('',(#11243,#11244,#11265,#11266));
#11243 = ORIENTED_EDGE('',*,*,#11220,.F.);
#11244 = ORIENTED_EDGE('',*,*,#11245,.T.);
#11245 = EDGE_CURVE('',#11196,#11147,#11246,.T.);
#11246 = SURFACE_CURVE('',#11247,(#11251,#11258),.PCURVE_S1.);
#11247 = LINE('',#11248,#11249);
#11248 = CARTESIAN_POINT('',(-10.25,6.5,-0.9));
#11249 = VECTOR('',#11250,1.);
#11250 = DIRECTION('',(0.,1.,0.));
#11251 = PCURVE('',#10297,#11252);
#11252 = DEFINITIONAL_REPRESENTATION('',(#11253),#11257);
#11253 = LINE('',#11254,#11255);
#11254 = CARTESIAN_POINT('',(0.,0.));
#11255 = VECTOR('',#11256,1.);
#11256 = DIRECTION('',(0.,-1.));
#11257 = ( GEOMETRIC_REPRESENTATION_CONTEXT(2)
PARAMETRIC_REPRESENTATION_CONTEXT() REPRESENTATION_CONTEXT('2D SPACE',''
  ) );
#11258 = PCURVE('',#11109,#11259);
#11259 = DEFINITIONAL_REPRESENTATION('',(#11260),#11264);
#11260 = LINE('',#11261,#11262);
#11261 = CARTESIAN_POINT('',(4.,0.));
#11262 = VECTOR('',#11263,1.);
#11263 = DIRECTION('',(0.,1.));
#11264 = ( GEOMETRIC_REPRESENTATION_CONTEXT(2)
PARAMETRIC_REPRESENTATION_CONTEXT() REPRESENTATION_CONTEXT('2D SPACE',''
  ) );
#11265 = ORIENTED_EDGE('',*,*,#11171,.T.);
#11266 = ORIENTED_EDGE('',*,*,#10281,.F.);
#11267 = ADVANCED_FACE('',(#11268),#10355,.F.);
#11268 = FACE_BOUND('',#11269,.F.);
#11269 = EDGE_LOOP('',(#11270,#11293,#11321,#11342));
#11270 = ORIENTED_EDGE('',*,*,#11271,.F.);
#11271 = EDGE_CURVE('',#11272,#10338,#11274,.T.);
#11272 = VERTEX_POINT('',#11273);
#11273 = CARTESIAN_POINT('',(10.25,6.5,-0.9));
#11274 = SURFACE_CURVE('',#11275,(#11279,#11286),.PCURVE_S1.);
#11275 = LINE('',#11276,#11277);
#11276 = CARTESIAN_POINT('',(10.25,6.5,-0.9));
#11277 = VECTOR('',#11278,1.);
#11278 = DIRECTION('',(0.,0.,1.));
#11279 = PCURVE('',#10355,#11280);
#11280 = DEFINITIONAL_REPRESENTATION('',(#11281),#11285);
#11281 = LINE('',#11282,#11283);
#11282 = CARTESIAN_POINT('',(0.,0.));
#11283 = VECTOR('',#11284,1.);
#11284 = DIRECTION('',(1.,0.));
#11285 = ( GEOMETRIC_REPRESENTATION_CONTEXT(2)
PARAMETRIC_REPRESENTATION_CONTEXT() REPRESENTATION_CONTEXT('2D SPACE',''
  ) );
#11286 = PCURVE('',#10437,#11287);
#11287 = DEFINITIONAL_REPRESENTATION('',(#11288),#11292);
#11288 = LINE('',#11289,#11290);
#11289 = CARTESIAN_POINT('',(0.,0.));
#11290 = VECTOR('',#11291,1.);
#11291 = DIRECTION('',(1.,0.));
#11292 = ( GEOMETRIC_REPRESENTATION_CONTEXT(2)
PARAMETRIC_REPRESENTATION_CONTEXT() REPRESENTATION_CONTEXT('2D SPACE',''
  ) );
#11293 = ORIENTED_EDGE('',*,*,#11294,.T.);
#11294 = EDGE_CURVE('',#11272,#11295,#11297,.T.);
#11295 = VERTEX_POINT('',#11296);
#11296 = CARTESIAN_POINT('',(10.25,13.5,-0.9));
#11297 = SURFACE_CURVE('',#11298,(#11302,#11309),.PCURVE_S1.);
#11298 = LINE('',#11299,#11300);
#11299 = CARTESIAN_POINT('',(10.25,6.5,-0.9));
#11300 = VECTOR('',#11301,1.);
#11301 = DIRECTION('',(0.,1.,0.));
#11302 = PCURVE('',#10355,#11303);
#11303 = DEFINITIONAL_REPRESENTATION('',(#11304),#11308);
#11304 = LINE('',#11305,#11306);
#11305 = CARTESIAN_POINT('',(0.,0.));
#11306 = VECTOR('',#11307,1.);
#11307 = DIRECTION('',(0.,-1.));
#11308 = ( GEOMETRIC_REPRESENTATION_CONTEXT(2)
PARAMETRIC_REPRESENTATION_CONTEXT() REPRESENTATION_CONTEXT('2D SPACE',''
  ) );
#11309 = PCURVE('',#11310,#11315);
#11310 = PLANE('',#11311);
#11311 = AXIS2_PLACEMENT_3D('',#11312,#11313,#11314);
#11312 = CARTESIAN_POINT('',(10.25,6.5,-0.9));
#11313 = DIRECTION('',(0.,0.,1.));
#11314 = DIRECTION('',(1.,0.,0.));
#11315 = DEFINITIONAL_REPRESENTATION('',(#11316),#11320);
#11316 = LINE('',#11317,#11318);
#11317 = CARTESIAN_POINT('',(0.,0.));
#11318 = VECTOR('',#11319,1.);
#11319 = DIRECTION('',(0.,1.));
#11320 = ( GEOMETRIC_REPRESENTATION_CONTEXT(2)
PARAMETRIC_REPRESENTATION_CONTEXT() REPRESENTATION_CONTEXT('2D SPACE',''
  ) );
#11321 = ORIENTED_EDGE('',*,*,#11322,.T.);
#11322 = EDGE_CURVE('',#11295,#10340,#11323,.T.);
#11323 = SURFACE_CURVE('',#11324,(#11328,#11335),.PCURVE_S1.);
#11324 = LINE('',#11325,#11326);
#11325 = CARTESIAN_POINT('',(10.25,13.5,-0.9));
#11326 = VECTOR('',#11327,1.);
#11327 = DIRECTION('',(0.,0.,1.));
#11328 = PCURVE('',#10355,#11329);
#11329 = DEFINITIONAL_REPRESENTATION('',(#11330),#11334);
#11330 = LINE('',#11331,#11332);
#11331 = CARTESIAN_POINT('',(0.,-7.));
#11332 = VECTOR('',#11333,1.);
#11333 = DIRECTION('',(1.,0.));
#11334 = ( GEOMETRIC_REPRESENTATION_CONTEXT(2)
PARAMETRIC_REPRESENTATION_CONTEXT() REPRESENTATION_CONTEXT('2D SPACE',''
  ) );
#11335 = PCURVE('',#10383,#11336);
#11336 = DEFINITIONAL_REPRESENTATION('',(#11337),#11341);
#11337 = LINE('',#11338,#11339);
#11338 = CARTESIAN_POINT('',(0.,0.));
#11339 = VECTOR('',#11340,1.);
#11340 = DIRECTION('',(1.,0.));
#11341 = ( GEOMETRIC_REPRESENTATION_CONTEXT(2)
PARAMETRIC_REPRESENTATION_CONTEXT() REPRESENTATION_CONTEXT('2D SPACE',''
  ) );
#11342 = ORIENTED_EDGE('',*,*,#10337,.F.);
#11343 = ADVANCED_FACE('',(#11344),#10437,.F.);
#11344 = FACE_BOUND('',#11345,.F.);
#11345 = EDGE_LOOP('',(#11346,#11369,#11370,#11371));
#11346 = ORIENTED_EDGE('',*,*,#11347,.F.);
#11347 = EDGE_CURVE('',#11272,#11348,#11350,.T.);
#11348 = VERTEX_POINT('',#11349);
#11349 = CARTESIAN_POINT('',(14.25,6.5,-0.9));
#11350 = SURFACE_CURVE('',#11351,(#11355,#11362),.PCURVE_S1.);
#11351 = LINE('',#11352,#11353);
#11352 = CARTESIAN_POINT('',(10.25,6.5,-0.9));
#11353 = VECTOR('',#11354,1.);
#11354 = DIRECTION('',(1.,0.,0.));
#11355 = PCURVE('',#10437,#11356);
#11356 = DEFINITIONAL_REPRESENTATION('',(#11357),#11361);
#11357 = LINE('',#11358,#11359);
#11358 = CARTESIAN_POINT('',(0.,0.));
#11359 = VECTOR('',#11360,1.);
#11360 = DIRECTION('',(0.,1.));
#11361 = ( GEOMETRIC_REPRESENTATION_CONTEXT(2)
PARAMETRIC_REPRESENTATION_CONTEXT() REPRESENTATION_CONTEXT('2D SPACE',''
  ) );
#11362 = PCURVE('',#11310,#11363);
#11363 = DEFINITIONAL_REPRESENTATION('',(#11364),#11368);
#11364 = LINE('',#11365,#11366);
#11365 = CARTESIAN_POINT('',(0.,0.));
#11366 = VECTOR('',#11367,1.);
#11367 = DIRECTION('',(1.,0.));
#11368 = ( GEOMETRIC_REPRESENTATION_CONTEXT(2)
PARAMETRIC_REPRESENTATION_CONTEXT() REPRESENTATION_CONTEXT('2D SPACE',''
  ) );
#11369 = ORIENTED_EDGE('',*,*,#11271,.T.);
#11370 = ORIENTED_EDGE('',*,*,#10423,.T.);
#11371 = ORIENTED_EDGE('',*,*,#11372,.F.);
#11372 = EDGE_CURVE('',#11348,#10396,#11373,.T.);
#11373 = SURFACE_CURVE('',#11374,(#11378,#11385),.PCURVE_S1.);
#11374 = LINE('',#11375,#11376);
#11375 = CARTESIAN_POINT('',(14.25,6.5,-0.9));
#11376 = VECTOR('',#11377,1.);
#11377 = DIRECTION('',(0.,0.,1.));
#11378 = PCURVE('',#10437,#11379);
#11379 = DEFINITIONAL_REPRESENTATION('',(#11380),#11384);
#11380 = LINE('',#11381,#11382);
#11381 = CARTESIAN_POINT('',(0.,4.));
#11382 = VECTOR('',#11383,1.);
#11383 = DIRECTION('',(1.,0.));
#11384 = ( GEOMETRIC_REPRESENTATION_CONTEXT(2)
PARAMETRIC_REPRESENTATION_CONTEXT() REPRESENTATION_CONTEXT('2D SPACE',''
  ) );
#11385 = PCURVE('',#10411,#11386);
#11386 = DEFINITIONAL_REPRESENTATION('',(#11387),#11391);
#11387 = LINE('',#11388,#11389);
#11388 = CARTESIAN_POINT('',(0.,0.));
#11389 = VECTOR('',#11390,1.);
#11390 = DIRECTION('',(1.,0.));
#11391 = ( GEOMETRIC_REPRESENTATION_CONTEXT(2)
PARAMETRIC_REPRESENTATION_CONTEXT() REPRESENTATION_CONTEXT('2D SPACE',''
  ) );
#11392 = ADVANCED_FACE('',(#11393),#10411,.T.);
#11393 = FACE_BOUND('',#11394,.T.);
#11394 = EDGE_LOOP('',(#11395,#11396,#11419,#11440));
#11395 = ORIENTED_EDGE('',*,*,#11372,.F.);
#11396 = ORIENTED_EDGE('',*,*,#11397,.T.);
#11397 = EDGE_CURVE('',#11348,#11398,#11400,.T.);
#11398 = VERTEX_POINT('',#11399);
#11399 = CARTESIAN_POINT('',(14.25,13.5,-0.9));
#11400 = SURFACE_CURVE('',#11401,(#11405,#11412),.PCURVE_S1.);
#11401 = LINE('',#11402,#11403);
#11402 = CARTESIAN_POINT('',(14.25,6.5,-0.9));
#11403 = VECTOR('',#11404,1.);
#11404 = DIRECTION('',(0.,1.,0.));
#11405 = PCURVE('',#10411,#11406);
#11406 = DEFINITIONAL_REPRESENTATION('',(#11407),#11411);
#11407 = LINE('',#11408,#11409);
#11408 = CARTESIAN_POINT('',(0.,0.));
#11409 = VECTOR('',#11410,1.);
#11410 = DIRECTION('',(0.,-1.));
#11411 = ( GEOMETRIC_REPRESENTATION_CONTEXT(2)
PARAMETRIC_REPRESENTATION_CONTEXT() REPRESENTATION_CONTEXT('2D SPACE',''
  ) );
#11412 = PCURVE('',#11310,#11413);
#11413 = DEFINITIONAL_REPRESENTATION('',(#11414),#11418);
#11414 = LINE('',#11415,#11416);
#11415 = CARTESIAN_POINT('',(4.,0.));
#11416 = VECTOR('',#11417,1.);
#11417 = DIRECTION('',(0.,1.));
#11418 = ( GEOMETRIC_REPRESENTATION_CONTEXT(2)
PARAMETRIC_REPRESENTATION_CONTEXT() REPRESENTATION_CONTEXT('2D SPACE',''
  ) );
#11419 = ORIENTED_EDGE('',*,*,#11420,.T.);
#11420 = EDGE_CURVE('',#11398,#10368,#11421,.T.);
#11421 = SURFACE_CURVE('',#11422,(#11426,#11433),.PCURVE_S1.);
#11422 = LINE('',#11423,#11424);
#11423 = CARTESIAN_POINT('',(14.25,13.5,-0.9));
#11424 = VECTOR('',#11425,1.);
#11425 = DIRECTION('',(0.,0.,1.));
#11426 = PCURVE('',#10411,#11427);
#11427 = DEFINITIONAL_REPRESENTATION('',(#11428),#11432);
#11428 = LINE('',#11429,#11430);
#11429 = CARTESIAN_POINT('',(0.,-7.));
#11430 = VECTOR('',#11431,1.);
#11431 = DIRECTION('',(1.,0.));
#11432 = ( GEOMETRIC_REPRESENTATION_CONTEXT(2)
PARAMETRIC_REPRESENTATION_CONTEXT() REPRESENTATION_CONTEXT('2D SPACE',''
  ) );
#11433 = PCURVE('',#10383,#11434);
#11434 = DEFINITIONAL_REPRESENTATION('',(#11435),#11439);
#11435 = LINE('',#11436,#11437);
#11436 = CARTESIAN_POINT('',(0.,4.));
#11437 = VECTOR('',#11438,1.);
#11438 = DIRECTION('',(1.,0.));
#11439 = ( GEOMETRIC_REPRESENTATION_CONTEXT(2)
PARAMETRIC_REPRESENTATION_CONTEXT() REPRESENTATION_CONTEXT('2D SPACE',''
  ) );
#11440 = ORIENTED_EDGE('',*,*,#10395,.F.);
#11441 = ADVANCED_FACE('',(#11442),#10383,.T.);
#11442 = FACE_BOUND('',#11443,.T.);
#11443 = EDGE_LOOP('',(#11444,#11465,#11466,#11467));
#11444 = ORIENTED_EDGE('',*,*,#11445,.F.);
#11445 = EDGE_CURVE('',#11295,#11398,#11446,.T.);
#11446 = SURFACE_CURVE('',#11447,(#11451,#11458),.PCURVE_S1.);
#11447 = LINE('',#11448,#11449);
#11448 = CARTESIAN_POINT('',(10.25,13.5,-0.9));
#11449 = VECTOR('',#11450,1.);
#11450 = DIRECTION('',(1.,0.,0.));
#11451 = PCURVE('',#10383,#11452);
#11452 = DEFINITIONAL_REPRESENTATION('',(#11453),#11457);
#11453 = LINE('',#11454,#11455);
#11454 = CARTESIAN_POINT('',(0.,0.));
#11455 = VECTOR('',#11456,1.);
#11456 = DIRECTION('',(0.,1.));
#11457 = ( GEOMETRIC_REPRESENTATION_CONTEXT(2)
PARAMETRIC_REPRESENTATION_CONTEXT() REPRESENTATION_CONTEXT('2D SPACE',''
  ) );
#11458 = PCURVE('',#11310,#11459);
#11459 = DEFINITIONAL_REPRESENTATION('',(#11460),#11464);
#11460 = LINE('',#11461,#11462);
#11461 = CARTESIAN_POINT('',(0.,7.));
#11462 = VECTOR('',#11463,1.);
#11463 = DIRECTION('',(1.,0.));
#11464 = ( GEOMETRIC_REPRESENTATION_CONTEXT(2)
PARAMETRIC_REPRESENTATION_CONTEXT() REPRESENTATION_CONTEXT('2D SPACE',''
  ) );
#11465 = ORIENTED_EDGE('',*,*,#11322,.T.);
#11466 = ORIENTED_EDGE('',*,*,#10367,.T.);
#11467 = ORIENTED_EDGE('',*,*,#11420,.F.);
#11468 = ADVANCED_FACE('',(#11469),#10707,.F.);
#11469 = FACE_BOUND('',#11470,.F.);
#11470 = EDGE_LOOP('',(#11471,#11472,#11473,#11474));
#11471 = ORIENTED_EDGE('',*,*,#10691,.F.);
#11472 = ORIENTED_EDGE('',*,*,#10793,.T.);
#11473 = ORIENTED_EDGE('',*,*,#10843,.T.);
#11474 = ORIENTED_EDGE('',*,*,#10744,.F.);
#11475 = ADVANCED_FACE('',(#11476),#10908,.F.);
#11476 = FACE_BOUND('',#11477,.F.);
#11477 = EDGE_LOOP('',(#11478,#11479,#11480,#11481));
#11478 = ORIENTED_EDGE('',*,*,#10892,.F.);
#11479 = ORIENTED_EDGE('',*,*,#10994,.T.);
#11480 = ORIENTED_EDGE('',*,*,#11044,.T.);
#11481 = ORIENTED_EDGE('',*,*,#10945,.F.);
#11482 = ADVANCED_FACE('',(#11483),#11109,.F.);
#11483 = FACE_BOUND('',#11484,.F.);
#11484 = EDGE_LOOP('',(#11485,#11486,#11487,#11488));
#11485 = ORIENTED_EDGE('',*,*,#11093,.F.);
#11486 = ORIENTED_EDGE('',*,*,#11195,.T.);
#11487 = ORIENTED_EDGE('',*,*,#11245,.T.);
#11488 = ORIENTED_EDGE('',*,*,#11146,.F.);
#11489 = ADVANCED_FACE('',(#11490),#11310,.F.);
#11490 = FACE_BOUND('',#11491,.F.);
#11491 = EDGE_LOOP('',(#11492,#11493,#11494,#11495));
#11492 = ORIENTED_EDGE('',*,*,#11294,.F.);
#11493 = ORIENTED_EDGE('',*,*,#11347,.T.);
#11494 = ORIENTED_EDGE('',*,*,#11397,.T.);
#11495 = ORIENTED_EDGE('',*,*,#11445,.F.);
#11496 = ( GEOMETRIC_REPRESENTATION_CONTEXT(3)
GLOBAL_UNCERTAINTY_ASSIGNED_CONTEXT((#11500))
GLOBAL_UNIT_ASSIGNED_CONTEXT((#11497,#11498,#11499))
REPRESENTATION_CONTEXT('Context #1',
  '3D Context with UNIT and UNCERTAINTY') );
#11497 = ( LENGTH_UNIT() NAMED_UNIT(*) SI_UNIT(.MILLI.,.METRE.) );
#11498 = ( NAMED_UNIT(*) PLANE_ANGLE_UNIT() SI_UNIT($,.RADIAN.) );
#11499 = ( NAMED_UNIT(*) SI_UNIT($,.STERADIAN.) SOLID_ANGLE_UNIT() );
#11500 = UNCERTAINTY_MEASURE_WITH_UNIT(LENGTH_MEASURE(1.E-07),#11497,
  'distance_accuracy_value','confusion accuracy');
#11501 = CONTEXT_DEPENDENT_SHAPE_REPRESENTATION(#11502,#11504);
#11502 = ( REPRESENTATION_RELATIONSHIP('','',#6217,#6194)
REPRESENTATION_RELATIONSHIP_WITH_TRANSFORMATION(#11503)
SHAPE_REPRESENTATION_RELATIONSHIP() );
#11503 = ITEM_DEFINED_TRANSFORMATION('','',#11,#6195);
#11504 = PRODUCT_DEFINITION_SHAPE('Placement','Placement of an item',
  #11505);
#11505 = NEXT_ASSEMBLY_USAGE_OCCURRENCE('5','','',#6189,#6212,$);
#11506 = PRODUCT_RELATED_PRODUCT_CATEGORY('part',$,(#6214));
#11507 = SHAPE_DEFINITION_REPRESENTATION(#11508,#11514);
#11508 = PRODUCT_DEFINITION_SHAPE('','',#11509);
#11509 = PRODUCT_DEFINITION('design','',#11510,#11513);
#11510 = PRODUCT_DEFINITION_FORMATION('','',#11511);
#11511 = PRODUCT('board_preview','board_preview','',(#11512));
#11512 = PRODUCT_CONTEXT('',#2,'mechanical');
#11513 = PRODUCT_DEFINITION_CONTEXT('part definition',#2,'design');
#11514 = SHAPE_REPRESENTATION('',(#11,#11515),#11519);
#11515 = AXIS2_PLACEMENT_3D('',#11516,#11517,#11518);
#11516 = CARTESIAN_POINT('',(0.,0.,0.));
#11517 = DIRECTION('',(0.,0.,1.));
#11518 = DIRECTION('',(1.,0.,-0.));
#11519 = ( GEOMETRIC_REPRESENTATION_CONTEXT(3)
GLOBAL_UNCERTAINTY_ASSIGNED_CONTEXT((#11523))
GLOBAL_UNIT_ASSIGNED_CONTEXT((#11520,#11521,#11522))
REPRESENTATION_CONTEXT('Context #1',
  '3D Context with UNIT and UNCERTAINTY') );
#11520 = ( LENGTH_UNIT() NAMED_UNIT(*) SI_UNIT(.MILLI.,.METRE.) );
#11521 = ( NAMED_UNIT(*) PLANE_ANGLE_UNIT() SI_UNIT($,.RADIAN.) );
#11522 = ( NAMED_UNIT(*) SI_UNIT($,.STERADIAN.) SOLID_ANGLE_UNIT() );
#11523 = UNCERTAINTY_MEASURE_WITH_UNIT(LENGTH_MEASURE(1.E-07),#11520,
  'distance_accuracy_value','confusion accuracy');
#11524 = CONTEXT_DEPENDENT_SHAPE_REPRESENTATION(#11525,#11527);
#11525 = ( REPRESENTATION_RELATIONSHIP('','',#11514,#32)
REPRESENTATION_RELATIONSHIP_WITH_TRANSFORMATION(#11526)
SHAPE_REPRESENTATION_RELATIONSHIP() );
#11526 = ITEM_DEFINED_TRANSFORMATION('','',#11,#41);
#11527 = PRODUCT_DEFINITION_SHAPE('Placement','Placement of an item',
  #11528);
#11528 = NEXT_ASSEMBLY_USAGE_OCCURRENCE('8','','',#27,#11509,$);
#11529 = PRODUCT_RELATED_PRODUCT_CATEGORY('part',$,(#11511));
#11530 = SHAPE_DEFINITION_REPRESENTATION(#11531,#11537);
#11531 = PRODUCT_DEFINITION_SHAPE('','',#11532);
#11532 = PRODUCT_DEFINITION('design','',#11533,#11536);
#11533 = PRODUCT_DEFINITION_FORMATION('','',#11534);
#11534 = PRODUCT('board_preview_part','board_preview_part','',(#11535));
#11535 = PRODUCT_CONTEXT('',#2,'mechanical');
#11536 = PRODUCT_DEFINITION_CONTEXT('part definition',#2,'design');
#11537 = ADVANCED_BREP_SHAPE_REPRESENTATION('',(#11,#11538),#12190);
#11538 = MANIFOLD_SOLID_BREP('',#11539);
#11539 = CLOSED_SHELL('',(#11540,#11660,#11736,#11899,#11948,#11975,
    #11982,#12058,#12107,#12156,#12183));
#11540 = ADVANCED_FACE('',(#11541),#11555,.F.);
#11541 = FACE_BOUND('',#11542,.F.);
#11542 = EDGE_LOOP('',(#11543,#11578,#11606,#11634));
#11543 = ORIENTED_EDGE('',*,*,#11544,.F.);
#11544 = EDGE_CURVE('',#11545,#11547,#11549,.T.);
#11545 = VERTEX_POINT('',#11546);
#11546 = CARTESIAN_POINT('',(-15.25,-33.,1.6));
#11547 = VERTEX_POINT('',#11548);
#11548 = CARTESIAN_POINT('',(-15.25,-33.,3.2));
#11549 = SURFACE_CURVE('',#11550,(#11554,#11566),.PCURVE_S1.);
#11550 = LINE('',#11551,#11552);
#11551 = CARTESIAN_POINT('',(-15.25,-33.,1.6));
#11552 = VECTOR('',#11553,1.);
#11553 = DIRECTION('',(0.,0.,1.));
#11554 = PCURVE('',#11555,#11560);
#11555 = PLANE('',#11556);
#11556 = AXIS2_PLACEMENT_3D('',#11557,#11558,#11559);
#11557 = CARTESIAN_POINT('',(-15.25,-33.,1.6));
#11558 = DIRECTION('',(1.,0.,0.));
#11559 = DIRECTION('',(0.,0.,1.));
#11560 = DEFINITIONAL_REPRESENTATION('',(#11561),#11565);
#11561 = LINE('',#11562,#11563);
#11562 = CARTESIAN_POINT('',(0.,0.));
#11563 = VECTOR('',#11564,1.);
#11564 = DIRECTION('',(1.,0.));
#11565 = ( GEOMETRIC_REPRESENTATION_CONTEXT(2)
PARAMETRIC_REPRESENTATION_CONTEXT() REPRESENTATION_CONTEXT('2D SPACE',''
  ) );
#11566 = PCURVE('',#11567,#11572);
#11567 = PLANE('',#11568);
#11568 = AXIS2_PLACEMENT_3D('',#11569,#11570,#11571);
#11569 = CARTESIAN_POINT('',(-15.25,-33.,1.6));
#11570 = DIRECTION('',(0.,1.,0.));
#11571 = DIRECTION('',(0.,0.,1.));
#11572 = DEFINITIONAL_REPRESENTATION('',(#11573),#11577);
#11573 = LINE('',#11574,#11575);
#11574 = CARTESIAN_POINT('',(0.,0.));
#11575 = VECTOR('',#11576,1.);
#11576 = DIRECTION('',(1.,0.));
#11577 = ( GEOMETRIC_REPRESENTATION_CONTEXT(2)
PARAMETRIC_REPRESENTATION_CONTEXT() REPRESENTATION_CONTEXT('2D SPACE',''
  ) );
#11578 = ORIENTED_EDGE('',*,*,#11579,.T.);
#11579 = EDGE_CURVE('',#11545,#11580,#11582,.T.);
#11580 = VERTEX_POINT('',#11581);
#11581 = CARTESIAN_POINT('',(-15.25,33.,1.6));
#11582 = SURFACE_CURVE('',#11583,(#11587,#11594),.PCURVE_S1.);
#11583 = LINE('',#11584,#11585);
#11584 = CARTESIAN_POINT('',(-15.25,-33.,1.6));
#11585 = VECTOR('',#11586,1.);
#11586 = DIRECTION('',(0.,1.,0.));
#11587 = PCURVE('',#11555,#11588);
#11588 = DEFINITIONAL_REPRESENTATION('',(#11589),#11593);
#11589 = LINE('',#11590,#11591);
#11590 = CARTESIAN_POINT('',(0.,0.));
#11591 = VECTOR('',#11592,1.);
#11592 = DIRECTION('',(0.,-1.));
#11593 = ( GEOMETRIC_REPRESENTATION_CONTEXT(2)
PARAMETRIC_REPRESENTATION_CONTEXT() REPRESENTATION_CONTEXT('2D SPACE',''
  ) );
#11594 = PCURVE('',#11595,#11600);
#11595 = PLANE('',#11596);
#11596 = AXIS2_PLACEMENT_3D('',#11597,#11598,#11599);
#11597 = CARTESIAN_POINT('',(-15.25,-33.,1.6));
#11598 = DIRECTION('',(0.,0.,1.));
#11599 = DIRECTION('',(1.,0.,0.));
#11600 = DEFINITIONAL_REPRESENTATION('',(#11601),#11605);
#11601 = LINE('',#11602,#11603);
#11602 = CARTESIAN_POINT('',(0.,0.));
#11603 = VECTOR('',#11604,1.);
#11604 = DIRECTION('',(0.,1.));
#11605 = ( GEOMETRIC_REPRESENTATION_CONTEXT(2)
PARAMETRIC_REPRESENTATION_CONTEXT() REPRESENTATION_CONTEXT('2D SPACE',''
  ) );
#11606 = ORIENTED_EDGE('',*,*,#11607,.T.);
#11607 = EDGE_CURVE('',#11580,#11608,#11610,.T.);
#11608 = VERTEX_POINT('',#11609);
#11609 = CARTESIAN_POINT('',(-15.25,33.,3.2));
#11610 = SURFACE_CURVE('',#11611,(#11615,#11622),.PCURVE_S1.);
#11611 = LINE('',#11612,#11613);
#11612 = CARTESIAN_POINT('',(-15.25,33.,1.6));
#11613 = VECTOR('',#11614,1.);
#11614 = DIRECTION('',(0.,0.,1.));
#11615 = PCURVE('',#11555,#11616);
#11616 = DEFINITIONAL_REPRESENTATION('',(#11617),#11621);
#11617 = LINE('',#11618,#11619);
#11618 = CARTESIAN_POINT('',(0.,-66.));
#11619 = VECTOR('',#11620,1.);
#11620 = DIRECTION('',(1.,0.));
#11621 = ( GEOMETRIC_REPRESENTATION_CONTEXT(2)
PARAMETRIC_REPRESENTATION_CONTEXT() REPRESENTATION_CONTEXT('2D SPACE',''
  ) );
#11622 = PCURVE('',#11623,#11628);
#11623 = PLANE('',#11624);
#11624 = AXIS2_PLACEMENT_3D('',#11625,#11626,#11627);
#11625 = CARTESIAN_POINT('',(-15.25,33.,1.6));
#11626 = DIRECTION('',(0.,1.,0.));
#11627 = DIRECTION('',(0.,0.,1.));
#11628 = DEFINITIONAL_REPRESENTATION('',(#11629),#11633);
#11629 = LINE('',#11630,#11631);
#11630 = CARTESIAN_POINT('',(0.,0.));
#11631 = VECTOR('',#11632,1.);
#11632 = DIRECTION('',(1.,0.));
#11633 = ( GEOMETRIC_REPRESENTATION_CONTEXT(2)
PARAMETRIC_REPRESENTATION_CONTEXT() REPRESENTATION_CONTEXT('2D SPACE',''
  ) );
#11634 = ORIENTED_EDGE('',*,*,#11635,.F.);
#11635 = EDGE_CURVE('',#11547,#11608,#11636,.T.);
#11636 = SURFACE_CURVE('',#11637,(#11641,#11648),.PCURVE_S1.);
#11637 = LINE('',#11638,#11639);
#11638 = CARTESIAN_POINT('',(-15.25,-33.,3.2));
#11639 = VECTOR('',#11640,1.);
#11640 = DIRECTION('',(0.,1.,0.));
#11641 = PCURVE('',#11555,#11642);
#11642 = DEFINITIONAL_REPRESENTATION('',(#11643),#11647);
#11643 = LINE('',#11644,#11645);
#11644 = CARTESIAN_POINT('',(1.6,0.));
#11645 = VECTOR('',#11646,1.);
#11646 = DIRECTION('',(0.,-1.));
#11647 = ( GEOMETRIC_REPRESENTATION_CONTEXT(2)
PARAMETRIC_REPRESENTATION_CONTEXT() REPRESENTATION_CONTEXT('2D SPACE',''
  ) );
#11648 = PCURVE('',#11649,#11654);
#11649 = PLANE('',#11650);
#11650 = AXIS2_PLACEMENT_3D('',#11651,#11652,#11653);
#11651 = CARTESIAN_POINT('',(-15.25,-33.,3.2));
#11652 = DIRECTION('',(0.,0.,1.));
#11653 = DIRECTION('',(1.,0.,0.));
#11654 = DEFINITIONAL_REPRESENTATION('',(#11655),#11659);
#11655 = LINE('',#11656,#11657);
#11656 = CARTESIAN_POINT('',(0.,0.));
#11657 = VECTOR('',#11658,1.);
#11658 = DIRECTION('',(0.,1.));
#11659 = ( GEOMETRIC_REPRESENTATION_CONTEXT(2)
PARAMETRIC_REPRESENTATION_CONTEXT() REPRESENTATION_CONTEXT('2D SPACE',''
  ) );
#11660 = ADVANCED_FACE('',(#11661),#11567,.F.);
#11661 = FACE_BOUND('',#11662,.F.);
#11662 = EDGE_LOOP('',(#11663,#11686,#11687,#11710));
#11663 = ORIENTED_EDGE('',*,*,#11664,.F.);
#11664 = EDGE_CURVE('',#11545,#11665,#11667,.T.);
#11665 = VERTEX_POINT('',#11666);
#11666 = CARTESIAN_POINT('',(15.25,-33.,1.6));
#11667 = SURFACE_CURVE('',#11668,(#11672,#11679),.PCURVE_S1.);
#11668 = LINE('',#11669,#11670);
#11669 = CARTESIAN_POINT('',(-15.25,-33.,1.6));
#11670 = VECTOR('',#11671,1.);
#11671 = DIRECTION('',(1.,0.,0.));
#11672 = PCURVE('',#11567,#11673);
#11673 = DEFINITIONAL_REPRESENTATION('',(#11674),#11678);
#11674 = LINE('',#11675,#11676);
#11675 = CARTESIAN_POINT('',(0.,0.));
#11676 = VECTOR('',#11677,1.);
#11677 = DIRECTION('',(0.,1.));
#11678 = ( GEOMETRIC_REPRESENTATION_CONTEXT(2)
PARAMETRIC_REPRESENTATION_CONTEXT() REPRESENTATION_CONTEXT('2D SPACE',''
  ) );
#11679 = PCURVE('',#11595,#11680);
#11680 = DEFINITIONAL_REPRESENTATION('',(#11681),#11685);
#11681 = LINE('',#11682,#11683);
#11682 = CARTESIAN_POINT('',(0.,0.));
#11683 = VECTOR('',#11684,1.);
#11684 = DIRECTION('',(1.,0.));
#11685 = ( GEOMETRIC_REPRESENTATION_CONTEXT(2)
PARAMETRIC_REPRESENTATION_CONTEXT() REPRESENTATION_CONTEXT('2D SPACE',''
  ) );
#11686 = ORIENTED_EDGE('',*,*,#11544,.T.);
#11687 = ORIENTED_EDGE('',*,*,#11688,.T.);
#11688 = EDGE_CURVE('',#11547,#11689,#11691,.T.);
#11689 = VERTEX_POINT('',#11690);
#11690 = CARTESIAN_POINT('',(15.25,-33.,3.2));
#11691 = SURFACE_CURVE('',#11692,(#11696,#11703),.PCURVE_S1.);
#11692 = LINE('',#11693,#11694);
#11693 = CARTESIAN_POINT('',(-15.25,-33.,3.2));
#11694 = VECTOR('',#11695,1.);
#11695 = DIRECTION('',(1.,0.,0.));
#11696 = PCURVE('',#11567,#11697);
#11697 = DEFINITIONAL_REPRESENTATION('',(#11698),#11702);
#11698 = LINE('',#11699,#11700);
#11699 = CARTESIAN_POINT('',(1.6,0.));
#11700 = VECTOR('',#11701,1.);
#11701 = DIRECTION('',(0.,1.));
#11702 = ( GEOMETRIC_REPRESENTATION_CONTEXT(2)
PARAMETRIC_REPRESENTATION_CONTEXT() REPRESENTATION_CONTEXT('2D SPACE',''
  ) );
#11703 = PCURVE('',#11649,#11704);
#11704 = DEFINITIONAL_REPRESENTATION('',(#11705),#11709);
#11705 = LINE('',#11706,#11707);
#11706 = CARTESIAN_POINT('',(0.,0.));
#11707 = VECTOR('',#11708,1.);
#11708 = DIRECTION('',(1.,0.));
#11709 = ( GEOMETRIC_REPRESENTATION_CONTEXT(2)
PARAMETRIC_REPRESENTATION_CONTEXT() REPRESENTATION_CONTEXT('2D SPACE',''
  ) );
#11710 = ORIENTED_EDGE('',*,*,#11711,.F.);
#11711 = EDGE_CURVE('',#11665,#11689,#11712,.T.);
#11712 = SURFACE_CURVE('',#11713,(#11717,#11724),.PCURVE_S1.);
#11713 = LINE('',#11714,#11715);
#11714 = CARTESIAN_POINT('',(15.25,-33.,1.6));
#11715 = VECTOR('',#11716,1.);
#11716 = DIRECTION('',(0.,0.,1.));
#11717 = PCURVE('',#11567,#11718);
#11718 = DEFINITIONAL_REPRESENTATION('',(#11719),#11723);
#11719 = LINE('',#11720,#11721);
#11720 = CARTESIAN_POINT('',(0.,30.5));
#11721 = VECTOR('',#11722,1.);
#11722 = DIRECTION('',(1.,0.));
#11723 = ( GEOMETRIC_REPRESENTATION_CONTEXT(2)
PARAMETRIC_REPRESENTATION_CONTEXT() REPRESENTATION_CONTEXT('2D SPACE',''
  ) );
#11724 = PCURVE('',#11725,#11730);
#11725 = PLANE('',#11726);
#11726 = AXIS2_PLACEMENT_3D('',#11727,#11728,#11729);
#11727 = CARTESIAN_POINT('',(15.25,-33.,1.6));
#11728 = DIRECTION('',(1.,0.,0.));
#11729 = DIRECTION('',(0.,0.,1.));
#11730 = DEFINITIONAL_REPRESENTATION('',(#11731),#11735);
#11731 = LINE('',#11732,#11733);
#11732 = CARTESIAN_POINT('',(0.,0.));
#11733 = VECTOR('',#11734,1.);
#11734 = DIRECTION('',(1.,0.));
#11735 = ( GEOMETRIC_REPRESENTATION_CONTEXT(2)
PARAMETRIC_REPRESENTATION_CONTEXT() REPRESENTATION_CONTEXT('2D SPACE',''
  ) );
#11736 = ADVANCED_FACE('',(#11737,#11785),#11649,.T.);
#11737 = FACE_BOUND('',#11738,.T.);
#11738 = EDGE_LOOP('',(#11739,#11740,#11741,#11764));
#11739 = ORIENTED_EDGE('',*,*,#11635,.F.);
#11740 = ORIENTED_EDGE('',*,*,#11688,.T.);
#11741 = ORIENTED_EDGE('',*,*,#11742,.T.);
#11742 = EDGE_CURVE('',#11689,#11743,#11745,.T.);
#11743 = VERTEX_POINT('',#11744);
#11744 = CARTESIAN_POINT('',(15.25,33.,3.2));
#11745 = SURFACE_CURVE('',#11746,(#11750,#11757),.PCURVE_S1.);
#11746 = LINE('',#11747,#11748);
#11747 = CARTESIAN_POINT('',(15.25,-33.,3.2));
#11748 = VECTOR('',#11749,1.);
#11749 = DIRECTION('',(0.,1.,0.));
#11750 = PCURVE('',#11649,#11751);
#11751 = DEFINITIONAL_REPRESENTATION('',(#11752),#11756);
#11752 = LINE('',#11753,#11754);
#11753 = CARTESIAN_POINT('',(30.5,0.));
#11754 = VECTOR('',#11755,1.);
#11755 = DIRECTION('',(0.,1.));
#11756 = ( GEOMETRIC_REPRESENTATION_CONTEXT(2)
PARAMETRIC_REPRESENTATION_CONTEXT() REPRESENTATION_CONTEXT('2D SPACE',''
  ) );
#11757 = PCURVE('',#11725,#11758);
#11758 = DEFINITIONAL_REPRESENTATION('',(#11759),#11763);
#11759 = LINE('',#11760,#11761);
#11760 = CARTESIAN_POINT('',(1.6,0.));
#11761 = VECTOR('',#11762,1.);
#11762 = DIRECTION('',(0.,-1.));
#11763 = ( GEOMETRIC_REPRESENTATION_CONTEXT(2)
PARAMETRIC_REPRESENTATION_CONTEXT() REPRESENTATION_CONTEXT('2D SPACE',''
  ) );
#11764 = ORIENTED_EDGE('',*,*,#11765,.F.);
#11765 = EDGE_CURVE('',#11608,#11743,#11766,.T.);
#11766 = SURFACE_CURVE('',#11767,(#11771,#11778),.PCURVE_S1.);
#11767 = LINE('',#11768,#11769);
#11768 = CARTESIAN_POINT('',(-15.25,33.,3.2));
#11769 = VECTOR('',#11770,1.);
#11770 = DIRECTION('',(1.,0.,0.));
#11771 = PCURVE('',#11649,#11772);
#11772 = DEFINITIONAL_REPRESENTATION('',(#11773),#11777);
#11773 = LINE('',#11774,#11775);
#11774 = CARTESIAN_POINT('',(0.,66.));
#11775 = VECTOR('',#11776,1.);
#11776 = DIRECTION('',(1.,0.));
#11777 = ( GEOMETRIC_REPRESENTATION_CONTEXT(2)
PARAMETRIC_REPRESENTATION_CONTEXT() REPRESENTATION_CONTEXT('2D SPACE',''
  ) );
#11778 = PCURVE('',#11623,#11779);
#11779 = DEFINITIONAL_REPRESENTATION('',(#11780),#11784);
#11780 = LINE('',#11781,#11782);
#11781 = CARTESIAN_POINT('',(1.6,0.));
#11782 = VECTOR('',#11783,1.);
#11783 = DIRECTION('',(0.,1.));
#11784 = ( GEOMETRIC_REPRESENTATION_CONTEXT(2)
PARAMETRIC_REPRESENTATION_CONTEXT() REPRESENTATION_CONTEXT('2D SPACE',''
  ) );
#11785 = FACE_BOUND('',#11786,.T.);
#11786 = EDGE_LOOP('',(#11787,#11817,#11845,#11873));
#11787 = ORIENTED_EDGE('',*,*,#11788,.T.);
#11788 = EDGE_CURVE('',#11789,#11791,#11793,.T.);
#11789 = VERTEX_POINT('',#11790);
#11790 = CARTESIAN_POINT('',(-3.2,-22.5,3.2));
#11791 = VERTEX_POINT('',#11792);
#11792 = CARTESIAN_POINT('',(-3.2,-19.5,3.2));
#11793 = SURFACE_CURVE('',#11794,(#11798,#11805),.PCURVE_S1.);
#11794 = LINE('',#11795,#11796);
#11795 = CARTESIAN_POINT('',(-3.2,-22.5,3.2));
#11796 = VECTOR('',#11797,1.);
#11797 = DIRECTION('',(0.,1.,0.));
#11798 = PCURVE('',#11649,#11799);
#11799 = DEFINITIONAL_REPRESENTATION('',(#11800),#11804);
#11800 = LINE('',#11801,#11802);
#11801 = CARTESIAN_POINT('',(12.05,10.5));
#11802 = VECTOR('',#11803,1.);
#11803 = DIRECTION('',(0.,1.));
#11804 = ( GEOMETRIC_REPRESENTATION_CONTEXT(2)
PARAMETRIC_REPRESENTATION_CONTEXT() REPRESENTATION_CONTEXT('2D SPACE',''
  ) );
#11805 = PCURVE('',#11806,#11811);
#11806 = PLANE('',#11807);
#11807 = AXIS2_PLACEMENT_3D('',#11808,#11809,#11810);
#11808 = CARTESIAN_POINT('',(-3.2,-22.5,3.2));
#11809 = DIRECTION('',(1.,0.,0.));
#11810 = DIRECTION('',(0.,0.,1.));
#11811 = DEFINITIONAL_REPRESENTATION('',(#11812),#11816);
#11812 = LINE('',#11813,#11814);
#11813 = CARTESIAN_POINT('',(0.,0.));
#11814 = VECTOR('',#11815,1.);
#11815 = DIRECTION('',(0.,-1.));
#11816 = ( GEOMETRIC_REPRESENTATION_CONTEXT(2)
PARAMETRIC_REPRESENTATION_CONTEXT() REPRESENTATION_CONTEXT('2D SPACE',''
  ) );
#11817 = ORIENTED_EDGE('',*,*,#11818,.T.);
#11818 = EDGE_CURVE('',#11791,#11819,#11821,.T.);
#11819 = VERTEX_POINT('',#11820);
#11820 = CARTESIAN_POINT('',(3.2,-19.5,3.2));
#11821 = SURFACE_CURVE('',#11822,(#11826,#11833),.PCURVE_S1.);
#11822 = LINE('',#11823,#11824);
#11823 = CARTESIAN_POINT('',(-3.2,-19.5,3.2));
#11824 = VECTOR('',#11825,1.);
#11825 = DIRECTION('',(1.,0.,0.));
#11826 = PCURVE('',#11649,#11827);
#11827 = DEFINITIONAL_REPRESENTATION('',(#11828),#11832);
#11828 = LINE('',#11829,#11830);
#11829 = CARTESIAN_POINT('',(12.05,13.5));
#11830 = VECTOR('',#11831,1.);
#11831 = DIRECTION('',(1.,0.));
#11832 = ( GEOMETRIC_REPRESENTATION_CONTEXT(2)
PARAMETRIC_REPRESENTATION_CONTEXT() REPRESENTATION_CONTEXT('2D SPACE',''
  ) );
#11833 = PCURVE('',#11834,#11839);
#11834 = PLANE('',#11835);
#11835 = AXIS2_PLACEMENT_3D('',#11836,#11837,#11838);
#11836 = CARTESIAN_POINT('',(-3.2,-19.5,3.2));
#11837 = DIRECTION('',(0.,1.,0.));
#11838 = DIRECTION('',(0.,0.,1.));
#11839 = DEFINITIONAL_REPRESENTATION('',(#11840),#11844);
#11840 = LINE('',#11841,#11842);
#11841 = CARTESIAN_POINT('',(0.,0.));
#11842 = VECTOR('',#11843,1.);
#11843 = DIRECTION('',(0.,1.));
#11844 = ( GEOMETRIC_REPRESENTATION_CONTEXT(2)
PARAMETRIC_REPRESENTATION_CONTEXT() REPRESENTATION_CONTEXT('2D SPACE',''
  ) );
#11845 = ORIENTED_EDGE('',*,*,#11846,.F.);
#11846 = EDGE_CURVE('',#11847,#11819,#11849,.T.);
#11847 = VERTEX_POINT('',#11848);
#11848 = CARTESIAN_POINT('',(3.2,-22.5,3.2));
#11849 = SURFACE_CURVE('',#11850,(#11854,#11861),.PCURVE_S1.);
#11850 = LINE('',#11851,#11852);
#11851 = CARTESIAN_POINT('',(3.2,-22.5,3.2));
#11852 = VECTOR('',#11853,1.);
#11853 = DIRECTION('',(0.,1.,0.));
#11854 = PCURVE('',#11649,#11855);
#11855 = DEFINITIONAL_REPRESENTATION('',(#11856),#11860);
#11856 = LINE('',#11857,#11858);
#11857 = CARTESIAN_POINT('',(18.45,10.5));
#11858 = VECTOR('',#11859,1.);
#11859 = DIRECTION('',(0.,1.));
#11860 = ( GEOMETRIC_REPRESENTATION_CONTEXT(2)
PARAMETRIC_REPRESENTATION_CONTEXT() REPRESENTATION_CONTEXT('2D SPACE',''
  ) );
#11861 = PCURVE('',#11862,#11867);
#11862 = PLANE('',#11863);
#11863 = AXIS2_PLACEMENT_3D('',#11864,#11865,#11866);
#11864 = CARTESIAN_POINT('',(3.2,-22.5,3.2));
#11865 = DIRECTION('',(1.,0.,0.));
#11866 = DIRECTION('',(0.,0.,1.));
#11867 = DEFINITIONAL_REPRESENTATION('',(#11868),#11872);
#11868 = LINE('',#11869,#11870);
#11869 = CARTESIAN_POINT('',(0.,0.));
#11870 = VECTOR('',#11871,1.);
#11871 = DIRECTION('',(0.,-1.));
#11872 = ( GEOMETRIC_REPRESENTATION_CONTEXT(2)
PARAMETRIC_REPRESENTATION_CONTEXT() REPRESENTATION_CONTEXT('2D SPACE',''
  ) );
#11873 = ORIENTED_EDGE('',*,*,#11874,.F.);
#11874 = EDGE_CURVE('',#11789,#11847,#11875,.T.);
#11875 = SURFACE_CURVE('',#11876,(#11880,#11887),.PCURVE_S1.);
#11876 = LINE('',#11877,#11878);
#11877 = CARTESIAN_POINT('',(-3.2,-22.5,3.2));
#11878 = VECTOR('',#11879,1.);
#11879 = DIRECTION('',(1.,0.,0.));
#11880 = PCURVE('',#11649,#11881);
#11881 = DEFINITIONAL_REPRESENTATION('',(#11882),#11886);
#11882 = LINE('',#11883,#11884);
#11883 = CARTESIAN_POINT('',(12.05,10.5));
#11884 = VECTOR('',#11885,1.);
#11885 = DIRECTION('',(1.,0.));
#11886 = ( GEOMETRIC_REPRESENTATION_CONTEXT(2)
PARAMETRIC_REPRESENTATION_CONTEXT() REPRESENTATION_CONTEXT('2D SPACE',''
  ) );
#11887 = PCURVE('',#11888,#11893);
#11888 = PLANE('',#11889);
#11889 = AXIS2_PLACEMENT_3D('',#11890,#11891,#11892);
#11890 = CARTESIAN_POINT('',(-3.2,-22.5,3.2));
#11891 = DIRECTION('',(0.,1.,0.));
#11892 = DIRECTION('',(0.,0.,1.));
#11893 = DEFINITIONAL_REPRESENTATION('',(#11894),#11898);
#11894 = LINE('',#11895,#11896);
#11895 = CARTESIAN_POINT('',(0.,0.));
#11896 = VECTOR('',#11897,1.);
#11897 = DIRECTION('',(0.,1.));
#11898 = ( GEOMETRIC_REPRESENTATION_CONTEXT(2)
PARAMETRIC_REPRESENTATION_CONTEXT() REPRESENTATION_CONTEXT('2D SPACE',''
  ) );
#11899 = ADVANCED_FACE('',(#11900),#11623,.T.);
#11900 = FACE_BOUND('',#11901,.T.);
#11901 = EDGE_LOOP('',(#11902,#11925,#11926,#11927));
#11902 = ORIENTED_EDGE('',*,*,#11903,.F.);
#11903 = EDGE_CURVE('',#11580,#11904,#11906,.T.);
#11904 = VERTEX_POINT('',#11905);
#11905 = CARTESIAN_POINT('',(15.25,33.,1.6));
#11906 = SURFACE_CURVE('',#11907,(#11911,#11918),.PCURVE_S1.);
#11907 = LINE('',#11908,#11909);
#11908 = CARTESIAN_POINT('',(-15.25,33.,1.6));
#11909 = VECTOR('',#11910,1.);
#11910 = DIRECTION('',(1.,0.,0.));
#11911 = PCURVE('',#11623,#11912);
#11912 = DEFINITIONAL_REPRESENTATION('',(#11913),#11917);
#11913 = LINE('',#11914,#11915);
#11914 = CARTESIAN_POINT('',(0.,0.));
#11915 = VECTOR('',#11916,1.);
#11916 = DIRECTION('',(0.,1.));
#11917 = ( GEOMETRIC_REPRESENTATION_CONTEXT(2)
PARAMETRIC_REPRESENTATION_CONTEXT() REPRESENTATION_CONTEXT('2D SPACE',''
  ) );
#11918 = PCURVE('',#11595,#11919);
#11919 = DEFINITIONAL_REPRESENTATION('',(#11920),#11924);
#11920 = LINE('',#11921,#11922);
#11921 = CARTESIAN_POINT('',(0.,66.));
#11922 = VECTOR('',#11923,1.);
#11923 = DIRECTION('',(1.,0.));
#11924 = ( GEOMETRIC_REPRESENTATION_CONTEXT(2)
PARAMETRIC_REPRESENTATION_CONTEXT() REPRESENTATION_CONTEXT('2D SPACE',''
  ) );
#11925 = ORIENTED_EDGE('',*,*,#11607,.T.);
#11926 = ORIENTED_EDGE('',*,*,#11765,.T.);
#11927 = ORIENTED_EDGE('',*,*,#11928,.F.);
#11928 = EDGE_CURVE('',#11904,#11743,#11929,.T.);
#11929 = SURFACE_CURVE('',#11930,(#11934,#11941),.PCURVE_S1.);
#11930 = LINE('',#11931,#11932);
#11931 = CARTESIAN_POINT('',(15.25,33.,1.6));
#11932 = VECTOR('',#11933,1.);
#11933 = DIRECTION('',(0.,0.,1.));
#11934 = PCURVE('',#11623,#11935);
#11935 = DEFINITIONAL_REPRESENTATION('',(#11936),#11940);
#11936 = LINE('',#11937,#11938);
#11937 = CARTESIAN_POINT('',(0.,30.5));
#11938 = VECTOR('',#11939,1.);
#11939 = DIRECTION('',(1.,0.));
#11940 = ( GEOMETRIC_REPRESENTATION_CONTEXT(2)
PARAMETRIC_REPRESENTATION_CONTEXT() REPRESENTATION_CONTEXT('2D SPACE',''
  ) );
#11941 = PCURVE('',#11725,#11942);
#11942 = DEFINITIONAL_REPRESENTATION('',(#11943),#11947);
#11943 = LINE('',#11944,#11945);
#11944 = CARTESIAN_POINT('',(0.,-66.));
#11945 = VECTOR('',#11946,1.);
#11946 = DIRECTION('',(1.,0.));
#11947 = ( GEOMETRIC_REPRESENTATION_CONTEXT(2)
PARAMETRIC_REPRESENTATION_CONTEXT() REPRESENTATION_CONTEXT('2D SPACE',''
  ) );
#11948 = ADVANCED_FACE('',(#11949),#11595,.F.);
#11949 = FACE_BOUND('',#11950,.F.);
#11950 = EDGE_LOOP('',(#11951,#11952,#11953,#11974));
#11951 = ORIENTED_EDGE('',*,*,#11579,.F.);
#11952 = ORIENTED_EDGE('',*,*,#11664,.T.);
#11953 = ORIENTED_EDGE('',*,*,#11954,.T.);
#11954 = EDGE_CURVE('',#11665,#11904,#11955,.T.);
#11955 = SURFACE_CURVE('',#11956,(#11960,#11967),.PCURVE_S1.);
#11956 = LINE('',#11957,#11958);
#11957 = CARTESIAN_POINT('',(15.25,-33.,1.6));
#11958 = VECTOR('',#11959,1.);
#11959 = DIRECTION('',(0.,1.,0.));
#11960 = PCURVE('',#11595,#11961);
#11961 = DEFINITIONAL_REPRESENTATION('',(#11962),#11966);
#11962 = LINE('',#11963,#11964);
#11963 = CARTESIAN_POINT('',(30.5,0.));
#11964 = VECTOR('',#11965,1.);
#11965 = DIRECTION('',(0.,1.));
#11966 = ( GEOMETRIC_REPRESENTATION_CONTEXT(2)
PARAMETRIC_REPRESENTATION_CONTEXT() REPRESENTATION_CONTEXT('2D SPACE',''
  ) );
#11967 = PCURVE('',#11725,#11968);
#11968 = DEFINITIONAL_REPRESENTATION('',(#11969),#11973);
#11969 = LINE('',#11970,#11971);
#11970 = CARTESIAN_POINT('',(0.,0.));
#11971 = VECTOR('',#11972,1.);
#11972 = DIRECTION('',(0.,-1.));
#11973 = ( GEOMETRIC_REPRESENTATION_CONTEXT(2)
PARAMETRIC_REPRESENTATION_CONTEXT() REPRESENTATION_CONTEXT('2D SPACE',''
  ) );
#11974 = ORIENTED_EDGE('',*,*,#11903,.F.);
#11975 = ADVANCED_FACE('',(#11976),#11725,.T.);
#11976 = FACE_BOUND('',#11977,.T.);
#11977 = EDGE_LOOP('',(#11978,#11979,#11980,#11981));
#11978 = ORIENTED_EDGE('',*,*,#11711,.F.);
#11979 = ORIENTED_EDGE('',*,*,#11954,.T.);
#11980 = ORIENTED_EDGE('',*,*,#11928,.T.);
#11981 = ORIENTED_EDGE('',*,*,#11742,.F.);
#11982 = ADVANCED_FACE('',(#11983),#11806,.F.);
#11983 = FACE_BOUND('',#11984,.F.);
#11984 = EDGE_LOOP('',(#11985,#12008,#12009,#12032));
#11985 = ORIENTED_EDGE('',*,*,#11986,.F.);
#11986 = EDGE_CURVE('',#11789,#11987,#11989,.T.);
#11987 = VERTEX_POINT('',#11988);
#11988 = CARTESIAN_POINT('',(-3.2,-22.5,5.));
#11989 = SURFACE_CURVE('',#11990,(#11994,#12001),.PCURVE_S1.);
#11990 = LINE('',#11991,#11992);
#11991 = CARTESIAN_POINT('',(-3.2,-22.5,3.2));
#11992 = VECTOR('',#11993,1.);
#11993 = DIRECTION('',(0.,0.,1.));
#11994 = PCURVE('',#11806,#11995);
#11995 = DEFINITIONAL_REPRESENTATION('',(#11996),#12000);
#11996 = LINE('',#11997,#11998);
#11997 = CARTESIAN_POINT('',(0.,0.));
#11998 = VECTOR('',#11999,1.);
#11999 = DIRECTION('',(1.,0.));
#12000 = ( GEOMETRIC_REPRESENTATION_CONTEXT(2)
PARAMETRIC_REPRESENTATION_CONTEXT() REPRESENTATION_CONTEXT('2D SPACE',''
  ) );
#12001 = PCURVE('',#11888,#12002);
#12002 = DEFINITIONAL_REPRESENTATION('',(#12003),#12007);
#12003 = LINE('',#12004,#12005);
#12004 = CARTESIAN_POINT('',(0.,0.));
#12005 = VECTOR('',#12006,1.);
#12006 = DIRECTION('',(1.,0.));
#12007 = ( GEOMETRIC_REPRESENTATION_CONTEXT(2)
PARAMETRIC_REPRESENTATION_CONTEXT() REPRESENTATION_CONTEXT('2D SPACE',''
  ) );
#12008 = ORIENTED_EDGE('',*,*,#11788,.T.);
#12009 = ORIENTED_EDGE('',*,*,#12010,.T.);
#12010 = EDGE_CURVE('',#11791,#12011,#12013,.T.);
#12011 = VERTEX_POINT('',#12012);
#12012 = CARTESIAN_POINT('',(-3.2,-19.5,5.));
#12013 = SURFACE_CURVE('',#12014,(#12018,#12025),.PCURVE_S1.);
#12014 = LINE('',#12015,#12016);
#12015 = CARTESIAN_POINT('',(-3.2,-19.5,3.2));
#12016 = VECTOR('',#12017,1.);
#12017 = DIRECTION('',(0.,0.,1.));
#12018 = PCURVE('',#11806,#12019);
#12019 = DEFINITIONAL_REPRESENTATION('',(#12020),#12024);
#12020 = LINE('',#12021,#12022);
#12021 = CARTESIAN_POINT('',(0.,-3.));
#12022 = VECTOR('',#12023,1.);
#12023 = DIRECTION('',(1.,0.));
#12024 = ( GEOMETRIC_REPRESENTATION_CONTEXT(2)
PARAMETRIC_REPRESENTATION_CONTEXT() REPRESENTATION_CONTEXT('2D SPACE',''
  ) );
#12025 = PCURVE('',#11834,#12026);
#12026 = DEFINITIONAL_REPRESENTATION('',(#12027),#12031);
#12027 = LINE('',#12028,#12029);
#12028 = CARTESIAN_POINT('',(0.,0.));
#12029 = VECTOR('',#12030,1.);
#12030 = DIRECTION('',(1.,0.));
#12031 = ( GEOMETRIC_REPRESENTATION_CONTEXT(2)
PARAMETRIC_REPRESENTATION_CONTEXT() REPRESENTATION_CONTEXT('2D SPACE',''
  ) );
#12032 = ORIENTED_EDGE('',*,*,#12033,.F.);
#12033 = EDGE_CURVE('',#11987,#12011,#12034,.T.);
#12034 = SURFACE_CURVE('',#12035,(#12039,#12046),.PCURVE_S1.);
#12035 = LINE('',#12036,#12037);
#12036 = CARTESIAN_POINT('',(-3.2,-22.5,5.));
#12037 = VECTOR('',#12038,1.);
#12038 = DIRECTION('',(0.,1.,0.));
#12039 = PCURVE('',#11806,#12040);
#12040 = DEFINITIONAL_REPRESENTATION('',(#12041),#12045);
#12041 = LINE('',#12042,#12043);
#12042 = CARTESIAN_POINT('',(1.8,0.));
#12043 = VECTOR('',#12044,1.);
#12044 = DIRECTION('',(0.,-1.));
#12045 = ( GEOMETRIC_REPRESENTATION_CONTEXT(2)
PARAMETRIC_REPRESENTATION_CONTEXT() REPRESENTATION_CONTEXT('2D SPACE',''
  ) );
#12046 = PCURVE('',#12047,#12052);
#12047 = PLANE('',#12048);
#12048 = AXIS2_PLACEMENT_3D('',#12049,#12050,#12051);
#12049 = CARTESIAN_POINT('',(-3.2,-22.5,5.));
#12050 = DIRECTION('',(0.,0.,1.));
#12051 = DIRECTION('',(1.,0.,0.));
#12052 = DEFINITIONAL_REPRESENTATION('',(#12053),#12057);
#12053 = LINE('',#12054,#12055);
#12054 = CARTESIAN_POINT('',(0.,0.));
#12055 = VECTOR('',#12056,1.);
#12056 = DIRECTION('',(0.,1.));
#12057 = ( GEOMETRIC_REPRESENTATION_CONTEXT(2)
PARAMETRIC_REPRESENTATION_CONTEXT() REPRESENTATION_CONTEXT('2D SPACE',''
  ) );
#12058 = ADVANCED_FACE('',(#12059),#11888,.F.);
#12059 = FACE_BOUND('',#12060,.F.);
#12060 = EDGE_LOOP('',(#12061,#12062,#12063,#12086));
#12061 = ORIENTED_EDGE('',*,*,#11874,.F.);
#12062 = ORIENTED_EDGE('',*,*,#11986,.T.);
#12063 = ORIENTED_EDGE('',*,*,#12064,.T.);
#12064 = EDGE_CURVE('',#11987,#12065,#12067,.T.);
#12065 = VERTEX_POINT('',#12066);
#12066 = CARTESIAN_POINT('',(3.2,-22.5,5.));
#12067 = SURFACE_CURVE('',#12068,(#12072,#12079),.PCURVE_S1.);
#12068 = LINE('',#12069,#12070);
#12069 = CARTESIAN_POINT('',(-3.2,-22.5,5.));
#12070 = VECTOR('',#12071,1.);
#12071 = DIRECTION('',(1.,0.,0.));
#12072 = PCURVE('',#11888,#12073);
#12073 = DEFINITIONAL_REPRESENTATION('',(#12074),#12078);
#12074 = LINE('',#12075,#12076);
#12075 = CARTESIAN_POINT('',(1.8,0.));
#12076 = VECTOR('',#12077,1.);
#12077 = DIRECTION('',(0.,1.));
#12078 = ( GEOMETRIC_REPRESENTATION_CONTEXT(2)
PARAMETRIC_REPRESENTATION_CONTEXT() REPRESENTATION_CONTEXT('2D SPACE',''
  ) );
#12079 = PCURVE('',#12047,#12080);
#12080 = DEFINITIONAL_REPRESENTATION('',(#12081),#12085);
#12081 = LINE('',#12082,#12083);
#12082 = CARTESIAN_POINT('',(0.,0.));
#12083 = VECTOR('',#12084,1.);
#12084 = DIRECTION('',(1.,0.));
#12085 = ( GEOMETRIC_REPRESENTATION_CONTEXT(2)
PARAMETRIC_REPRESENTATION_CONTEXT() REPRESENTATION_CONTEXT('2D SPACE',''
  ) );
#12086 = ORIENTED_EDGE('',*,*,#12087,.F.);
#12087 = EDGE_CURVE('',#11847,#12065,#12088,.T.);
#12088 = SURFACE_CURVE('',#12089,(#12093,#12100),.PCURVE_S1.);
#12089 = LINE('',#12090,#12091);
#12090 = CARTESIAN_POINT('',(3.2,-22.5,3.2));
#12091 = VECTOR('',#12092,1.);
#12092 = DIRECTION('',(0.,0.,1.));
#12093 = PCURVE('',#11888,#12094);
#12094 = DEFINITIONAL_REPRESENTATION('',(#12095),#12099);
#12095 = LINE('',#12096,#12097);
#12096 = CARTESIAN_POINT('',(0.,6.4));
#12097 = VECTOR('',#12098,1.);
#12098 = DIRECTION('',(1.,0.));
#12099 = ( GEOMETRIC_REPRESENTATION_CONTEXT(2)
PARAMETRIC_REPRESENTATION_CONTEXT() REPRESENTATION_CONTEXT('2D SPACE',''
  ) );
#12100 = PCURVE('',#11862,#12101);
#12101 = DEFINITIONAL_REPRESENTATION('',(#12102),#12106);
#12102 = LINE('',#12103,#12104);
#12103 = CARTESIAN_POINT('',(0.,0.));
#12104 = VECTOR('',#12105,1.);
#12105 = DIRECTION('',(1.,0.));
#12106 = ( GEOMETRIC_REPRESENTATION_CONTEXT(2)
PARAMETRIC_REPRESENTATION_CONTEXT() REPRESENTATION_CONTEXT('2D SPACE',''
  ) );
#12107 = ADVANCED_FACE('',(#12108),#11862,.T.);
#12108 = FACE_BOUND('',#12109,.T.);
#12109 = EDGE_LOOP('',(#12110,#12111,#12112,#12135));
#12110 = ORIENTED_EDGE('',*,*,#12087,.F.);
#12111 = ORIENTED_EDGE('',*,*,#11846,.T.);
#12112 = ORIENTED_EDGE('',*,*,#12113,.T.);
#12113 = EDGE_CURVE('',#11819,#12114,#12116,.T.);
#12114 = VERTEX_POINT('',#12115);
#12115 = CARTESIAN_POINT('',(3.2,-19.5,5.));
#12116 = SURFACE_CURVE('',#12117,(#12121,#12128),.PCURVE_S1.);
#12117 = LINE('',#12118,#12119);
#12118 = CARTESIAN_POINT('',(3.2,-19.5,3.2));
#12119 = VECTOR('',#12120,1.);
#12120 = DIRECTION('',(0.,0.,1.));
#12121 = PCURVE('',#11862,#12122);
#12122 = DEFINITIONAL_REPRESENTATION('',(#12123),#12127);
#12123 = LINE('',#12124,#12125);
#12124 = CARTESIAN_POINT('',(0.,-3.));
#12125 = VECTOR('',#12126,1.);
#12126 = DIRECTION('',(1.,0.));
#12127 = ( GEOMETRIC_REPRESENTATION_CONTEXT(2)
PARAMETRIC_REPRESENTATION_CONTEXT() REPRESENTATION_CONTEXT('2D SPACE',''
  ) );
#12128 = PCURVE('',#11834,#12129);
#12129 = DEFINITIONAL_REPRESENTATION('',(#12130),#12134);
#12130 = LINE('',#12131,#12132);
#12131 = CARTESIAN_POINT('',(0.,6.4));
#12132 = VECTOR('',#12133,1.);
#12133 = DIRECTION('',(1.,0.));
#12134 = ( GEOMETRIC_REPRESENTATION_CONTEXT(2)
PARAMETRIC_REPRESENTATION_CONTEXT() REPRESENTATION_CONTEXT('2D SPACE',''
  ) );
#12135 = ORIENTED_EDGE('',*,*,#12136,.F.);
#12136 = EDGE_CURVE('',#12065,#12114,#12137,.T.);
#12137 = SURFACE_CURVE('',#12138,(#12142,#12149),.PCURVE_S1.);
#12138 = LINE('',#12139,#12140);
#12139 = CARTESIAN_POINT('',(3.2,-22.5,5.));
#12140 = VECTOR('',#12141,1.);
#12141 = DIRECTION('',(0.,1.,0.));
#12142 = PCURVE('',#11862,#12143);
#12143 = DEFINITIONAL_REPRESENTATION('',(#12144),#12148);
#12144 = LINE('',#12145,#12146);
#12145 = CARTESIAN_POINT('',(1.8,0.));
#12146 = VECTOR('',#12147,1.);
#12147 = DIRECTION('',(0.,-1.));
#12148 = ( GEOMETRIC_REPRESENTATION_CONTEXT(2)
PARAMETRIC_REPRESENTATION_CONTEXT() REPRESENTATION_CONTEXT('2D SPACE',''
  ) );
#12149 = PCURVE('',#12047,#12150);
#12150 = DEFINITIONAL_REPRESENTATION('',(#12151),#12155);
#12151 = LINE('',#12152,#12153);
#12152 = CARTESIAN_POINT('',(6.4,0.));
#12153 = VECTOR('',#12154,1.);
#12154 = DIRECTION('',(0.,1.));
#12155 = ( GEOMETRIC_REPRESENTATION_CONTEXT(2)
PARAMETRIC_REPRESENTATION_CONTEXT() REPRESENTATION_CONTEXT('2D SPACE',''
  ) );
#12156 = ADVANCED_FACE('',(#12157),#11834,.T.);
#12157 = FACE_BOUND('',#12158,.T.);
#12158 = EDGE_LOOP('',(#12159,#12160,#12161,#12182));
#12159 = ORIENTED_EDGE('',*,*,#11818,.F.);
#12160 = ORIENTED_EDGE('',*,*,#12010,.T.);
#12161 = ORIENTED_EDGE('',*,*,#12162,.T.);
#12162 = EDGE_CURVE('',#12011,#12114,#12163,.T.);
#12163 = SURFACE_CURVE('',#12164,(#12168,#12175),.PCURVE_S1.);
#12164 = LINE('',#12165,#12166);
#12165 = CARTESIAN_POINT('',(-3.2,-19.5,5.));
#12166 = VECTOR('',#12167,1.);
#12167 = DIRECTION('',(1.,0.,0.));
#12168 = PCURVE('',#11834,#12169);
#12169 = DEFINITIONAL_REPRESENTATION('',(#12170),#12174);
#12170 = LINE('',#12171,#12172);
#12171 = CARTESIAN_POINT('',(1.8,0.));
#12172 = VECTOR('',#12173,1.);
#12173 = DIRECTION('',(0.,1.));
#12174 = ( GEOMETRIC_REPRESENTATION_CONTEXT(2)
PARAMETRIC_REPRESENTATION_CONTEXT() REPRESENTATION_CONTEXT('2D SPACE',''
  ) );
#12175 = PCURVE('',#12047,#12176);
#12176 = DEFINITIONAL_REPRESENTATION('',(#12177),#12181);
#12177 = LINE('',#12178,#12179);
#12178 = CARTESIAN_POINT('',(0.,3.));
#12179 = VECTOR('',#12180,1.);
#12180 = DIRECTION('',(1.,0.));
#12181 = ( GEOMETRIC_REPRESENTATION_CONTEXT(2)
PARAMETRIC_REPRESENTATION_CONTEXT() REPRESENTATION_CONTEXT('2D SPACE',''
  ) );
#12182 = ORIENTED_EDGE('',*,*,#12113,.F.);
#12183 = ADVANCED_FACE('',(#12184),#12047,.T.);
#12184 = FACE_BOUND('',#12185,.T.);
#12185 = EDGE_LOOP('',(#12186,#12187,#12188,#12189));
#12186 = ORIENTED_EDGE('',*,*,#12033,.F.);
#12187 = ORIENTED_EDGE('',*,*,#12064,.T.);
#12188 = ORIENTED_EDGE('',*,*,#12136,.T.);
#12189 = ORIENTED_EDGE('',*,*,#12162,.F.);
#12190 = ( GEOMETRIC_REPRESENTATION_CONTEXT(3)
GLOBAL_UNCERTAINTY_ASSIGNED_CONTEXT((#12194))
GLOBAL_UNIT_ASSIGNED_CONTEXT((#12191,#12192,#12193))
REPRESENTATION_CONTEXT('Context #1',
  '3D Context with UNIT and UNCERTAINTY') );
#12191 = ( LENGTH_UNIT() NAMED_UNIT(*) SI_UNIT(.MILLI.,.METRE.) );
#12192 = ( NAMED_UNIT(*) PLANE_ANGLE_UNIT() SI_UNIT($,.RADIAN.) );
#12193 = ( NAMED_UNIT(*) SI_UNIT($,.STERADIAN.) SOLID_ANGLE_UNIT() );
#12194 = UNCERTAINTY_MEASURE_WITH_UNIT(LENGTH_MEASURE(1.E-07),#12191,
  'distance_accuracy_value','confusion accuracy');
#12195 = CONTEXT_DEPENDENT_SHAPE_REPRESENTATION(#12196,#12198);
#12196 = ( REPRESENTATION_RELATIONSHIP('','',#11537,#11514)
REPRESENTATION_RELATIONSHIP_WITH_TRANSFORMATION(#12197)
SHAPE_REPRESENTATION_RELATIONSHIP() );
#12197 = ITEM_DEFINED_TRANSFORMATION('','',#11,#11515);
#12198 = PRODUCT_DEFINITION_SHAPE('Placement','Placement of an item',
  #12199);
#12199 = NEXT_ASSEMBLY_USAGE_OCCURRENCE('7','','',#11509,#11532,$);
#12200 = PRODUCT_RELATED_PRODUCT_CATEGORY('part',$,(#11534));
#12201 = MECHANICAL_DESIGN_GEOMETRIC_PRESENTATION_REPRESENTATION('',(
    #12202),#11496);
#12202 = STYLED_ITEM('color',(#12203),#6218);
#12203 = PRESENTATION_STYLE_ASSIGNMENT((#12204));
#12204 = SURFACE_STYLE_USAGE(.BOTH.,#12205);
#12205 = SURFACE_SIDE_STYLE('',(#12206,#12210));
#12206 = SURFACE_STYLE_FILL_AREA(#12207);
#12207 = FILL_AREA_STYLE('',(#12208));
#12208 = FILL_AREA_STYLE_COLOUR('',#12209);
#12209 = COLOUR_RGB('',0.767375665483,0.930924556504,1.);
#12210 = SURFACE_STYLE_RENDERING_WITH_PROPERTIES(.NORMAL_SHADING.,#12209
  ,(#12211));
#12211 = SURFACE_STYLE_TRANSPARENT(0.550000011921);
#12212 = MECHANICAL_DESIGN_GEOMETRIC_PRESENTATION_REPRESENTATION('',(
    #12213,#12223),#6176);
#12213 = STYLED_ITEM('color',(#12214),#87);
#12214 = PRESENTATION_STYLE_ASSIGNMENT((#12215));
#12215 = SURFACE_STYLE_USAGE(.BOTH.,#12216);
#12216 = SURFACE_SIDE_STYLE('',(#12217,#12221));
#12217 = SURFACE_STYLE_FILL_AREA(#12218);
#12218 = FILL_AREA_STYLE('',(#12219));
#12219 = FILL_AREA_STYLE_COLOUR('',#12220);
#12220 = COLOUR_RGB('',0.,0.767375665483,0.977691556689);
#12221 = SURFACE_STYLE_RENDERING_WITH_PROPERTIES(.NORMAL_SHADING.,#12220
  ,(#12222));
#12222 = SURFACE_STYLE_TRANSPARENT(0.449999988079);
#12223 = STYLED_ITEM('color',(#12224),#5846);
#12224 = PRESENTATION_STYLE_ASSIGNMENT((#12225));
#12225 = SURFACE_STYLE_USAGE(.BOTH.,#12226);
#12226 = SURFACE_SIDE_STYLE('',(#12227,#12230));
#12227 = SURFACE_STYLE_FILL_AREA(#12228);
#12228 = FILL_AREA_STYLE('',(#12229));
#12229 = FILL_AREA_STYLE_COLOUR('',#12220);
#12230 = SURFACE_STYLE_RENDERING_WITH_PROPERTIES(.NORMAL_SHADING.,#12220
  ,(#12231));
#12231 = SURFACE_STYLE_TRANSPARENT(0.449999988079);
#12232 = MECHANICAL_DESIGN_GEOMETRIC_PRESENTATION_REPRESENTATION('',(
    #12233),#12190);
#12233 = STYLED_ITEM('color',(#12234),#11538);
#12234 = PRESENTATION_STYLE_ASSIGNMENT((#12235));
#12235 = SURFACE_STYLE_USAGE(.BOTH.,#12236);
#12236 = SURFACE_SIDE_STYLE('',(#12237,#12241));
#12237 = SURFACE_STYLE_FILL_AREA(#12238);
#12238 = FILL_AREA_STYLE('',(#12239));
#12239 = FILL_AREA_STYLE_COLOUR('',#12240);
#12240 = COLOUR_RGB('',0.,0.484529207832,0.930924556504);
#12241 = SURFACE_STYLE_RENDERING_WITH_PROPERTIES(.NORMAL_SHADING.,#12240
  ,(#12242));
#12242 = SURFACE_STYLE_TRANSPARENT(0.65000000596);
ENDSEC;
END-ISO-10303-21;
